{
 "builder": {
  "_version": "<undefined>",
  "_logger": "hdl_checker.builders.fallback",
  "_work_folder": "/home/zww/Documents/College/2022SP/HDL/HdlMicroProcessor/HdlMicroProcessor.srcs/sim/pipeline/stages/execute/alu_input_mux/.hdl_checker",
  "_builtin_libraries": [],
  "_added_libraries": [
   {
    "name": "default_library",
    "case_sensitive": false,
    "__class__": "Identifier"
   },
   {
    "name": "not_in_project",
    "case_sensitive": true,
    "__class__": "Identifier"
   }
  ],
  "__class__": "Fallback"
 },
 "config_file": [
  {
   "name": "/tmp/hdl_checker_project_pid679760.json",
   "__class__": "Path"
  },
  1645230419.685746,
  "generated"
 ],
 "database": {
  "sources": [
   {
    "path": {
     "name": "/home/zww/Documents/College/2022SP/HDL/HdlMicroProcessor/HdlMicroProcessor.srcs/sim/pipeline/stages/execute/alu_input_mux/alu_input_mux.v",
     "__class__": "Path"
    },
    "mtime": 1645153650.7679422,
    "flags": {
     "source_specific": [],
     "single": [],
     "dependencies": []
    },
    "dependencies": [],
    "diags": []
   }
  ],
  "inferred_libraries": [
   {
    "name": "/tmp/nvimFBQ9ZC/tmp_sgm2n5e.v",
    "__class__": "Path"
   },
   {
    "name": "/tmp/nvimFBQ9ZC/tmpatqtd2ru.v",
    "__class__": "Path"
   },
   {
    "name": "/tmp/nvimFBQ9ZC/tmpnxxmrw55.v",
    "__class__": "Path"
   },
   {
    "name": "/tmp/nvimFBQ9ZC/tmp1n2t5q0c.v",
    "__class__": "Path"
   },
   {
    "name": "/tmp/nvimFBQ9ZC/tmpgun_rk7_.v",
    "__class__": "Path"
   },
   {
    "name": "/tmp/nvimFBQ9ZC/tmpybxe9sb4.v",
    "__class__": "Path"
   },
   {
    "name": "/tmp/nvimFBQ9ZC/tmp1hpbejds.v",
    "__class__": "Path"
   },
   {
    "name": "/tmp/nvimFBQ9ZC/tmpy2grkaem.v",
    "__class__": "Path"
   },
   {
    "name": "/tmp/nvimFBQ9ZC/tmpmd7um75_.v",
    "__class__": "Path"
   },
   {
    "name": "/tmp/nvimFBQ9ZC/tmpwc4ky0h8.v",
    "__class__": "Path"
   },
   {
    "name": "/tmp/nvimFBQ9ZC/tmp44m2v7fw.v",
    "__class__": "Path"
   },
   {
    "name": "/tmp/nvimFBQ9ZC/tmppi83pohn.v",
    "__class__": "Path"
   },
   {
    "name": "/tmp/nvimFBQ9ZC/tmp6oz5skkv.v",
    "__class__": "Path"
   },
   {
    "name": "/tmp/nvimFBQ9ZC/tmpesowbs2s.v",
    "__class__": "Path"
   },
   {
    "name": "/tmp/nvimFBQ9ZC/tmpqdxl13vn.v",
    "__class__": "Path"
   },
   {
    "name": "/tmp/nvimFBQ9ZC/tmpz6sklgcn.v",
    "__class__": "Path"
   },
   {
    "name": "/tmp/nvimFBQ9ZC/tmpmzyl5n_b.v",
    "__class__": "Path"
   },
   {
    "name": "/tmp/nvimFBQ9ZC/tmphyvv4eqg.v",
    "__class__": "Path"
   },
   {
    "name": "/tmp/nvimFBQ9ZC/tmp6tj1cna4.v",
    "__class__": "Path"
   },
   {
    "name": "/tmp/nvimFBQ9ZC/tmpa9x521dg.v",
    "__class__": "Path"
   },
   {
    "name": "/tmp/nvimFBQ9ZC/tmp0cb1uwyf.v",
    "__class__": "Path"
   },
   {
    "name": "/tmp/nvimFBQ9ZC/tmpucfakt3u.v",
    "__class__": "Path"
   },
   {
    "name": "/tmp/nvimFBQ9ZC/tmp0qb0f53v.v",
    "__class__": "Path"
   },
   {
    "name": "/tmp/nvimFBQ9ZC/tmpedag7lvc.v",
    "__class__": "Path"
   },
   {
    "name": "/tmp/nvimFBQ9ZC/tmpjcyt3uum.v",
    "__class__": "Path"
   },
   {
    "name": "/tmp/nvimFBQ9ZC/tmpi5lqsneg.v",
    "__class__": "Path"
   },
   {
    "name": "/tmp/nvimFBQ9ZC/tmp6g2r_2q_.v",
    "__class__": "Path"
   },
   {
    "name": "/tmp/nvimFBQ9ZC/tmp_7d49kfg.v",
    "__class__": "Path"
   },
   {
    "name": "/tmp/nvimFBQ9ZC/tmp_22a075x.v",
    "__class__": "Path"
   },
   {
    "name": "/tmp/nvimFBQ9ZC/tmpsua5yajr.v",
    "__class__": "Path"
   },
   {
    "name": "/tmp/nvimFBQ9ZC/tmpq0xkviwu.v",
    "__class__": "Path"
   },
   {
    "name": "/tmp/nvimFBQ9ZC/tmp1byx_jhv.v",
    "__class__": "Path"
   },
   {
    "name": "/tmp/nvimFBQ9ZC/tmp8odme16k.v",
    "__class__": "Path"
   },
   {
    "name": "/tmp/nvimFBQ9ZC/tmp3aiysijs.v",
    "__class__": "Path"
   },
   {
    "name": "/tmp/nvimFBQ9ZC/tmpo2ab9xoh.v",
    "__class__": "Path"
   },
   {
    "name": "/tmp/nvimFBQ9ZC/tmpaaf1zl5_.v",
    "__class__": "Path"
   },
   {
    "name": "/tmp/nvimFBQ9ZC/tmpkox6zrw9.v",
    "__class__": "Path"
   },
   {
    "name": "/tmp/nvimFBQ9ZC/tmppexo5ldg.v",
    "__class__": "Path"
   },
   {
    "name": "/tmp/nvimFBQ9ZC/tmp7eq61ck0.v",
    "__class__": "Path"
   },
   {
    "name": "/tmp/nvimFBQ9ZC/tmp84jgeidj.v",
    "__class__": "Path"
   },
   {
    "name": "/tmp/nvimFBQ9ZC/tmpjoco6j5u.v",
    "__class__": "Path"
   },
   {
    "name": "/tmp/nvimFBQ9ZC/tmpnw996k2c.v",
    "__class__": "Path"
   },
   {
    "name": "/tmp/nvimFBQ9ZC/tmp4bw8ix4c.v",
    "__class__": "Path"
   },
   {
    "name": "/tmp/nvimFBQ9ZC/tmpsg0w_w9p.v",
    "__class__": "Path"
   },
   {
    "name": "/tmp/nvimFBQ9ZC/tmpyv71uauz.v",
    "__class__": "Path"
   },
   {
    "name": "/tmp/nvimFBQ9ZC/tmpwnot7a6h.v",
    "__class__": "Path"
   },
   {
    "name": "/tmp/nvimFBQ9ZC/tmpa_xq5248.v",
    "__class__": "Path"
   },
   {
    "name": "/tmp/nvimFBQ9ZC/tmptrkd6eau.v",
    "__class__": "Path"
   },
   {
    "name": "/tmp/nvimFBQ9ZC/tmp90dl4m98.v",
    "__class__": "Path"
   },
   {
    "name": "/tmp/nvimFBQ9ZC/tmpqb654dzo.v",
    "__class__": "Path"
   },
   {
    "name": "/tmp/nvimFBQ9ZC/tmpg1vr096w.v",
    "__class__": "Path"
   },
   {
    "name": "/tmp/nvimFBQ9ZC/tmplulsa17c.v",
    "__class__": "Path"
   },
   {
    "name": "/tmp/nvimFBQ9ZC/tmplhqhjc0o.v",
    "__class__": "Path"
   },
   {
    "name": "/tmp/nvimFBQ9ZC/tmpnqcxjgn7.v",
    "__class__": "Path"
   },
   {
    "name": "/tmp/nvimFBQ9ZC/tmpnjohmt46.v",
    "__class__": "Path"
   },
   {
    "name": "/tmp/nvimFBQ9ZC/tmppbbvodc_.v",
    "__class__": "Path"
   },
   {
    "name": "/tmp/nvimFBQ9ZC/tmph7lnxhcl.v",
    "__class__": "Path"
   },
   {
    "name": "/tmp/nvimFBQ9ZC/tmp85h5spqs.v",
    "__class__": "Path"
   },
   {
    "name": "/tmp/nvimFBQ9ZC/tmpt7jv20px.v",
    "__class__": "Path"
   },
   {
    "name": "/tmp/nvimFBQ9ZC/tmput3ykf0j.v",
    "__class__": "Path"
   },
   {
    "name": "/tmp/nvimFBQ9ZC/tmpcjwm1sm2.v",
    "__class__": "Path"
   },
   {
    "name": "/tmp/nvimFBQ9ZC/tmpn3kmi7yu.v",
    "__class__": "Path"
   },
   {
    "name": "/tmp/nvimFBQ9ZC/tmpuwtmfy76.v",
    "__class__": "Path"
   },
   {
    "name": "/tmp/nvimFBQ9ZC/tmpad7yrchy.v",
    "__class__": "Path"
   },
   {
    "name": "/tmp/nvimFBQ9ZC/tmpiv8eva3a.v",
    "__class__": "Path"
   },
   {
    "name": "/tmp/nvimFBQ9ZC/tmphnp0drt9.v",
    "__class__": "Path"
   },
   {
    "name": "/tmp/nvimFBQ9ZC/tmp8jgptiz4.v",
    "__class__": "Path"
   },
   {
    "name": "/tmp/nvimFBQ9ZC/tmp1beu06h6.v",
    "__class__": "Path"
   },
   {
    "name": "/tmp/nvimFBQ9ZC/tmpwpxc9iz0.v",
    "__class__": "Path"
   },
   {
    "name": "/tmp/nvimFBQ9ZC/tmpizsxutty.v",
    "__class__": "Path"
   },
   {
    "name": "/tmp/nvimFBQ9ZC/tmp7rhwajwj.v",
    "__class__": "Path"
   },
   {
    "name": "/tmp/nvimFBQ9ZC/tmpcr7_1163.v",
    "__class__": "Path"
   },
   {
    "name": "/tmp/nvimFBQ9ZC/tmpou8kaxon.v",
    "__class__": "Path"
   },
   {
    "name": "/tmp/nvimFBQ9ZC/tmpoh20ky55.v",
    "__class__": "Path"
   },
   {
    "name": "/tmp/nvimFBQ9ZC/tmpi3e86ya5.v",
    "__class__": "Path"
   },
   {
    "name": "/tmp/nvimFBQ9ZC/tmpgx1yn3a1.v",
    "__class__": "Path"
   },
   {
    "name": "/tmp/nvimFBQ9ZC/tmp0woasbbx.v",
    "__class__": "Path"
   },
   {
    "name": "/tmp/nvimFBQ9ZC/tmp5i1mpljc.v",
    "__class__": "Path"
   },
   {
    "name": "/tmp/nvimFBQ9ZC/tmplf_1r9eg.v",
    "__class__": "Path"
   },
   {
    "name": "/tmp/nvimFBQ9ZC/tmp3hlqnc19.v",
    "__class__": "Path"
   },
   {
    "name": "/tmp/nvimFBQ9ZC/tmpzam3n__c.v",
    "__class__": "Path"
   },
   {
    "name": "/tmp/nvimFBQ9ZC/tmp2jlmimn8.v",
    "__class__": "Path"
   },
   {
    "name": "/tmp/nvimFBQ9ZC/tmpltyhhvyb.v",
    "__class__": "Path"
   },
   {
    "name": "/tmp/nvimFBQ9ZC/tmpv8o_y79r.v",
    "__class__": "Path"
   },
   {
    "name": "/tmp/nvimFBQ9ZC/tmp7vhpyrwl.v",
    "__class__": "Path"
   },
   {
    "name": "/tmp/nvimFBQ9ZC/tmp_u61h203.v",
    "__class__": "Path"
   },
   {
    "name": "/tmp/nvimFBQ9ZC/tmpd8yxks4k.v",
    "__class__": "Path"
   },
   {
    "name": "/tmp/nvimFBQ9ZC/tmp4kxe9xx_.v",
    "__class__": "Path"
   },
   {
    "name": "/tmp/nvimFBQ9ZC/tmp_k78n_45.v",
    "__class__": "Path"
   },
   {
    "name": "/tmp/nvimFBQ9ZC/tmp8kjdxs4j.v",
    "__class__": "Path"
   },
   {
    "name": "/tmp/nvimFBQ9ZC/tmpk_7su1e1.v",
    "__class__": "Path"
   },
   {
    "name": "/tmp/nvimFBQ9ZC/tmp86yn7jty.v",
    "__class__": "Path"
   },
   {
    "name": "/tmp/nvimFBQ9ZC/tmpzcf4xbm8.v",
    "__class__": "Path"
   },
   {
    "name": "/tmp/nvimFBQ9ZC/tmpt5hjp4vc.v",
    "__class__": "Path"
   },
   {
    "name": "/tmp/nvimFBQ9ZC/tmpra7_s0yn.v",
    "__class__": "Path"
   },
   {
    "name": "/tmp/nvimFBQ9ZC/tmp7ll4t5g9.v",
    "__class__": "Path"
   },
   {
    "name": "/tmp/nvimFBQ9ZC/tmpmfidt1j5.v",
    "__class__": "Path"
   },
   {
    "name": "/tmp/nvimFBQ9ZC/tmpgzjrdtp2.v",
    "__class__": "Path"
   },
   {
    "name": "/tmp/nvimFBQ9ZC/tmphlei9i5v.v",
    "__class__": "Path"
   },
   {
    "name": "/tmp/nvimFBQ9ZC/tmpgh_8mo5m.v",
    "__class__": "Path"
   },
   {
    "name": "/tmp/nvimFBQ9ZC/tmpi4uzguz6.v",
    "__class__": "Path"
   },
   {
    "name": "/tmp/nvimFBQ9ZC/tmpsx62la1p.v",
    "__class__": "Path"
   },
   {
    "name": "/tmp/nvimFBQ9ZC/tmpyvidmfh_.v",
    "__class__": "Path"
   },
   {
    "name": "/tmp/nvimFBQ9ZC/tmpncwxomvu.v",
    "__class__": "Path"
   },
   {
    "name": "/tmp/nvimFBQ9ZC/tmpzjm8j9t4.v",
    "__class__": "Path"
   },
   {
    "name": "/tmp/nvimFBQ9ZC/tmpae4mxct1.v",
    "__class__": "Path"
   },
   {
    "name": "/tmp/nvimFBQ9ZC/tmpti06wmck.v",
    "__class__": "Path"
   },
   {
    "name": "/tmp/nvimFBQ9ZC/tmpa9161g0i.v",
    "__class__": "Path"
   },
   {
    "name": "/tmp/nvimFBQ9ZC/tmpsdtstvci.v",
    "__class__": "Path"
   },
   {
    "name": "/tmp/nvimFBQ9ZC/tmpwcu1stu7.v",
    "__class__": "Path"
   },
   {
    "name": "/tmp/nvimFBQ9ZC/tmp3wkkya9s.v",
    "__class__": "Path"
   },
   {
    "name": "/tmp/nvimFBQ9ZC/tmpukiaxqwj.v",
    "__class__": "Path"
   },
   {
    "name": "/tmp/nvimFBQ9ZC/tmpelq3n_ku.v",
    "__class__": "Path"
   },
   {
    "name": "/tmp/nvimFBQ9ZC/tmp_ttkah4t.v",
    "__class__": "Path"
   },
   {
    "name": "/tmp/nvimFBQ9ZC/tmp8_8sj3fc.v",
    "__class__": "Path"
   },
   {
    "name": "/tmp/nvimFBQ9ZC/tmpebklizu0.v",
    "__class__": "Path"
   },
   {
    "name": "/tmp/nvimFBQ9ZC/tmpvm0un0v3.v",
    "__class__": "Path"
   },
   {
    "name": "/tmp/nvimFBQ9ZC/tmp7iaaf5fy.v",
    "__class__": "Path"
   },
   {
    "name": "/tmp/nvimFBQ9ZC/tmpjij0mr8d.v",
    "__class__": "Path"
   },
   {
    "name": "/tmp/nvimFBQ9ZC/tmp9o7du092.v",
    "__class__": "Path"
   },
   {
    "name": "/tmp/nvimFBQ9ZC/tmp4t21y_98.v",
    "__class__": "Path"
   },
   {
    "name": "/tmp/nvimFBQ9ZC/tmp_tvxnsow.v",
    "__class__": "Path"
   },
   {
    "name": "/tmp/nvimFBQ9ZC/tmpwm4cp4_b.v",
    "__class__": "Path"
   },
   {
    "name": "/tmp/nvimFBQ9ZC/tmpkoqtspr6.v",
    "__class__": "Path"
   },
   {
    "name": "/tmp/nvimFBQ9ZC/tmppkipc8vo.v",
    "__class__": "Path"
   },
   {
    "name": "/tmp/nvimFBQ9ZC/tmpq1hv4tkm.v",
    "__class__": "Path"
   },
   {
    "name": "/tmp/nvimFBQ9ZC/tmpmijggp63.v",
    "__class__": "Path"
   },
   {
    "name": "/tmp/nvimFBQ9ZC/tmp3u5f3yu2.v",
    "__class__": "Path"
   },
   {
    "name": "/tmp/nvimFBQ9ZC/tmpa__1qd83.v",
    "__class__": "Path"
   },
   {
    "name": "/tmp/nvimFBQ9ZC/tmp0eijrcve.v",
    "__class__": "Path"
   },
   {
    "name": "/tmp/nvimFBQ9ZC/tmp7bj2gou8.v",
    "__class__": "Path"
   },
   {
    "name": "/tmp/nvimFBQ9ZC/tmpzmkm3pnx.v",
    "__class__": "Path"
   },
   {
    "name": "/tmp/nvimFBQ9ZC/tmp1p2cid3t.v",
    "__class__": "Path"
   },
   {
    "name": "/tmp/nvimFBQ9ZC/tmpoze6ee5v.v",
    "__class__": "Path"
   },
   {
    "name": "/tmp/nvimFBQ9ZC/tmpbuj5rj22.v",
    "__class__": "Path"
   },
   {
    "name": "/tmp/nvimFBQ9ZC/tmpqasyjl6a.v",
    "__class__": "Path"
   },
   {
    "name": "/tmp/nvimFBQ9ZC/tmpc5y94hfu.v",
    "__class__": "Path"
   },
   {
    "name": "/tmp/nvimFBQ9ZC/tmp2pvbzhrg.v",
    "__class__": "Path"
   },
   {
    "name": "/tmp/nvimFBQ9ZC/tmpxawu0tin.v",
    "__class__": "Path"
   },
   {
    "name": "/tmp/nvimFBQ9ZC/tmpfliycuc0.v",
    "__class__": "Path"
   },
   {
    "name": "/tmp/nvimFBQ9ZC/tmpjnt8us77.v",
    "__class__": "Path"
   },
   {
    "name": "/tmp/nvimFBQ9ZC/tmpfeftpr8o.v",
    "__class__": "Path"
   },
   {
    "name": "/tmp/nvimFBQ9ZC/tmp66skr4u_.v",
    "__class__": "Path"
   },
   {
    "name": "/tmp/nvimFBQ9ZC/tmpectputtw.v",
    "__class__": "Path"
   },
   {
    "name": "/tmp/nvimFBQ9ZC/tmp53t5d8q9.v",
    "__class__": "Path"
   },
   {
    "name": "/tmp/nvimFBQ9ZC/tmpvsnzi4rg.v",
    "__class__": "Path"
   },
   {
    "name": "/tmp/nvimFBQ9ZC/tmp4jw21tck.v",
    "__class__": "Path"
   },
   {
    "name": "/tmp/nvimFBQ9ZC/tmpj_rru8n8.v",
    "__class__": "Path"
   },
   {
    "name": "/tmp/nvimFBQ9ZC/tmpt7db4fkm.v",
    "__class__": "Path"
   },
   {
    "name": "/tmp/nvimFBQ9ZC/tmph3gual42.v",
    "__class__": "Path"
   },
   {
    "name": "/tmp/nvimFBQ9ZC/tmpmh_1sz7f.v",
    "__class__": "Path"
   },
   {
    "name": "/tmp/nvimFBQ9ZC/tmpbf7jmmed.v",
    "__class__": "Path"
   },
   {
    "name": "/tmp/nvimFBQ9ZC/tmpr57ibnu3.v",
    "__class__": "Path"
   },
   {
    "name": "/tmp/nvimFBQ9ZC/tmp6jkj6vxz.v",
    "__class__": "Path"
   },
   {
    "name": "/tmp/nvimFBQ9ZC/tmpsd_jtkpb.v",
    "__class__": "Path"
   },
   {
    "name": "/tmp/nvimFBQ9ZC/tmp7elvus66.v",
    "__class__": "Path"
   },
   {
    "name": "/tmp/nvimFBQ9ZC/tmpe5utvkw3.v",
    "__class__": "Path"
   },
   {
    "name": "/tmp/nvimFBQ9ZC/tmp0trwfe92.v",
    "__class__": "Path"
   },
   {
    "name": "/tmp/nvimFBQ9ZC/tmp9xn9wxsf.v",
    "__class__": "Path"
   },
   {
    "name": "/tmp/nvimFBQ9ZC/tmprw67bctl.v",
    "__class__": "Path"
   },
   {
    "name": "/tmp/nvimFBQ9ZC/tmp7boq4hf_.v",
    "__class__": "Path"
   },
   {
    "name": "/tmp/nvimFBQ9ZC/tmpl5zbyw2g.v",
    "__class__": "Path"
   },
   {
    "name": "/tmp/nvimFBQ9ZC/tmp8vpu_orx.v",
    "__class__": "Path"
   },
   {
    "name": "/tmp/nvimFBQ9ZC/tmpzfdcx06w.v",
    "__class__": "Path"
   },
   {
    "name": "/tmp/nvimFBQ9ZC/tmp612cvtq8.v",
    "__class__": "Path"
   },
   {
    "name": "/tmp/nvimFBQ9ZC/tmpfchmobbi.v",
    "__class__": "Path"
   },
   {
    "name": "/tmp/nvimFBQ9ZC/tmpbzv4x9qn.v",
    "__class__": "Path"
   },
   {
    "name": "/tmp/nvimFBQ9ZC/tmpr8tu93r2.v",
    "__class__": "Path"
   },
   {
    "name": "/tmp/nvimFBQ9ZC/tmp0qfn2kws.v",
    "__class__": "Path"
   },
   {
    "name": "/tmp/nvimFBQ9ZC/tmpgr1do_xk.v",
    "__class__": "Path"
   },
   {
    "name": "/tmp/nvimFBQ9ZC/tmpghz2fe6t.v",
    "__class__": "Path"
   },
   {
    "name": "/tmp/nvimFBQ9ZC/tmp_taytksi.v",
    "__class__": "Path"
   },
   {
    "name": "/tmp/nvimFBQ9ZC/tmpzs38o59l.v",
    "__class__": "Path"
   },
   {
    "name": "/tmp/nvimFBQ9ZC/tmp5g6p1yjb.v",
    "__class__": "Path"
   },
   {
    "name": "/tmp/nvimFBQ9ZC/tmp2al3dh0d.v",
    "__class__": "Path"
   },
   {
    "name": "/tmp/nvimFBQ9ZC/tmp9ev3r3ma.v",
    "__class__": "Path"
   },
   {
    "name": "/tmp/nvimFBQ9ZC/tmpt0jj96c7.v",
    "__class__": "Path"
   },
   {
    "name": "/tmp/nvimFBQ9ZC/tmp_n088f2n.v",
    "__class__": "Path"
   },
   {
    "name": "/tmp/nvimFBQ9ZC/tmp7n0_8l0h.v",
    "__class__": "Path"
   },
   {
    "name": "/tmp/nvimFBQ9ZC/tmpp_x89a5t.v",
    "__class__": "Path"
   },
   {
    "name": "/tmp/nvimFBQ9ZC/tmp535wszhy.v",
    "__class__": "Path"
   },
   {
    "name": "/tmp/nvimFBQ9ZC/tmpsms4prnb.v",
    "__class__": "Path"
   },
   {
    "name": "/tmp/nvimFBQ9ZC/tmpnjq4jufy.v",
    "__class__": "Path"
   },
   {
    "name": "/tmp/nvimFBQ9ZC/tmpw4a1uac7.v",
    "__class__": "Path"
   },
   {
    "name": "/tmp/nvimFBQ9ZC/tmp5ml57y6d.v",
    "__class__": "Path"
   },
   {
    "name": "/tmp/nvimFBQ9ZC/tmpl0rz1sdm.v",
    "__class__": "Path"
   },
   {
    "name": "/tmp/nvimFBQ9ZC/tmpu91harnj.v",
    "__class__": "Path"
   },
   {
    "name": "/tmp/nvimFBQ9ZC/tmp9pkrk9aw.v",
    "__class__": "Path"
   },
   {
    "name": "/tmp/nvimFBQ9ZC/tmpj5glut0x.v",
    "__class__": "Path"
   },
   {
    "name": "/tmp/nvimFBQ9ZC/tmptety0f08.v",
    "__class__": "Path"
   },
   {
    "name": "/tmp/nvimFBQ9ZC/tmph3ui1c5s.v",
    "__class__": "Path"
   },
   {
    "name": "/tmp/nvimFBQ9ZC/tmpknbgu9kf.v",
    "__class__": "Path"
   },
   {
    "name": "/tmp/nvimFBQ9ZC/tmpiguc585n.v",
    "__class__": "Path"
   },
   {
    "name": "/tmp/nvimFBQ9ZC/tmpxp6bg77o.v",
    "__class__": "Path"
   },
   {
    "name": "/tmp/nvimFBQ9ZC/tmpoxhwnzxf.v",
    "__class__": "Path"
   },
   {
    "name": "/tmp/nvimFBQ9ZC/tmppzspyqdh.v",
    "__class__": "Path"
   },
   {
    "name": "/tmp/nvimFBQ9ZC/tmpy1vgnnlg.v",
    "__class__": "Path"
   },
   {
    "name": "/tmp/nvimFBQ9ZC/tmp25uck_bj.v",
    "__class__": "Path"
   },
   {
    "name": "/tmp/nvimFBQ9ZC/tmp0s10g3_j.v",
    "__class__": "Path"
   },
   {
    "name": "/tmp/nvimFBQ9ZC/tmp2nbtcd5r.v",
    "__class__": "Path"
   },
   {
    "name": "/tmp/nvimFBQ9ZC/tmpkqg3qorv.v",
    "__class__": "Path"
   },
   {
    "name": "/tmp/nvimFBQ9ZC/tmpi0vrb84c.v",
    "__class__": "Path"
   },
   {
    "name": "/tmp/nvimFBQ9ZC/tmpcdy7be2m.v",
    "__class__": "Path"
   },
   {
    "name": "/tmp/nvimFBQ9ZC/tmp6yaq7wfs.v",
    "__class__": "Path"
   },
   {
    "name": "/tmp/nvimFBQ9ZC/tmp02085kd9.v",
    "__class__": "Path"
   },
   {
    "name": "/tmp/nvimFBQ9ZC/tmpxq9mhb8u.v",
    "__class__": "Path"
   },
   {
    "name": "/tmp/nvimFBQ9ZC/tmp8ht_4xik.v",
    "__class__": "Path"
   },
   {
    "name": "/tmp/nvimFBQ9ZC/tmp0kspr6qf.v",
    "__class__": "Path"
   },
   {
    "name": "/tmp/nvimFBQ9ZC/tmpavd7ui22.v",
    "__class__": "Path"
   },
   {
    "name": "/tmp/nvimFBQ9ZC/tmp9q8v4pj0.v",
    "__class__": "Path"
   },
   {
    "name": "/tmp/nvimFBQ9ZC/tmpfuy6ozvx.v",
    "__class__": "Path"
   },
   {
    "name": "/tmp/nvimFBQ9ZC/tmpavw_j2hk.v",
    "__class__": "Path"
   },
   {
    "name": "/tmp/nvimFBQ9ZC/tmpi6esj2me.v",
    "__class__": "Path"
   },
   {
    "name": "/tmp/nvimFBQ9ZC/tmpnlphamo1.v",
    "__class__": "Path"
   },
   {
    "name": "/tmp/nvimFBQ9ZC/tmpvdwex8gx.v",
    "__class__": "Path"
   },
   {
    "name": "/tmp/nvimFBQ9ZC/tmpxj5cbbdu.v",
    "__class__": "Path"
   },
   {
    "name": "/tmp/nvimFBQ9ZC/tmpvig04ieh.v",
    "__class__": "Path"
   },
   {
    "name": "/tmp/nvimFBQ9ZC/tmp7sjyslka.v",
    "__class__": "Path"
   },
   {
    "name": "/tmp/nvimFBQ9ZC/tmpuf1dcgf7.v",
    "__class__": "Path"
   },
   {
    "name": "/tmp/nvimFBQ9ZC/tmpqrwl5kp1.v",
    "__class__": "Path"
   },
   {
    "name": "/tmp/nvimFBQ9ZC/tmpcw6qxo6d.v",
    "__class__": "Path"
   },
   {
    "name": "/tmp/nvimFBQ9ZC/tmp8o14txn3.v",
    "__class__": "Path"
   },
   {
    "name": "/tmp/nvimFBQ9ZC/tmp1xfqt_jp.v",
    "__class__": "Path"
   },
   {
    "name": "/tmp/nvimFBQ9ZC/tmpe08ziwp5.v",
    "__class__": "Path"
   },
   {
    "name": "/tmp/nvimFBQ9ZC/tmp5fpiy6an.v",
    "__class__": "Path"
   },
   {
    "name": "/tmp/nvimFBQ9ZC/tmpjbdrdthd.v",
    "__class__": "Path"
   },
   {
    "name": "/tmp/nvimFBQ9ZC/tmpe_wur9go.v",
    "__class__": "Path"
   },
   {
    "name": "/tmp/nvimFBQ9ZC/tmpmsa1omif.v",
    "__class__": "Path"
   },
   {
    "name": "/tmp/nvimFBQ9ZC/tmp8llevvyb.v",
    "__class__": "Path"
   },
   {
    "name": "/tmp/nvimFBQ9ZC/tmpd939v47u.v",
    "__class__": "Path"
   },
   {
    "name": "/tmp/nvimFBQ9ZC/tmpb9buztq4.v",
    "__class__": "Path"
   },
   {
    "name": "/tmp/nvimFBQ9ZC/tmp597ozkfa.v",
    "__class__": "Path"
   },
   {
    "name": "/tmp/nvimFBQ9ZC/tmplp7tubau.v",
    "__class__": "Path"
   },
   {
    "name": "/tmp/nvimFBQ9ZC/tmpzl8vqkav.v",
    "__class__": "Path"
   },
   {
    "name": "/tmp/nvimFBQ9ZC/tmplvew3h9b.v",
    "__class__": "Path"
   },
   {
    "name": "/tmp/nvimFBQ9ZC/tmpla05gt5q.v",
    "__class__": "Path"
   },
   {
    "name": "/tmp/nvimFBQ9ZC/tmpmih85kc4.v",
    "__class__": "Path"
   },
   {
    "name": "/tmp/nvimFBQ9ZC/tmpibqyzbxz.v",
    "__class__": "Path"
   },
   {
    "name": "/tmp/nvimFBQ9ZC/tmpdj4pgx0i.v",
    "__class__": "Path"
   },
   {
    "name": "/tmp/nvimFBQ9ZC/tmpsq5vafty.v",
    "__class__": "Path"
   },
   {
    "name": "/tmp/nvimFBQ9ZC/tmpnkuemn4a.v",
    "__class__": "Path"
   },
   {
    "name": "/tmp/nvimFBQ9ZC/tmp69geu1ee.v",
    "__class__": "Path"
   },
   {
    "name": "/tmp/nvimFBQ9ZC/tmpazw9k4pt.v",
    "__class__": "Path"
   },
   {
    "name": "/tmp/nvimFBQ9ZC/tmpb03lzzld.v",
    "__class__": "Path"
   },
   {
    "name": "/tmp/nvimFBQ9ZC/tmprlz7k6ut.v",
    "__class__": "Path"
   },
   {
    "name": "/tmp/nvimFBQ9ZC/tmp787lbtbc.v",
    "__class__": "Path"
   },
   {
    "name": "/tmp/nvimFBQ9ZC/tmpitaeoy43.v",
    "__class__": "Path"
   },
   {
    "name": "/tmp/nvimFBQ9ZC/tmp6wryust0.v",
    "__class__": "Path"
   },
   {
    "name": "/tmp/nvimFBQ9ZC/tmpeyltcyi6.v",
    "__class__": "Path"
   },
   {
    "name": "/tmp/nvimYzJmRm/tmpz7ypoa63.v",
    "__class__": "Path"
   },
   {
    "name": "/tmp/nvimFBQ9ZC/tmp8ecs_j7w.v",
    "__class__": "Path"
   },
   {
    "name": "/tmp/nvimFBQ9ZC/tmpiuttz2qf.v",
    "__class__": "Path"
   },
   {
    "name": "/tmp/nvimFBQ9ZC/tmp6s_f_mku.v",
    "__class__": "Path"
   },
   {
    "name": "/tmp/nvimFBQ9ZC/tmphon2ewom.v",
    "__class__": "Path"
   },
   {
    "name": "/tmp/nvimFBQ9ZC/tmp_9vrqsxx.v",
    "__class__": "Path"
   },
   {
    "name": "/tmp/nvimFBQ9ZC/tmpu3x6xh7e.v",
    "__class__": "Path"
   },
   {
    "name": "/tmp/nvimFBQ9ZC/tmpzmxo5fqw.v",
    "__class__": "Path"
   },
   {
    "name": "/tmp/nvimFBQ9ZC/tmp_pnv4zat.v",
    "__class__": "Path"
   },
   {
    "name": "/tmp/nvimFBQ9ZC/tmpksggit8j.v",
    "__class__": "Path"
   },
   {
    "name": "/tmp/nvimFBQ9ZC/tmp3fmsqbt1.v",
    "__class__": "Path"
   },
   {
    "name": "/tmp/nvimFBQ9ZC/tmpa_vbetxg.v",
    "__class__": "Path"
   },
   {
    "name": "/tmp/nvimFBQ9ZC/tmpr7_fgnbi.v",
    "__class__": "Path"
   },
   {
    "name": "/tmp/nvimFBQ9ZC/tmp964iq5yd.v",
    "__class__": "Path"
   },
   {
    "name": "/tmp/nvimFBQ9ZC/tmp0tq3arkt.v",
    "__class__": "Path"
   },
   {
    "name": "/tmp/nvimFBQ9ZC/tmppmk_7lwe.v",
    "__class__": "Path"
   },
   {
    "name": "/tmp/nvimFBQ9ZC/tmpn47p2ry0.v",
    "__class__": "Path"
   },
   {
    "name": "/tmp/nvimFBQ9ZC/tmpen7q0mzo.v",
    "__class__": "Path"
   },
   {
    "name": "/tmp/nvimFBQ9ZC/tmp90yoph3a.v",
    "__class__": "Path"
   },
   {
    "name": "/tmp/nvimFBQ9ZC/tmpuor7vj8f.v",
    "__class__": "Path"
   },
   {
    "name": "/tmp/nvimFBQ9ZC/tmpwthp8lvb.v",
    "__class__": "Path"
   },
   {
    "name": "/tmp/nvimFBQ9ZC/tmprb5_r2yt.v",
    "__class__": "Path"
   },
   {
    "name": "/tmp/nvimFBQ9ZC/tmpy76aq3nq.v",
    "__class__": "Path"
   },
   {
    "name": "/tmp/nvimFBQ9ZC/tmpcr8weo23.v",
    "__class__": "Path"
   },
   {
    "name": "/tmp/nvimFBQ9ZC/tmpq4q_x537.v",
    "__class__": "Path"
   },
   {
    "name": "/tmp/nvimFBQ9ZC/tmpuxre8y02.v",
    "__class__": "Path"
   },
   {
    "name": "/tmp/nvimFBQ9ZC/tmpkvejdpdp.v",
    "__class__": "Path"
   },
   {
    "name": "/tmp/nvimFBQ9ZC/tmp6wq7ufix.v",
    "__class__": "Path"
   },
   {
    "name": "/tmp/nvimFBQ9ZC/tmptcik7pc2.v",
    "__class__": "Path"
   },
   {
    "name": "/tmp/nvimFBQ9ZC/tmphf0t9grk.v",
    "__class__": "Path"
   },
   {
    "name": "/tmp/nvimFBQ9ZC/tmpxj7_5k14.v",
    "__class__": "Path"
   },
   {
    "name": "/tmp/nvimFBQ9ZC/tmptz36b68u.v",
    "__class__": "Path"
   },
   {
    "name": "/tmp/nvimFBQ9ZC/tmpaxh32c1t.v",
    "__class__": "Path"
   },
   {
    "name": "/tmp/nvimFBQ9ZC/tmp_8nexr9i.v",
    "__class__": "Path"
   },
   {
    "name": "/tmp/nvimFBQ9ZC/tmpfw5ml55x.v",
    "__class__": "Path"
   },
   {
    "name": "/tmp/nvimFBQ9ZC/tmpugez2hy6.v",
    "__class__": "Path"
   },
   {
    "name": "/tmp/nvimFBQ9ZC/tmpaqsmr6ek.v",
    "__class__": "Path"
   },
   {
    "name": "/tmp/nvimFBQ9ZC/tmpq6y7pq3l.v",
    "__class__": "Path"
   },
   {
    "name": "/tmp/nvimFBQ9ZC/tmpu363on6v.v",
    "__class__": "Path"
   },
   {
    "name": "/tmp/nvimFBQ9ZC/tmphwey9iy0.v",
    "__class__": "Path"
   },
   {
    "name": "/tmp/nvimFBQ9ZC/tmpf999iph0.v",
    "__class__": "Path"
   },
   {
    "name": "/tmp/nvimFBQ9ZC/tmpoyc0nea6.v",
    "__class__": "Path"
   },
   {
    "name": "/tmp/nvimFBQ9ZC/tmpf_v8piu_.v",
    "__class__": "Path"
   },
   {
    "name": "/tmp/nvimFBQ9ZC/tmpcxm8p4zg.v",
    "__class__": "Path"
   },
   {
    "name": "/tmp/nvimFBQ9ZC/tmpd5v4aodr.v",
    "__class__": "Path"
   },
   {
    "name": "/tmp/nvimFBQ9ZC/tmppe1j2m6q.v",
    "__class__": "Path"
   },
   {
    "name": "/tmp/nvimFBQ9ZC/tmpz3gk9vqv.v",
    "__class__": "Path"
   },
   {
    "name": "/tmp/nvimFBQ9ZC/tmpfjvic555.v",
    "__class__": "Path"
   },
   {
    "name": "/tmp/nvimFBQ9ZC/tmpyx8ay9q5.v",
    "__class__": "Path"
   },
   {
    "name": "/tmp/nvimFBQ9ZC/tmpdpuaohxj.v",
    "__class__": "Path"
   },
   {
    "name": "/tmp/nvimFBQ9ZC/tmplykbcupc.v",
    "__class__": "Path"
   },
   {
    "name": "/tmp/nvimFBQ9ZC/tmp7244_mpl.v",
    "__class__": "Path"
   },
   {
    "name": "/tmp/nvimFBQ9ZC/tmprelvdkn0.v",
    "__class__": "Path"
   },
   {
    "name": "/tmp/nvimFBQ9ZC/tmpxzs5sm09.v",
    "__class__": "Path"
   },
   {
    "name": "/tmp/nvimFBQ9ZC/tmpx6iqr2__.v",
    "__class__": "Path"
   },
   {
    "name": "/tmp/nvimFBQ9ZC/tmp06qfg73z.v",
    "__class__": "Path"
   },
   {
    "name": "/tmp/nvimFBQ9ZC/tmpdjj8zii6.v",
    "__class__": "Path"
   },
   {
    "name": "/tmp/nvimFBQ9ZC/tmpcnq5a_ly.v",
    "__class__": "Path"
   },
   {
    "name": "/tmp/nvimFBQ9ZC/tmplut8yy48.v",
    "__class__": "Path"
   },
   {
    "name": "/tmp/nvimFBQ9ZC/tmpt8i7_b2p.v",
    "__class__": "Path"
   },
   {
    "name": "/tmp/nvimFBQ9ZC/tmpy38abwk1.v",
    "__class__": "Path"
   },
   {
    "name": "/tmp/nvimFBQ9ZC/tmpa1ysgw9f.v",
    "__class__": "Path"
   },
   {
    "name": "/tmp/nvimFBQ9ZC/tmpn9ye1i_d.v",
    "__class__": "Path"
   },
   {
    "name": "/tmp/nvimFBQ9ZC/tmphkeum5_7.v",
    "__class__": "Path"
   },
   {
    "name": "/tmp/nvimFBQ9ZC/tmpfud1xpwy.v",
    "__class__": "Path"
   },
   {
    "name": "/tmp/nvimFBQ9ZC/tmpt2nklmq9.v",
    "__class__": "Path"
   },
   {
    "name": "/tmp/nvimFBQ9ZC/tmpl1efci5u.v",
    "__class__": "Path"
   },
   {
    "name": "/tmp/nvimFBQ9ZC/tmpy3dbdmlf.v",
    "__class__": "Path"
   },
   {
    "name": "/tmp/nvimFBQ9ZC/tmpj8bq4arh.v",
    "__class__": "Path"
   },
   {
    "name": "/tmp/nvimFBQ9ZC/tmp03uf22ac.v",
    "__class__": "Path"
   },
   {
    "name": "/tmp/nvimFBQ9ZC/tmpgsx6nka7.v",
    "__class__": "Path"
   },
   {
    "name": "/tmp/nvimFBQ9ZC/tmp_tg2lwa5.v",
    "__class__": "Path"
   },
   {
    "name": "/tmp/nvimFBQ9ZC/tmpz73shex7.v",
    "__class__": "Path"
   },
   {
    "name": "/tmp/nvimFBQ9ZC/tmpp_rnwau6.v",
    "__class__": "Path"
   },
   {
    "name": "/tmp/nvimFBQ9ZC/tmpewg1qbyf.v",
    "__class__": "Path"
   },
   {
    "name": "/tmp/nvimFBQ9ZC/tmpwz76cogn.v",
    "__class__": "Path"
   },
   {
    "name": "/tmp/nvimFBQ9ZC/tmpjjpix6ln.v",
    "__class__": "Path"
   },
   {
    "name": "/tmp/nvimFBQ9ZC/tmpteviktvr.v",
    "__class__": "Path"
   },
   {
    "name": "/tmp/nvimFBQ9ZC/tmp8rq2m6o3.v",
    "__class__": "Path"
   },
   {
    "name": "/tmp/nvimFBQ9ZC/tmpsaxz7dwx.v",
    "__class__": "Path"
   },
   {
    "name": "/tmp/nvimFBQ9ZC/tmploa2iiaq.v",
    "__class__": "Path"
   },
   {
    "name": "/tmp/nvimFBQ9ZC/tmpk7hfyf18.v",
    "__class__": "Path"
   },
   {
    "name": "/tmp/nvimFBQ9ZC/tmpuv7wjugh.v",
    "__class__": "Path"
   },
   {
    "name": "/tmp/nvimFBQ9ZC/tmp03im1ldo.v",
    "__class__": "Path"
   },
   {
    "name": "/tmp/nvimFBQ9ZC/tmps6snontf.v",
    "__class__": "Path"
   },
   {
    "name": "/tmp/nvimFBQ9ZC/tmp36kudbd8.v",
    "__class__": "Path"
   },
   {
    "name": "/tmp/nvimFBQ9ZC/tmpo5g240po.v",
    "__class__": "Path"
   },
   {
    "name": "/tmp/nvimFBQ9ZC/tmp74izbk2x.v",
    "__class__": "Path"
   },
   {
    "name": "/tmp/nvimFBQ9ZC/tmpjmbxqsgw.v",
    "__class__": "Path"
   },
   {
    "name": "/tmp/nvimFBQ9ZC/tmpnj218ofi.v",
    "__class__": "Path"
   },
   {
    "name": "/tmp/nvimFBQ9ZC/tmpfl3yzvbu.v",
    "__class__": "Path"
   },
   {
    "name": "/tmp/nvimFBQ9ZC/tmppz7taku8.v",
    "__class__": "Path"
   },
   {
    "name": "/tmp/nvimFBQ9ZC/tmp99ba3svq.v",
    "__class__": "Path"
   },
   {
    "name": "/tmp/nvimFBQ9ZC/tmpwvgnesjq.v",
    "__class__": "Path"
   },
   {
    "name": "/tmp/nvimFBQ9ZC/tmpunwqnvc4.v",
    "__class__": "Path"
   },
   {
    "name": "/tmp/nvimFBQ9ZC/tmp_6wuhu_0.v",
    "__class__": "Path"
   },
   {
    "name": "/tmp/nvimFBQ9ZC/tmpp07vu3yu.v",
    "__class__": "Path"
   },
   {
    "name": "/tmp/nvimFBQ9ZC/tmphr6jgp_u.v",
    "__class__": "Path"
   },
   {
    "name": "/tmp/nvimFBQ9ZC/tmpew7pjpu6.v",
    "__class__": "Path"
   },
   {
    "name": "/tmp/nvimFBQ9ZC/tmpq4trmr3v.v",
    "__class__": "Path"
   },
   {
    "name": "/tmp/nvimFBQ9ZC/tmp_h9xwn5d.v",
    "__class__": "Path"
   },
   {
    "name": "/tmp/nvimFBQ9ZC/tmpw5dyg2i0.v",
    "__class__": "Path"
   },
   {
    "name": "/tmp/nvimFBQ9ZC/tmpscxbriv7.v",
    "__class__": "Path"
   },
   {
    "name": "/tmp/nvimFBQ9ZC/tmp6gve0dom.v",
    "__class__": "Path"
   },
   {
    "name": "/tmp/nvimFBQ9ZC/tmpz942x4sz.v",
    "__class__": "Path"
   },
   {
    "name": "/tmp/nvimFBQ9ZC/tmptn0hynd3.v",
    "__class__": "Path"
   },
   {
    "name": "/tmp/nvimFBQ9ZC/tmpg49oclyf.v",
    "__class__": "Path"
   },
   {
    "name": "/tmp/nvimFBQ9ZC/tmp6viyerqu.v",
    "__class__": "Path"
   },
   {
    "name": "/tmp/nvimFBQ9ZC/tmp6obsmf7p.v",
    "__class__": "Path"
   },
   {
    "name": "/tmp/nvimFBQ9ZC/tmpicji8xby.v",
    "__class__": "Path"
   },
   {
    "name": "/tmp/nvimFBQ9ZC/tmpmdzyun25.v",
    "__class__": "Path"
   },
   {
    "name": "/tmp/nvimFBQ9ZC/tmp0sr_5cns.v",
    "__class__": "Path"
   },
   {
    "name": "/tmp/nvimFBQ9ZC/tmpft8cxs1e.v",
    "__class__": "Path"
   },
   {
    "name": "/tmp/nvimFBQ9ZC/tmpd500p4cz.v",
    "__class__": "Path"
   },
   {
    "name": "/tmp/nvimFBQ9ZC/tmp7nd4w9qx.v",
    "__class__": "Path"
   },
   {
    "name": "/tmp/nvimFBQ9ZC/tmp94hfdo0t.v",
    "__class__": "Path"
   },
   {
    "name": "/tmp/nvimFBQ9ZC/tmp9cl4vdx0.v",
    "__class__": "Path"
   },
   {
    "name": "/tmp/nvimFBQ9ZC/tmpyi15k9cn.v",
    "__class__": "Path"
   },
   {
    "name": "/tmp/nvimFBQ9ZC/tmprwuwu3_4.v",
    "__class__": "Path"
   },
   {
    "name": "/tmp/nvimFBQ9ZC/tmpdlvtn7x6.v",
    "__class__": "Path"
   },
   {
    "name": "/tmp/nvimFBQ9ZC/tmpk4ehn305.v",
    "__class__": "Path"
   },
   {
    "name": "/tmp/nvimFBQ9ZC/tmpnmammcj1.v",
    "__class__": "Path"
   },
   {
    "name": "/tmp/nvimFBQ9ZC/tmp4ai6pq7i.v",
    "__class__": "Path"
   },
   {
    "name": "/tmp/nvimFBQ9ZC/tmpjejx6rse.v",
    "__class__": "Path"
   },
   {
    "name": "/tmp/nvimFBQ9ZC/tmpq74d3ydw.v",
    "__class__": "Path"
   },
   {
    "name": "/tmp/nvimFBQ9ZC/tmpanivvg7n.v",
    "__class__": "Path"
   },
   {
    "name": "/tmp/nvimFBQ9ZC/tmp9dy66qyt.v",
    "__class__": "Path"
   },
   {
    "name": "/tmp/nvimFBQ9ZC/tmpjn3avjw_.v",
    "__class__": "Path"
   },
   {
    "name": "/tmp/nvimFBQ9ZC/tmphta3q0_q.v",
    "__class__": "Path"
   },
   {
    "name": "/tmp/nvimFBQ9ZC/tmp40nxdcca.v",
    "__class__": "Path"
   },
   {
    "name": "/tmp/nvimFBQ9ZC/tmpv0zndjdj.v",
    "__class__": "Path"
   },
   {
    "name": "/tmp/nvimFBQ9ZC/tmpljs29tet.v",
    "__class__": "Path"
   },
   {
    "name": "/tmp/nvimFBQ9ZC/tmpdxe0mb8l.v",
    "__class__": "Path"
   },
   {
    "name": "/tmp/nvimFBQ9ZC/tmpum0cd2lp.v",
    "__class__": "Path"
   },
   {
    "name": "/tmp/nvimFBQ9ZC/tmpsyz3m1ok.v",
    "__class__": "Path"
   },
   {
    "name": "/tmp/nvimFBQ9ZC/tmp54utudur.v",
    "__class__": "Path"
   },
   {
    "name": "/tmp/nvimFBQ9ZC/tmpwclij3ve.v",
    "__class__": "Path"
   },
   {
    "name": "/tmp/nvimFBQ9ZC/tmpyylhq95h.v",
    "__class__": "Path"
   },
   {
    "name": "/tmp/nvimFBQ9ZC/tmpj31kn4va.v",
    "__class__": "Path"
   },
   {
    "name": "/tmp/nvimFBQ9ZC/tmpaxmkyqzw.v",
    "__class__": "Path"
   },
   {
    "name": "/tmp/nvimFBQ9ZC/tmp0wfty86m.v",
    "__class__": "Path"
   },
   {
    "name": "/tmp/nvimFBQ9ZC/tmps9ddv696.v",
    "__class__": "Path"
   },
   {
    "name": "/tmp/nvimFBQ9ZC/tmpji395l__.v",
    "__class__": "Path"
   },
   {
    "name": "/tmp/nvimFBQ9ZC/tmpe6t21ubv.v",
    "__class__": "Path"
   },
   {
    "name": "/tmp/nvimFBQ9ZC/tmpc7cijgsr.v",
    "__class__": "Path"
   },
   {
    "name": "/tmp/nvimFBQ9ZC/tmpj4d1mj_i.v",
    "__class__": "Path"
   },
   {
    "name": "/tmp/nvimFBQ9ZC/tmpu573ww4k.v",
    "__class__": "Path"
   },
   {
    "name": "/tmp/nvimFBQ9ZC/tmp_1py4c2l.v",
    "__class__": "Path"
   },
   {
    "name": "/tmp/nvimFBQ9ZC/tmpv638g3u5.v",
    "__class__": "Path"
   },
   {
    "name": "/tmp/nvimFBQ9ZC/tmpsl0f8v3p.v",
    "__class__": "Path"
   },
   {
    "name": "/tmp/nvimFBQ9ZC/tmpcjuv94p8.v",
    "__class__": "Path"
   },
   {
    "name": "/tmp/nvimFBQ9ZC/tmpl9wvu699.v",
    "__class__": "Path"
   },
   {
    "name": "/tmp/nvimFBQ9ZC/tmpwlkk0fka.v",
    "__class__": "Path"
   },
   {
    "name": "/tmp/nvimFBQ9ZC/tmpany0j64v.v",
    "__class__": "Path"
   },
   {
    "name": "/tmp/nvimFBQ9ZC/tmp9s_ivz6s.v",
    "__class__": "Path"
   },
   {
    "name": "/tmp/nvimFBQ9ZC/tmpuosoq4rs.v",
    "__class__": "Path"
   },
   {
    "name": "/tmp/nvimFBQ9ZC/tmp_kpvrqsn.v",
    "__class__": "Path"
   },
   {
    "name": "/tmp/nvimFBQ9ZC/tmpaf6mprd1.v",
    "__class__": "Path"
   },
   {
    "name": "/tmp/nvimFBQ9ZC/tmpz5gg96g4.v",
    "__class__": "Path"
   },
   {
    "name": "/tmp/nvimFBQ9ZC/tmpjpr9csvi.v",
    "__class__": "Path"
   },
   {
    "name": "/tmp/nvimFBQ9ZC/tmpjyxgqhh6.v",
    "__class__": "Path"
   },
   {
    "name": "/tmp/nvimFBQ9ZC/tmp4bi5utxi.v",
    "__class__": "Path"
   },
   {
    "name": "/tmp/nvimFBQ9ZC/tmpenqx_153.v",
    "__class__": "Path"
   },
   {
    "name": "/tmp/nvimFBQ9ZC/tmp6nlt1soz.v",
    "__class__": "Path"
   },
   {
    "name": "/tmp/nvimFBQ9ZC/tmpk8h2246s.v",
    "__class__": "Path"
   },
   {
    "name": "/tmp/nvimFBQ9ZC/tmpfvk5v48t.v",
    "__class__": "Path"
   },
   {
    "name": "/tmp/nvimFBQ9ZC/tmpntkrv5hf.v",
    "__class__": "Path"
   },
   {
    "name": "/tmp/nvimFBQ9ZC/tmpk448_u7t.v",
    "__class__": "Path"
   },
   {
    "name": "/tmp/nvimFBQ9ZC/tmpaum170u4.v",
    "__class__": "Path"
   },
   {
    "name": "/tmp/nvimFBQ9ZC/tmpn6rife4z.v",
    "__class__": "Path"
   },
   {
    "name": "/tmp/nvimFBQ9ZC/tmpszhzd64o.v",
    "__class__": "Path"
   },
   {
    "name": "/tmp/nvimFBQ9ZC/tmp9cyindge.v",
    "__class__": "Path"
   },
   {
    "name": "/tmp/nvimFBQ9ZC/tmpvbm4j0k_.v",
    "__class__": "Path"
   },
   {
    "name": "/tmp/nvimFBQ9ZC/tmprsw0ydfd.v",
    "__class__": "Path"
   },
   {
    "name": "/tmp/nvimFBQ9ZC/tmpxbf3d90f.v",
    "__class__": "Path"
   },
   {
    "name": "/tmp/nvimFBQ9ZC/tmp1mhwbv3c.v",
    "__class__": "Path"
   },
   {
    "name": "/tmp/nvimFBQ9ZC/tmpyf24sko4.v",
    "__class__": "Path"
   },
   {
    "name": "/tmp/nvimFBQ9ZC/tmpbzetrpzn.v",
    "__class__": "Path"
   },
   {
    "name": "/tmp/nvimFBQ9ZC/tmp2_zdax0n.v",
    "__class__": "Path"
   },
   {
    "name": "/tmp/nvimFBQ9ZC/tmpm3zqns12.v",
    "__class__": "Path"
   },
   {
    "name": "/tmp/nvimFBQ9ZC/tmpxrf_9ivl.v",
    "__class__": "Path"
   },
   {
    "name": "/tmp/nvimFBQ9ZC/tmpo0mz53cj.v",
    "__class__": "Path"
   },
   {
    "name": "/tmp/nvimFBQ9ZC/tmp2y6m70ui.v",
    "__class__": "Path"
   },
   {
    "name": "/tmp/nvimFBQ9ZC/tmpr570_cef.v",
    "__class__": "Path"
   },
   {
    "name": "/tmp/nvimFBQ9ZC/tmpyiirul_8.v",
    "__class__": "Path"
   },
   {
    "name": "/tmp/nvimFBQ9ZC/tmpbngryntt.v",
    "__class__": "Path"
   },
   {
    "name": "/tmp/nvimFBQ9ZC/tmplau5d_iy.v",
    "__class__": "Path"
   },
   {
    "name": "/tmp/nvimFBQ9ZC/tmpcnlid9lm.v",
    "__class__": "Path"
   },
   {
    "name": "/tmp/nvimFBQ9ZC/tmpyk52x6sp.v",
    "__class__": "Path"
   },
   {
    "name": "/tmp/nvimFBQ9ZC/tmpthgze8x5.v",
    "__class__": "Path"
   },
   {
    "name": "/tmp/nvimFBQ9ZC/tmp0xfq2dlr.v",
    "__class__": "Path"
   },
   {
    "name": "/tmp/nvimFBQ9ZC/tmpb2as7zbs.v",
    "__class__": "Path"
   },
   {
    "name": "/tmp/nvimFBQ9ZC/tmpz7ywxj7j.v",
    "__class__": "Path"
   },
   {
    "name": "/tmp/nvimFBQ9ZC/tmpor663fe5.v",
    "__class__": "Path"
   },
   {
    "name": "/tmp/nvimFBQ9ZC/tmp8p7y21cn.v",
    "__class__": "Path"
   },
   {
    "name": "/tmp/nvimFBQ9ZC/tmpz7j6qvkf.v",
    "__class__": "Path"
   },
   {
    "name": "/tmp/nvimFBQ9ZC/tmpnbd6huw4.v",
    "__class__": "Path"
   },
   {
    "name": "/tmp/nvimFBQ9ZC/tmpyy7oy33d.v",
    "__class__": "Path"
   },
   {
    "name": "/tmp/nvimFBQ9ZC/tmp0noca82f.v",
    "__class__": "Path"
   },
   {
    "name": "/tmp/nvimFBQ9ZC/tmpr_9809cu.v",
    "__class__": "Path"
   },
   {
    "name": "/home/zww/Documents/College/2022SP/HDL/HdlMicroProcessor/HdlMicroProcessor.srcs/sim/pipeline/stages/execute/alu_input_mux/alu_input_mux.v",
    "__class__": "Path"
   },
   {
    "name": "/tmp/nvimFBQ9ZC/tmp1it1t5b2.v",
    "__class__": "Path"
   },
   {
    "name": "/tmp/nvimFBQ9ZC/tmp9hw2ggw3.v",
    "__class__": "Path"
   },
   {
    "name": "/tmp/nvimFBQ9ZC/tmpq6k54pz2.v",
    "__class__": "Path"
   },
   {
    "name": "/tmp/nvimFBQ9ZC/tmpfrmltgze.v",
    "__class__": "Path"
   },
   {
    "name": "/tmp/nvimFBQ9ZC/tmp6xv_3ovf.v",
    "__class__": "Path"
   },
   {
    "name": "/tmp/nvimFBQ9ZC/tmpjla2af26.v",
    "__class__": "Path"
   },
   {
    "name": "/tmp/nvimFBQ9ZC/tmpgdxwo9kp.v",
    "__class__": "Path"
   },
   {
    "name": "/tmp/nvimFBQ9ZC/tmp0va_ind9.v",
    "__class__": "Path"
   },
   {
    "name": "/tmp/nvimFBQ9ZC/tmpgd6tuzka.v",
    "__class__": "Path"
   },
   {
    "name": "/tmp/nvimFBQ9ZC/tmp5xit1cjc.v",
    "__class__": "Path"
   },
   {
    "name": "/tmp/nvimFBQ9ZC/tmpjkamxnuw.v",
    "__class__": "Path"
   },
   {
    "name": "/tmp/nvimFBQ9ZC/tmplzvgkv52.v",
    "__class__": "Path"
   },
   {
    "name": "/tmp/nvimFBQ9ZC/tmpx_v62in6.v",
    "__class__": "Path"
   },
   {
    "name": "/tmp/nvimFBQ9ZC/tmpdvtro9hz.v",
    "__class__": "Path"
   },
   {
    "name": "/tmp/nvimFBQ9ZC/tmpj5k1_8w7.v",
    "__class__": "Path"
   },
   {
    "name": "/tmp/nvimFBQ9ZC/tmpooi_av4s.v",
    "__class__": "Path"
   },
   {
    "name": "/tmp/nvimFBQ9ZC/tmpytpafj9c.v",
    "__class__": "Path"
   },
   {
    "name": "/tmp/nvimFBQ9ZC/tmpigu3563y.v",
    "__class__": "Path"
   },
   {
    "name": "/tmp/nvimFBQ9ZC/tmp1wzm3xh_.v",
    "__class__": "Path"
   },
   {
    "name": "/tmp/nvimFBQ9ZC/tmpvg9pv5o8.v",
    "__class__": "Path"
   },
   {
    "name": "/tmp/nvimFBQ9ZC/tmpv8mknn2a.v",
    "__class__": "Path"
   },
   {
    "name": "/tmp/nvimFBQ9ZC/tmp_idrpy81.v",
    "__class__": "Path"
   },
   {
    "name": "/tmp/nvimFBQ9ZC/tmpl9g3qzbz.v",
    "__class__": "Path"
   },
   {
    "name": "/tmp/nvimFBQ9ZC/tmppimfy_us.v",
    "__class__": "Path"
   },
   {
    "name": "/tmp/nvimFBQ9ZC/tmp6j1uiyzr.v",
    "__class__": "Path"
   },
   {
    "name": "/tmp/nvimFBQ9ZC/tmp_tkzvhst.v",
    "__class__": "Path"
   },
   {
    "name": "/tmp/nvimFBQ9ZC/tmprsidhvso.v",
    "__class__": "Path"
   },
   {
    "name": "/tmp/nvimFBQ9ZC/tmpwiuc_aiy.v",
    "__class__": "Path"
   },
   {
    "name": "/tmp/nvimFBQ9ZC/tmpu46dyqox.v",
    "__class__": "Path"
   },
   {
    "name": "/tmp/nvimFBQ9ZC/tmp8pg7tff8.v",
    "__class__": "Path"
   },
   {
    "name": "/tmp/nvimFBQ9ZC/tmpx_4iwyc5.v",
    "__class__": "Path"
   },
   {
    "name": "/tmp/nvimFBQ9ZC/tmpfy8490g2.v",
    "__class__": "Path"
   },
   {
    "name": "/tmp/nvimFBQ9ZC/tmpafmxbnq6.v",
    "__class__": "Path"
   },
   {
    "name": "/tmp/nvimFBQ9ZC/tmpfh2puhes.v",
    "__class__": "Path"
   },
   {
    "name": "/tmp/nvimFBQ9ZC/tmpw1clye_a.v",
    "__class__": "Path"
   },
   {
    "name": "/tmp/nvimFBQ9ZC/tmp49lldd6z.v",
    "__class__": "Path"
   },
   {
    "name": "/tmp/nvimFBQ9ZC/tmpb_eyatgt.v",
    "__class__": "Path"
   },
   {
    "name": "/tmp/nvimFBQ9ZC/tmpedzklkxl.v",
    "__class__": "Path"
   },
   {
    "name": "/tmp/nvimFBQ9ZC/tmpv0sfi30k.v",
    "__class__": "Path"
   },
   {
    "name": "/tmp/nvimFBQ9ZC/tmpr06d7ihh.v",
    "__class__": "Path"
   },
   {
    "name": "/tmp/nvimYzJmRm/tmp952p44x7.v",
    "__class__": "Path"
   },
   {
    "name": "/tmp/nvimFBQ9ZC/tmp7oejjqz1.v",
    "__class__": "Path"
   },
   {
    "name": "/tmp/nvimFBQ9ZC/tmpa4ah0qqx.v",
    "__class__": "Path"
   },
   {
    "name": "/tmp/nvimFBQ9ZC/tmpktfnqtr8.v",
    "__class__": "Path"
   },
   {
    "name": "/tmp/nvimFBQ9ZC/tmp5laba017.v",
    "__class__": "Path"
   },
   {
    "name": "/tmp/nvimFBQ9ZC/tmptf7_3b2b.v",
    "__class__": "Path"
   },
   {
    "name": "/tmp/nvimFBQ9ZC/tmpu2fbkn5t.v",
    "__class__": "Path"
   },
   {
    "name": "/tmp/nvimFBQ9ZC/tmpzd6e6qsj.v",
    "__class__": "Path"
   },
   {
    "name": "/tmp/nvimFBQ9ZC/tmp5x0qf8qg.v",
    "__class__": "Path"
   },
   {
    "name": "/tmp/nvimFBQ9ZC/tmp7tat4fkv.v",
    "__class__": "Path"
   },
   {
    "name": "/tmp/nvimFBQ9ZC/tmph6f1ssa3.v",
    "__class__": "Path"
   },
   {
    "name": "/tmp/nvimFBQ9ZC/tmpdmk77si6.v",
    "__class__": "Path"
   },
   {
    "name": "/tmp/nvimFBQ9ZC/tmpluzbby0h.v",
    "__class__": "Path"
   },
   {
    "name": "/tmp/nvimFBQ9ZC/tmphsx8dveo.v",
    "__class__": "Path"
   },
   {
    "name": "/tmp/nvimFBQ9ZC/tmpf2twzbu8.v",
    "__class__": "Path"
   },
   {
    "name": "/tmp/nvimFBQ9ZC/tmpkjnqov3k.v",
    "__class__": "Path"
   },
   {
    "name": "/tmp/nvimFBQ9ZC/tmp4byje1iv.v",
    "__class__": "Path"
   },
   {
    "name": "/tmp/nvimFBQ9ZC/tmp39ch1ax2.v",
    "__class__": "Path"
   },
   {
    "name": "/tmp/nvimFBQ9ZC/tmpj8joa1bw.v",
    "__class__": "Path"
   },
   {
    "name": "/tmp/nvimFBQ9ZC/tmpcdb1ke1y.v",
    "__class__": "Path"
   },
   {
    "name": "/tmp/nvimFBQ9ZC/tmpphd7a2o4.v",
    "__class__": "Path"
   },
   {
    "name": "/tmp/nvimFBQ9ZC/tmpb0impp_m.v",
    "__class__": "Path"
   },
   {
    "name": "/tmp/nvimFBQ9ZC/tmp74tlv_qb.v",
    "__class__": "Path"
   },
   {
    "name": "/tmp/nvimFBQ9ZC/tmpt78d1er8.v",
    "__class__": "Path"
   },
   {
    "name": "/tmp/nvimFBQ9ZC/tmpv6vnz2zg.v",
    "__class__": "Path"
   },
   {
    "name": "/tmp/nvimFBQ9ZC/tmpcxoo73fi.v",
    "__class__": "Path"
   },
   {
    "name": "/tmp/nvimFBQ9ZC/tmpjkg393l2.v",
    "__class__": "Path"
   },
   {
    "name": "/tmp/nvimFBQ9ZC/tmp7y0rss42.v",
    "__class__": "Path"
   },
   {
    "name": "/tmp/nvimFBQ9ZC/tmp9taxl254.v",
    "__class__": "Path"
   },
   {
    "name": "/tmp/nvimFBQ9ZC/tmp49yf273g.v",
    "__class__": "Path"
   },
   {
    "name": "/tmp/nvimFBQ9ZC/tmp553ik49w.v",
    "__class__": "Path"
   },
   {
    "name": "/tmp/nvimFBQ9ZC/tmpxzvwl3tf.v",
    "__class__": "Path"
   },
   {
    "name": "/tmp/nvimFBQ9ZC/tmp7irkokx1.v",
    "__class__": "Path"
   },
   {
    "name": "/tmp/nvimFBQ9ZC/tmp84m_c8zv.v",
    "__class__": "Path"
   },
   {
    "name": "/tmp/nvimFBQ9ZC/tmpjns3mmc0.v",
    "__class__": "Path"
   },
   {
    "name": "/tmp/nvimFBQ9ZC/tmpnzkpgx4z.v",
    "__class__": "Path"
   },
   {
    "name": "/tmp/nvimFBQ9ZC/tmpox252yqj.v",
    "__class__": "Path"
   },
   {
    "name": "/tmp/nvimFBQ9ZC/tmpwm5kj3yt.v",
    "__class__": "Path"
   },
   {
    "name": "/tmp/nvimFBQ9ZC/tmpo1i4bw14.v",
    "__class__": "Path"
   },
   {
    "name": "/tmp/nvimFBQ9ZC/tmp2s631psl.v",
    "__class__": "Path"
   },
   {
    "name": "/tmp/nvimFBQ9ZC/tmpnhf30xzo.v",
    "__class__": "Path"
   },
   {
    "name": "/tmp/nvimFBQ9ZC/tmpt31br2_0.v",
    "__class__": "Path"
   },
   {
    "name": "/tmp/nvimFBQ9ZC/tmp12id9rck.v",
    "__class__": "Path"
   },
   {
    "name": "/tmp/nvimFBQ9ZC/tmp3hgdxiwx.v",
    "__class__": "Path"
   },
   {
    "name": "/tmp/nvimFBQ9ZC/tmpz3xtx4tv.v",
    "__class__": "Path"
   },
   {
    "name": "/tmp/nvimFBQ9ZC/tmpvowbst2h.v",
    "__class__": "Path"
   },
   {
    "name": "/tmp/nvimFBQ9ZC/tmpssd_fwdo.v",
    "__class__": "Path"
   },
   {
    "name": "/tmp/nvimFBQ9ZC/tmp28i85dzb.v",
    "__class__": "Path"
   },
   {
    "name": "/tmp/nvimFBQ9ZC/tmpjlpq9z2w.v",
    "__class__": "Path"
   },
   {
    "name": "/tmp/nvimFBQ9ZC/tmpel0l24n2.v",
    "__class__": "Path"
   },
   {
    "name": "/tmp/nvimFBQ9ZC/tmpu1wjo0mt.v",
    "__class__": "Path"
   },
   {
    "name": "/tmp/nvimFBQ9ZC/tmpy2wpk2x1.v",
    "__class__": "Path"
   },
   {
    "name": "/tmp/nvimFBQ9ZC/tmp37xq85mv.v",
    "__class__": "Path"
   },
   {
    "name": "/tmp/nvimFBQ9ZC/tmpo7qmrwxw.v",
    "__class__": "Path"
   },
   {
    "name": "/tmp/nvimFBQ9ZC/tmp5qu8taja.v",
    "__class__": "Path"
   },
   {
    "name": "/tmp/nvimFBQ9ZC/tmptfvfxkvz.v",
    "__class__": "Path"
   },
   {
    "name": "/tmp/nvimFBQ9ZC/tmprnl994tq.v",
    "__class__": "Path"
   },
   {
    "name": "/tmp/nvimFBQ9ZC/tmpregao5bf.v",
    "__class__": "Path"
   },
   {
    "name": "/tmp/nvimFBQ9ZC/tmpjzids7rt.v",
    "__class__": "Path"
   },
   {
    "name": "/tmp/nvimFBQ9ZC/tmpav44bkd2.v",
    "__class__": "Path"
   },
   {
    "name": "/tmp/nvimFBQ9ZC/tmpsm_92hs4.v",
    "__class__": "Path"
   },
   {
    "name": "/tmp/nvimFBQ9ZC/tmp1f1m7vah.v",
    "__class__": "Path"
   },
   {
    "name": "/tmp/nvimFBQ9ZC/tmp6ooyi79j.v",
    "__class__": "Path"
   },
   {
    "name": "/tmp/nvimFBQ9ZC/tmp84mjra6j.v",
    "__class__": "Path"
   },
   {
    "name": "/tmp/nvimFBQ9ZC/tmpwrnttaht.v",
    "__class__": "Path"
   },
   {
    "name": "/tmp/nvimFBQ9ZC/tmpg2h8uoiu.v",
    "__class__": "Path"
   },
   {
    "name": "/tmp/nvimFBQ9ZC/tmp5nohcv3c.v",
    "__class__": "Path"
   },
   {
    "name": "/tmp/nvimFBQ9ZC/tmpj9oda3pl.v",
    "__class__": "Path"
   },
   {
    "name": "/tmp/nvimFBQ9ZC/tmp_w__jdqn.v",
    "__class__": "Path"
   },
   {
    "name": "/tmp/nvimFBQ9ZC/tmpx9nyu4v7.v",
    "__class__": "Path"
   },
   {
    "name": "/tmp/nvimFBQ9ZC/tmppvg8fqlp.v",
    "__class__": "Path"
   },
   {
    "name": "/tmp/nvimFBQ9ZC/tmpfnwxy9fh.v",
    "__class__": "Path"
   },
   {
    "name": "/tmp/nvimFBQ9ZC/tmpjtmerwzs.v",
    "__class__": "Path"
   },
   {
    "name": "/tmp/nvimFBQ9ZC/tmpllxs2qjm.v",
    "__class__": "Path"
   },
   {
    "name": "/tmp/nvimFBQ9ZC/tmpmvhlny68.v",
    "__class__": "Path"
   },
   {
    "name": "/tmp/nvimFBQ9ZC/tmpa_612nte.v",
    "__class__": "Path"
   },
   {
    "name": "/tmp/nvimFBQ9ZC/tmpdmtck0qq.v",
    "__class__": "Path"
   },
   {
    "name": "/tmp/nvimFBQ9ZC/tmpjuwfozfb.v",
    "__class__": "Path"
   },
   {
    "name": "/tmp/nvimFBQ9ZC/tmpxrec0vsu.v",
    "__class__": "Path"
   },
   {
    "name": "/tmp/nvimFBQ9ZC/tmpnr9teoqr.v",
    "__class__": "Path"
   },
   {
    "name": "/tmp/nvimFBQ9ZC/tmpitxog0mq.v",
    "__class__": "Path"
   },
   {
    "name": "/tmp/nvimFBQ9ZC/tmpz15ie3u1.v",
    "__class__": "Path"
   },
   {
    "name": "/tmp/nvimFBQ9ZC/tmp28t6n8db.v",
    "__class__": "Path"
   },
   {
    "name": "/tmp/nvimFBQ9ZC/tmput36rsyl.v",
    "__class__": "Path"
   },
   {
    "name": "/tmp/nvimFBQ9ZC/tmpuw28oavi.v",
    "__class__": "Path"
   },
   {
    "name": "/tmp/nvimFBQ9ZC/tmpb8trdtjg.v",
    "__class__": "Path"
   },
   {
    "name": "/tmp/nvimFBQ9ZC/tmpttc5l57y.v",
    "__class__": "Path"
   },
   {
    "name": "/tmp/nvimFBQ9ZC/tmpp8t841ji.v",
    "__class__": "Path"
   },
   {
    "name": "/tmp/nvimFBQ9ZC/tmp0412m6ia.v",
    "__class__": "Path"
   },
   {
    "name": "/tmp/nvimFBQ9ZC/tmpwu9yf5n2.v",
    "__class__": "Path"
   },
   {
    "name": "/tmp/nvimFBQ9ZC/tmp9kd4tj_4.v",
    "__class__": "Path"
   },
   {
    "name": "/tmp/nvimFBQ9ZC/tmp71peaprl.v",
    "__class__": "Path"
   },
   {
    "name": "/tmp/nvimFBQ9ZC/tmpcox83op_.v",
    "__class__": "Path"
   },
   {
    "name": "/tmp/nvimFBQ9ZC/tmpsbbm_ahn.v",
    "__class__": "Path"
   },
   {
    "name": "/tmp/nvimFBQ9ZC/tmp31lpz427.v",
    "__class__": "Path"
   },
   {
    "name": "/tmp/nvimFBQ9ZC/tmprtp9umkj.v",
    "__class__": "Path"
   },
   {
    "name": "/tmp/nvimFBQ9ZC/tmpd7yryvh_.v",
    "__class__": "Path"
   },
   {
    "name": "/tmp/nvimFBQ9ZC/tmpsgmqf3pm.v",
    "__class__": "Path"
   },
   {
    "name": "/tmp/nvimFBQ9ZC/tmpk5v5m63n.v",
    "__class__": "Path"
   },
   {
    "name": "/tmp/nvimFBQ9ZC/tmpo2n9nh0w.v",
    "__class__": "Path"
   },
   {
    "name": "/tmp/nvimFBQ9ZC/tmp9ps7z0s2.v",
    "__class__": "Path"
   },
   {
    "name": "/tmp/nvimFBQ9ZC/tmppvl1jeyz.v",
    "__class__": "Path"
   },
   {
    "name": "/tmp/nvimFBQ9ZC/tmpi9eq5tvn.v",
    "__class__": "Path"
   },
   {
    "name": "/tmp/nvimFBQ9ZC/tmpyciezorc.v",
    "__class__": "Path"
   },
   {
    "name": "/tmp/nvimFBQ9ZC/tmp3vlhfqr2.v",
    "__class__": "Path"
   },
   {
    "name": "/tmp/nvimFBQ9ZC/tmphbnnxbun.v",
    "__class__": "Path"
   },
   {
    "name": "/tmp/nvimFBQ9ZC/tmp_gma97yr.v",
    "__class__": "Path"
   },
   {
    "name": "/tmp/nvimFBQ9ZC/tmpj2m_l82m.v",
    "__class__": "Path"
   },
   {
    "name": "/tmp/nvimFBQ9ZC/tmp62rdhkrq.v",
    "__class__": "Path"
   },
   {
    "name": "/tmp/nvimFBQ9ZC/tmp5_uqmglh.v",
    "__class__": "Path"
   },
   {
    "name": "/tmp/nvimFBQ9ZC/tmpb0v8at1z.v",
    "__class__": "Path"
   },
   {
    "name": "/tmp/nvimFBQ9ZC/tmpa_ouw38c.v",
    "__class__": "Path"
   },
   {
    "name": "/tmp/nvimFBQ9ZC/tmp2nvv_1p4.v",
    "__class__": "Path"
   },
   {
    "name": "/tmp/nvimFBQ9ZC/tmp69r9zr76.v",
    "__class__": "Path"
   },
   {
    "name": "/tmp/nvimFBQ9ZC/tmpomlsz2l4.v",
    "__class__": "Path"
   },
   {
    "name": "/tmp/nvimFBQ9ZC/tmp4lu5w1lh.v",
    "__class__": "Path"
   },
   {
    "name": "/tmp/nvimFBQ9ZC/tmpn_ij7i_7.v",
    "__class__": "Path"
   },
   {
    "name": "/tmp/nvimFBQ9ZC/tmpggj0j9le.v",
    "__class__": "Path"
   },
   {
    "name": "/tmp/nvimFBQ9ZC/tmp3tdqkx9p.v",
    "__class__": "Path"
   },
   {
    "name": "/tmp/nvimFBQ9ZC/tmp2pb0_pbt.v",
    "__class__": "Path"
   },
   {
    "name": "/tmp/nvimFBQ9ZC/tmpmyf1inj7.v",
    "__class__": "Path"
   },
   {
    "name": "/tmp/nvimFBQ9ZC/tmpl9nzp4z2.v",
    "__class__": "Path"
   },
   {
    "name": "/tmp/nvimFBQ9ZC/tmpn3j_3v93.v",
    "__class__": "Path"
   },
   {
    "name": "/tmp/nvimFBQ9ZC/tmp46rekmki.v",
    "__class__": "Path"
   },
   {
    "name": "/tmp/nvimFBQ9ZC/tmp7d2jdyqu.v",
    "__class__": "Path"
   },
   {
    "name": "/tmp/nvimFBQ9ZC/tmpfso5rf2o.v",
    "__class__": "Path"
   }
  ],
  "design_units": [
   {
    "owner": {
     "name": "/home/zww/Documents/College/2022SP/HDL/HdlMicroProcessor/HdlMicroProcessor.srcs/sim/pipeline/stages/execute/alu_input_mux/alu_input_mux.v",
     "__class__": "Path"
    },
    "type_": "entity",
    "name": {
     "name": "alu_input_mux",
     "case_sensitive": true,
     "__class__": "VerilogIdentifier"
    },
    "locations": [
     [
      8,
      7
     ]
    ],
    "__class__": "VerilogDesignUnit"
   },
   {
    "owner": {
     "name": "/home/zww/Documents/College/2022SP/HDL/HdlMicroProcessor/HdlMicroProcessor.srcs/sim/pipeline/stages/execute/flags_register.v",
     "__class__": "Path"
    },
    "type_": "entity",
    "name": {
     "name": "flags_register",
     "case_sensitive": true,
     "__class__": "VerilogIdentifier"
    },
    "locations": [
     [
      8,
      7
     ]
    ],
    "__class__": "VerilogDesignUnit"
   },
   {
    "owner": {
     "name": "/home/zww/Documents/College/2022SP/HDL/HdlMicroProcessor/HdlMicroProcessor.srcs/sim/pipeline/stages/execute/execute.v",
     "__class__": "Path"
    },
    "type_": "entity",
    "name": {
     "name": "execute",
     "case_sensitive": true,
     "__class__": "VerilogIdentifier"
    },
    "locations": [
     [
      8,
      7
     ]
    ],
    "__class__": "VerilogDesignUnit"
   },
   {
    "owner": {
     "name": "/home/zww/Documents/College/2022SP/HDL/HdlMicroProcessor/HdlMicroProcessor.srcs/sim/pipeline/stages/execute/alu.v",
     "__class__": "Path"
    },
    "type_": "entity",
    "name": {
     "name": "alu",
     "case_sensitive": true,
     "__class__": "VerilogIdentifier"
    },
    "locations": [
     [
      2,
      7
     ]
    ],
    "__class__": "VerilogDesignUnit"
   },
   {
    "owner": {
     "name": "/home/zww/Documents/College/2022SP/HDL/HdlMicroProcessor/HdlMicroProcessor.srcs/sim/pipeline/stages/execute/ex_mem_data_input_mux/ex_mem_data_input_mux.v",
     "__class__": "Path"
    },
    "type_": "entity",
    "name": {
     "name": "ex_mem_data_input_mux",
     "case_sensitive": true,
     "__class__": "VerilogIdentifier"
    },
    "locations": [
     [
      8,
      7
     ]
    ],
    "__class__": "VerilogDesignUnit"
   },
   {
    "owner": {
     "name": "/home/zww/Documents/College/2022SP/HDL/HdlMicroProcessor/HdlMicroProcessor.srcs/sim/pipeline/stages/execute/memory_forwarding_logic/memory_forwarding_logic.v",
     "__class__": "Path"
    },
    "type_": "entity",
    "name": {
     "name": "memory_forwarding_logic",
     "case_sensitive": true,
     "__class__": "VerilogIdentifier"
    },
    "locations": [
     [
      8,
      7
     ]
    ],
    "__class__": "VerilogDesignUnit"
   }
  ],
  "__class__": "Database"
 },
 "__version__": "0.7.4"
}