{
 "builder": {
  "_version": "<undefined>",
  "_logger": "hdl_checker.builders.fallback",
  "_work_folder": "/home/zww/Documents/College/2022SP/HDL/HdlMicroProcessor/HdlMicroProcessor.srcs/sim/pipeline/stages/decode/.hdl_checker",
  "_builtin_libraries": [],
  "_added_libraries": [
   {
    "name": "default_library",
    "case_sensitive": false,
    "__class__": "Identifier"
   }
  ],
  "__class__": "Fallback"
 },
 "config_file": [
  {
   "name": "/tmp/hdl_checker_project_pid185864.json",
   "__class__": "Path"
  },
  1645064397.61787,
  "generated"
 ],
 "database": {
  "sources": [
   {
    "path": {
     "name": "/tmp/nvimiE2VGy/tmppx9fgb1x.v",
     "__class__": "TemporaryPath"
    },
    "mtime": 1645065064.2408817,
    "flags": {
     "source_specific": [],
     "single": [],
     "dependencies": []
    },
    "dependencies": [],
    "diags": []
   },
   {
    "path": {
     "name": "/home/zww/Documents/College/2022SP/HDL/HdlMicroProcessor/HdlMicroProcessor.srcs/sim/pipeline/stages/decode/decode.v",
     "__class__": "Path"
    },
    "mtime": 1645064863.4046793,
    "flags": {
     "source_specific": [],
     "single": [],
     "dependencies": []
    },
    "dependencies": [],
    "diags": []
   }
  ],
  "inferred_libraries": [
   {
    "name": "/tmp/nvimiE2VGy/tmp1zkhjcvz.v",
    "__class__": "Path"
   },
   {
    "name": "/tmp/nvimiE2VGy/tmptt5tfbdb.v",
    "__class__": "Path"
   },
   {
    "name": "/tmp/nvimiE2VGy/tmpzqrwmry_.v",
    "__class__": "Path"
   },
   {
    "name": "/tmp/nvimiE2VGy/tmpun07_828.v",
    "__class__": "Path"
   },
   {
    "name": "/tmp/nvimiE2VGy/tmp18lepl7v.v",
    "__class__": "Path"
   },
   {
    "name": "/tmp/nvimiE2VGy/tmpthxav6yh.v",
    "__class__": "Path"
   },
   {
    "name": "/tmp/nvimiE2VGy/tmp8ej3qtpj.v",
    "__class__": "Path"
   },
   {
    "name": "/tmp/nvimiE2VGy/tmpue242swf.v",
    "__class__": "Path"
   },
   {
    "name": "/tmp/nvimiE2VGy/tmpy07vf_p0.v",
    "__class__": "Path"
   },
   {
    "name": "/tmp/nvimiE2VGy/tmpwaga0cf5.v",
    "__class__": "Path"
   },
   {
    "name": "/tmp/nvimiE2VGy/tmp5dfvejf4.v",
    "__class__": "Path"
   },
   {
    "name": "/tmp/nvimiE2VGy/tmpr3o7s51_.v",
    "__class__": "Path"
   },
   {
    "name": "/tmp/nvimiE2VGy/tmpjabqudpp.v",
    "__class__": "Path"
   },
   {
    "name": "/tmp/nvimiE2VGy/tmpfd61ydw1.v",
    "__class__": "Path"
   },
   {
    "name": "/tmp/nvimiE2VGy/tmp3h_d0fri.v",
    "__class__": "Path"
   },
   {
    "name": "/tmp/nvimiE2VGy/tmpdk6si40w.v",
    "__class__": "Path"
   },
   {
    "name": "/tmp/nvimiE2VGy/tmplf5yn8my.v",
    "__class__": "Path"
   },
   {
    "name": "/tmp/nvimiE2VGy/tmpmwdiswwz.v",
    "__class__": "Path"
   },
   {
    "name": "/tmp/nvimiE2VGy/tmpazi284s_.v",
    "__class__": "Path"
   },
   {
    "name": "/tmp/nvimiE2VGy/tmp83fcqpfr.v",
    "__class__": "Path"
   },
   {
    "name": "/tmp/nvimiE2VGy/tmphm1ik_of.v",
    "__class__": "Path"
   },
   {
    "name": "/tmp/nvimiE2VGy/tmp76tcczkq.v",
    "__class__": "Path"
   },
   {
    "name": "/tmp/nvimiE2VGy/tmp8edlccmx.v",
    "__class__": "Path"
   },
   {
    "name": "/tmp/nvimiE2VGy/tmp_uo09rgq.v",
    "__class__": "Path"
   },
   {
    "name": "/tmp/nvimiE2VGy/tmpkgx4nxjl.v",
    "__class__": "Path"
   },
   {
    "name": "/tmp/nvimiE2VGy/tmpethhvuiq.v",
    "__class__": "Path"
   },
   {
    "name": "/tmp/nvimiE2VGy/tmpl0lk52xx.v",
    "__class__": "Path"
   },
   {
    "name": "/tmp/nvimiE2VGy/tmpkw77bgxg.v",
    "__class__": "Path"
   },
   {
    "name": "/tmp/nvimiE2VGy/tmp6mgj74kp.v",
    "__class__": "Path"
   },
   {
    "name": "/tmp/nvimiE2VGy/tmpsydmf7fs.v",
    "__class__": "Path"
   },
   {
    "name": "/tmp/nvimiE2VGy/tmpn559819x.v",
    "__class__": "Path"
   },
   {
    "name": "/tmp/nvimiE2VGy/tmp2lq5gcc6.v",
    "__class__": "Path"
   },
   {
    "name": "/tmp/nvimiE2VGy/tmpn5yf2iao.v",
    "__class__": "Path"
   },
   {
    "name": "/tmp/nvimiE2VGy/tmpnqkwyk8j.v",
    "__class__": "Path"
   },
   {
    "name": "/tmp/nvimiE2VGy/tmpghlhouvx.v",
    "__class__": "Path"
   },
   {
    "name": "/tmp/nvimiE2VGy/tmpfmg2175j.v",
    "__class__": "Path"
   },
   {
    "name": "/tmp/nvimiE2VGy/tmp7s5ycwrj.v",
    "__class__": "Path"
   },
   {
    "name": "/tmp/nvimiE2VGy/tmpvq7jnbek.v",
    "__class__": "Path"
   },
   {
    "name": "/tmp/nvimiE2VGy/tmp3_i67taa.v",
    "__class__": "Path"
   },
   {
    "name": "/tmp/nvimiE2VGy/tmpyd9dq3j7.v",
    "__class__": "Path"
   },
   {
    "name": "/tmp/nvimiE2VGy/tmphlp3k9nt.v",
    "__class__": "Path"
   },
   {
    "name": "/tmp/nvimiE2VGy/tmpszy_78v9.v",
    "__class__": "Path"
   },
   {
    "name": "/tmp/nvimiE2VGy/tmpwkrto5lb.v",
    "__class__": "Path"
   },
   {
    "name": "/tmp/nvimiE2VGy/tmpnai1ej0j.v",
    "__class__": "Path"
   },
   {
    "name": "/tmp/nvimiE2VGy/tmpzv15llpg.v",
    "__class__": "Path"
   },
   {
    "name": "/tmp/nvimiE2VGy/tmprk1sq2kg.v",
    "__class__": "Path"
   },
   {
    "name": "/tmp/nvimiE2VGy/tmp1g96mtyq.v",
    "__class__": "Path"
   },
   {
    "name": "/tmp/nvimiE2VGy/tmpz36w8gx3.v",
    "__class__": "Path"
   },
   {
    "name": "/tmp/nvimiE2VGy/tmpf7c54nss.v",
    "__class__": "Path"
   },
   {
    "name": "/tmp/nvimiE2VGy/tmpfvtxcgat.v",
    "__class__": "Path"
   },
   {
    "name": "/tmp/nvimiE2VGy/tmppqb8ghjf.v",
    "__class__": "Path"
   },
   {
    "name": "/tmp/nvimiE2VGy/tmpttt319m_.v",
    "__class__": "Path"
   },
   {
    "name": "/home/zww/Documents/College/2022SP/HDL/HdlMicroProcessor/HdlMicroProcessor.srcs/sim/pipeline/stages/decode/decode.v",
    "__class__": "Path"
   },
   {
    "name": "/tmp/nvimiE2VGy/tmpf311dvmq.v",
    "__class__": "Path"
   },
   {
    "name": "/tmp/nvimiE2VGy/tmphrhke44q.v",
    "__class__": "Path"
   },
   {
    "name": "/tmp/nvimiE2VGy/tmp_85k10gh.v",
    "__class__": "Path"
   },
   {
    "name": "/tmp/nvimiE2VGy/tmpzex658u_.v",
    "__class__": "Path"
   },
   {
    "name": "/tmp/nvimiE2VGy/tmpqpzmjsvp.v",
    "__class__": "Path"
   },
   {
    "name": "/tmp/nvimiE2VGy/tmprufekaf2.v",
    "__class__": "Path"
   },
   {
    "name": "/tmp/nvimiE2VGy/tmpdf6lf331.v",
    "__class__": "Path"
   },
   {
    "name": "/tmp/nvimiE2VGy/tmp82c2za9w.v",
    "__class__": "Path"
   },
   {
    "name": "/tmp/nvimiE2VGy/tmpne180u49.v",
    "__class__": "Path"
   },
   {
    "name": "/tmp/nvimiE2VGy/tmplmcavenb.v",
    "__class__": "Path"
   },
   {
    "name": "/tmp/nvimiE2VGy/tmpnelhydu1.v",
    "__class__": "Path"
   },
   {
    "name": "/tmp/nvimiE2VGy/tmpajyafbsr.v",
    "__class__": "Path"
   },
   {
    "name": "/tmp/nvimiE2VGy/tmp6tjfgbkz.v",
    "__class__": "Path"
   },
   {
    "name": "/tmp/nvimiE2VGy/tmpxpsoogja.v",
    "__class__": "Path"
   },
   {
    "name": "/tmp/nvimiE2VGy/tmpi6viwk_o.v",
    "__class__": "Path"
   },
   {
    "name": "/tmp/nvimiE2VGy/tmpprxv19rn.v",
    "__class__": "Path"
   },
   {
    "name": "/tmp/nvimiE2VGy/tmp_ywcazi9.v",
    "__class__": "Path"
   },
   {
    "name": "/tmp/nvimiE2VGy/tmpqa5b1eoo.v",
    "__class__": "Path"
   },
   {
    "name": "/tmp/nvimiE2VGy/tmpg_w0j57v.v",
    "__class__": "Path"
   },
   {
    "name": "/tmp/nvimiE2VGy/tmpvupefm2x.v",
    "__class__": "Path"
   },
   {
    "name": "/tmp/nvimiE2VGy/tmpn3dz590t.v",
    "__class__": "Path"
   },
   {
    "name": "/tmp/nvimiE2VGy/tmpe8knkk6n.v",
    "__class__": "Path"
   },
   {
    "name": "/tmp/nvimiE2VGy/tmp79imme8w.v",
    "__class__": "Path"
   },
   {
    "name": "/tmp/nvimiE2VGy/tmpvmti5ot4.v",
    "__class__": "Path"
   },
   {
    "name": "/tmp/nvimiE2VGy/tmpsfy5dmka.v",
    "__class__": "Path"
   },
   {
    "name": "/tmp/nvimiE2VGy/tmpiizp5489.v",
    "__class__": "Path"
   },
   {
    "name": "/tmp/nvimiE2VGy/tmpeonjsk5j.v",
    "__class__": "Path"
   },
   {
    "name": "/tmp/nvimiE2VGy/tmpdp5subdn.v",
    "__class__": "Path"
   },
   {
    "name": "/tmp/nvimiE2VGy/tmp1lv_als8.v",
    "__class__": "Path"
   },
   {
    "name": "/tmp/nvimiE2VGy/tmphhmhh3lh.v",
    "__class__": "Path"
   },
   {
    "name": "/tmp/nvimiE2VGy/tmp9_dyu9bi.v",
    "__class__": "Path"
   },
   {
    "name": "/tmp/nvimiE2VGy/tmpvt8x7sq2.v",
    "__class__": "Path"
   },
   {
    "name": "/tmp/nvimiE2VGy/tmpobdcmfxh.v",
    "__class__": "Path"
   },
   {
    "name": "/tmp/nvimiE2VGy/tmpivgtj5u0.v",
    "__class__": "Path"
   },
   {
    "name": "/tmp/nvimiE2VGy/tmpx6w4s8c3.v",
    "__class__": "Path"
   },
   {
    "name": "/tmp/nvimiE2VGy/tmpplt8tsxj.v",
    "__class__": "Path"
   },
   {
    "name": "/tmp/nvimiE2VGy/tmpv8cpnyj4.v",
    "__class__": "Path"
   },
   {
    "name": "/tmp/nvimiE2VGy/tmpfql_t4jl.v",
    "__class__": "Path"
   },
   {
    "name": "/tmp/nvimiE2VGy/tmph9797fc0.v",
    "__class__": "Path"
   },
   {
    "name": "/tmp/nvimiE2VGy/tmpa54i_399.v",
    "__class__": "Path"
   },
   {
    "name": "/tmp/nvimiE2VGy/tmpsrh6nlsv.v",
    "__class__": "Path"
   },
   {
    "name": "/tmp/nvimiE2VGy/tmplabe87ga.v",
    "__class__": "Path"
   },
   {
    "name": "/tmp/nvimiE2VGy/tmpznjz560e.v",
    "__class__": "Path"
   },
   {
    "name": "/tmp/nvimiE2VGy/tmpt0wsrgxg.v",
    "__class__": "Path"
   },
   {
    "name": "/tmp/nvimiE2VGy/tmp6ekz50jr.v",
    "__class__": "Path"
   },
   {
    "name": "/tmp/nvimiE2VGy/tmp44hx2m9_.v",
    "__class__": "Path"
   },
   {
    "name": "/tmp/nvimiE2VGy/tmp4vgs90i0.v",
    "__class__": "Path"
   },
   {
    "name": "/tmp/nvimiE2VGy/tmpo3nh_ymu.v",
    "__class__": "Path"
   },
   {
    "name": "/tmp/nvimiE2VGy/tmp0z19c4br.v",
    "__class__": "Path"
   },
   {
    "name": "/tmp/nvimiE2VGy/tmp5k3dw8pe.v",
    "__class__": "Path"
   },
   {
    "name": "/tmp/nvimiE2VGy/tmpqc9d4l_q.v",
    "__class__": "Path"
   },
   {
    "name": "/tmp/nvimiE2VGy/tmpue_slkhd.v",
    "__class__": "Path"
   },
   {
    "name": "/tmp/nvimiE2VGy/tmpz33a3cha.v",
    "__class__": "Path"
   },
   {
    "name": "/tmp/nvimiE2VGy/tmpp3zikhfu.v",
    "__class__": "Path"
   },
   {
    "name": "/tmp/nvimiE2VGy/tmpeocu2mzk.v",
    "__class__": "Path"
   },
   {
    "name": "/tmp/nvimiE2VGy/tmpaezl5k4g.v",
    "__class__": "Path"
   },
   {
    "name": "/tmp/nvimiE2VGy/tmplxy87cax.v",
    "__class__": "Path"
   },
   {
    "name": "/tmp/nvimiE2VGy/tmp1_yi6bjq.v",
    "__class__": "Path"
   },
   {
    "name": "/tmp/nvimiE2VGy/tmpo0w69evl.v",
    "__class__": "Path"
   },
   {
    "name": "/tmp/nvimiE2VGy/tmp12s2pmib.v",
    "__class__": "Path"
   },
   {
    "name": "/tmp/nvimiE2VGy/tmpwdgniyot.v",
    "__class__": "Path"
   },
   {
    "name": "/tmp/nvimiE2VGy/tmptc6pdvsm.v",
    "__class__": "Path"
   },
   {
    "name": "/tmp/nvimiE2VGy/tmp574c45j1.v",
    "__class__": "Path"
   },
   {
    "name": "/tmp/nvimiE2VGy/tmpzmqyucwi.v",
    "__class__": "Path"
   },
   {
    "name": "/tmp/nvimiE2VGy/tmp9llqe1bo.v",
    "__class__": "Path"
   },
   {
    "name": "/tmp/nvimiE2VGy/tmph9of152x.v",
    "__class__": "Path"
   },
   {
    "name": "/tmp/nvimiE2VGy/tmpprvixfhv.v",
    "__class__": "Path"
   },
   {
    "name": "/tmp/nvimiE2VGy/tmpmmm7k9xa.v",
    "__class__": "Path"
   },
   {
    "name": "/tmp/nvimiE2VGy/tmpwvmio08v.v",
    "__class__": "Path"
   },
   {
    "name": "/tmp/nvimiE2VGy/tmpt5wj25ny.v",
    "__class__": "Path"
   },
   {
    "name": "/tmp/nvimiE2VGy/tmpvghopfdq.v",
    "__class__": "Path"
   },
   {
    "name": "/tmp/nvimiE2VGy/tmpplfrqzk5.v",
    "__class__": "Path"
   },
   {
    "name": "/tmp/nvimiE2VGy/tmpm09xkk_o.v",
    "__class__": "Path"
   },
   {
    "name": "/tmp/nvimiE2VGy/tmphiip4qem.v",
    "__class__": "Path"
   },
   {
    "name": "/tmp/nvimiE2VGy/tmpfklugeod.v",
    "__class__": "Path"
   },
   {
    "name": "/tmp/nvimiE2VGy/tmp3prilm0b.v",
    "__class__": "Path"
   },
   {
    "name": "/tmp/nvimiE2VGy/tmpabaj0e4_.v",
    "__class__": "Path"
   },
   {
    "name": "/tmp/nvimiE2VGy/tmp20q3j51g.v",
    "__class__": "Path"
   },
   {
    "name": "/tmp/nvimiE2VGy/tmpk1gjntwh.v",
    "__class__": "Path"
   },
   {
    "name": "/tmp/nvimiE2VGy/tmps252f5ng.v",
    "__class__": "Path"
   },
   {
    "name": "/tmp/nvimiE2VGy/tmpnxkr00g_.v",
    "__class__": "Path"
   },
   {
    "name": "/tmp/nvimiE2VGy/tmp1d5edzgo.v",
    "__class__": "Path"
   },
   {
    "name": "/tmp/nvimiE2VGy/tmpc7xe_eha.v",
    "__class__": "Path"
   },
   {
    "name": "/tmp/nvimiE2VGy/tmpn2p9hblw.v",
    "__class__": "Path"
   },
   {
    "name": "/tmp/nvimiE2VGy/tmp7o3t16vy.v",
    "__class__": "Path"
   },
   {
    "name": "/tmp/nvimiE2VGy/tmpzwnct7l6.v",
    "__class__": "Path"
   },
   {
    "name": "/tmp/nvimiE2VGy/tmpjywwjpli.v",
    "__class__": "Path"
   },
   {
    "name": "/tmp/nvimiE2VGy/tmpr7hucdbc.v",
    "__class__": "Path"
   },
   {
    "name": "/tmp/nvimiE2VGy/tmp201uu4ow.v",
    "__class__": "Path"
   },
   {
    "name": "/tmp/nvimiE2VGy/tmp62w07q0i.v",
    "__class__": "Path"
   },
   {
    "name": "/tmp/nvimiE2VGy/tmp2_4llyxk.v",
    "__class__": "Path"
   },
   {
    "name": "/tmp/nvimiE2VGy/tmp7k7fjxfd.v",
    "__class__": "Path"
   },
   {
    "name": "/tmp/nvimiE2VGy/tmpf0g_sniy.v",
    "__class__": "Path"
   },
   {
    "name": "/tmp/nvimiE2VGy/tmpociwotk0.v",
    "__class__": "Path"
   },
   {
    "name": "/tmp/nvimiE2VGy/tmpnmsoe98g.v",
    "__class__": "Path"
   },
   {
    "name": "/tmp/nvimiE2VGy/tmp0sisor28.v",
    "__class__": "Path"
   },
   {
    "name": "/tmp/nvimiE2VGy/tmpczbz938j.v",
    "__class__": "Path"
   },
   {
    "name": "/tmp/nvimiE2VGy/tmpr4u5gu9s.v",
    "__class__": "Path"
   },
   {
    "name": "/tmp/nvimiE2VGy/tmp3whogc2r.v",
    "__class__": "Path"
   },
   {
    "name": "/tmp/nvimiE2VGy/tmpi16wcc54.v",
    "__class__": "Path"
   },
   {
    "name": "/tmp/nvimiE2VGy/tmp9335vc8g.v",
    "__class__": "Path"
   },
   {
    "name": "/tmp/nvimiE2VGy/tmp3o8ysquy.v",
    "__class__": "Path"
   },
   {
    "name": "/tmp/nvimiE2VGy/tmpaagqg6uh.v",
    "__class__": "Path"
   },
   {
    "name": "/tmp/nvimiE2VGy/tmpzzaw_q45.v",
    "__class__": "Path"
   },
   {
    "name": "/tmp/nvimiE2VGy/tmpvo2_fp1a.v",
    "__class__": "Path"
   },
   {
    "name": "/tmp/nvimiE2VGy/tmppx9fgb1x.v",
    "__class__": "Path"
   },
   {
    "name": "/tmp/nvimiE2VGy/tmpjf9nxaah.v",
    "__class__": "Path"
   },
   {
    "name": "/tmp/nvimiE2VGy/tmpk1ak_vxc.v",
    "__class__": "Path"
   },
   {
    "name": "/tmp/nvimiE2VGy/tmpngx23gmb.v",
    "__class__": "Path"
   },
   {
    "name": "/tmp/nvimiE2VGy/tmp13os6vun.v",
    "__class__": "Path"
   },
   {
    "name": "/tmp/nvimiE2VGy/tmppcovocjv.v",
    "__class__": "Path"
   },
   {
    "name": "/tmp/nvimiE2VGy/tmpzxfbvub6.v",
    "__class__": "Path"
   },
   {
    "name": "/tmp/nvimiE2VGy/tmpka03zabz.v",
    "__class__": "Path"
   },
   {
    "name": "/tmp/nvimiE2VGy/tmpna6swxgr.v",
    "__class__": "Path"
   },
   {
    "name": "/tmp/nvimiE2VGy/tmpmy4kom6_.v",
    "__class__": "Path"
   },
   {
    "name": "/tmp/nvimiE2VGy/tmpodef7p9y.v",
    "__class__": "Path"
   },
   {
    "name": "/tmp/nvimiE2VGy/tmpvzki8ufc.v",
    "__class__": "Path"
   },
   {
    "name": "/tmp/nvimiE2VGy/tmp3te072yv.v",
    "__class__": "Path"
   },
   {
    "name": "/tmp/nvimiE2VGy/tmpize1yj1m.v",
    "__class__": "Path"
   },
   {
    "name": "/tmp/nvimiE2VGy/tmpci7amvpz.v",
    "__class__": "Path"
   },
   {
    "name": "/tmp/nvimiE2VGy/tmpgmwyum16.v",
    "__class__": "Path"
   },
   {
    "name": "/tmp/nvimiE2VGy/tmpzbmslj5o.v",
    "__class__": "Path"
   },
   {
    "name": "/tmp/nvimiE2VGy/tmpk3qi3z5o.v",
    "__class__": "Path"
   },
   {
    "name": "/tmp/nvimiE2VGy/tmpfd48z_q7.v",
    "__class__": "Path"
   },
   {
    "name": "/tmp/nvimiE2VGy/tmpo1i8dgai.v",
    "__class__": "Path"
   },
   {
    "name": "/tmp/nvimiE2VGy/tmpm2dw7p0c.v",
    "__class__": "Path"
   },
   {
    "name": "/tmp/nvimiE2VGy/tmpthckq5p8.v",
    "__class__": "Path"
   },
   {
    "name": "/tmp/nvimiE2VGy/tmpphyfuo5t.v",
    "__class__": "Path"
   },
   {
    "name": "/tmp/nvimiE2VGy/tmpj32de3lb.v",
    "__class__": "Path"
   },
   {
    "name": "/tmp/nvimiE2VGy/tmpydv4qw6c.v",
    "__class__": "Path"
   },
   {
    "name": "/tmp/nvimiE2VGy/tmpcu6j8qcc.v",
    "__class__": "Path"
   },
   {
    "name": "/tmp/nvimiE2VGy/tmpiv_47vgs.v",
    "__class__": "Path"
   },
   {
    "name": "/tmp/nvimiE2VGy/tmpe_aas2fu.v",
    "__class__": "Path"
   },
   {
    "name": "/tmp/nvimiE2VGy/tmps7_5o69a.v",
    "__class__": "Path"
   },
   {
    "name": "/tmp/nvimiE2VGy/tmpohbqkxm9.v",
    "__class__": "Path"
   },
   {
    "name": "/tmp/nvimiE2VGy/tmpd99rfa0u.v",
    "__class__": "Path"
   },
   {
    "name": "/tmp/nvimiE2VGy/tmp01s773fl.v",
    "__class__": "Path"
   },
   {
    "name": "/tmp/nvimiE2VGy/tmp1rsh9b_z.v",
    "__class__": "Path"
   },
   {
    "name": "/tmp/nvimiE2VGy/tmpdirsxbo9.v",
    "__class__": "Path"
   },
   {
    "name": "/tmp/nvimiE2VGy/tmp1goixaf3.v",
    "__class__": "Path"
   },
   {
    "name": "/tmp/nvimiE2VGy/tmpuzd1u6kl.v",
    "__class__": "Path"
   },
   {
    "name": "/tmp/nvimiE2VGy/tmpimmaxyda.v",
    "__class__": "Path"
   },
   {
    "name": "/tmp/nvimiE2VGy/tmpeui3s370.v",
    "__class__": "Path"
   },
   {
    "name": "/tmp/nvimiE2VGy/tmp6mrnklpf.v",
    "__class__": "Path"
   },
   {
    "name": "/tmp/nvimiE2VGy/tmplnvgi97m.v",
    "__class__": "Path"
   },
   {
    "name": "/tmp/nvimiE2VGy/tmpu3bpole5.v",
    "__class__": "Path"
   },
   {
    "name": "/tmp/nvimiE2VGy/tmpsjw4l4f4.v",
    "__class__": "Path"
   },
   {
    "name": "/tmp/nvimiE2VGy/tmpdle6bqtk.v",
    "__class__": "Path"
   },
   {
    "name": "/tmp/nvimiE2VGy/tmpba6lr14s.v",
    "__class__": "Path"
   },
   {
    "name": "/tmp/nvimiE2VGy/tmpu_hjacrj.v",
    "__class__": "Path"
   },
   {
    "name": "/tmp/nvimiE2VGy/tmp_9v_t_io.v",
    "__class__": "Path"
   },
   {
    "name": "/tmp/nvimiE2VGy/tmpkqsh6_e6.v",
    "__class__": "Path"
   },
   {
    "name": "/tmp/nvimiE2VGy/tmpip1hio_1.v",
    "__class__": "Path"
   },
   {
    "name": "/tmp/nvimiE2VGy/tmpv1f806xf.v",
    "__class__": "Path"
   },
   {
    "name": "/tmp/nvimiE2VGy/tmplcvgn3ur.v",
    "__class__": "Path"
   },
   {
    "name": "/tmp/nvimiE2VGy/tmpphxp62yi.v",
    "__class__": "Path"
   },
   {
    "name": "/tmp/nvimiE2VGy/tmp3smbof_b.v",
    "__class__": "Path"
   },
   {
    "name": "/tmp/nvimiE2VGy/tmp_ss_7jyr.v",
    "__class__": "Path"
   },
   {
    "name": "/tmp/nvimiE2VGy/tmpf_57qa9u.v",
    "__class__": "Path"
   },
   {
    "name": "/tmp/nvimiE2VGy/tmpi_plfla5.v",
    "__class__": "Path"
   },
   {
    "name": "/tmp/nvimiE2VGy/tmpd591c_8i.v",
    "__class__": "Path"
   },
   {
    "name": "/tmp/nvimiE2VGy/tmprd0ujhrp.v",
    "__class__": "Path"
   }
  ],
  "design_units": [
   {
    "owner": {
     "name": "/home/zww/Documents/College/2022SP/HDL/HdlMicroProcessor/HdlMicroProcessor.srcs/sim/pipeline/stages/decode/decode.v",
     "__class__": "Path"
    },
    "type_": "entity",
    "name": {
     "name": "decode",
     "case_sensitive": true,
     "__class__": "VerilogIdentifier"
    },
    "locations": [
     [
      8,
      7
     ]
    ],
    "__class__": "VerilogDesignUnit"
   },
   {
    "owner": {
     "name": "/tmp/nvimiE2VGy/tmppx9fgb1x.v",
     "__class__": "TemporaryPath"
    },
    "type_": "entity",
    "name": {
     "name": "decode",
     "case_sensitive": true,
     "__class__": "VerilogIdentifier"
    },
    "locations": [
     [
      8,
      7
     ]
    ],
    "__class__": "VerilogDesignUnit"
   }
  ],
  "__class__": "Database"
 },
 "__version__": "0.7.4"
}