{
 "builder": {
  "_version": "<undefined>",
  "_logger": "hdl_checker.builders.fallback",
  "_work_folder": "/home/zww/Documents/College/2022SP/HDL/HdlMicroProcessor/HdlMicroProcessor.srcs/sim/pipeline/stages/memory/mem_wb_data_input_mux/.hdl_checker",
  "_builtin_libraries": [],
  "_added_libraries": [
   {
    "name": "default_library",
    "case_sensitive": false,
    "__class__": "Identifier"
   }
  ],
  "__class__": "Fallback"
 },
 "config_file": [
  {
   "name": "/tmp/hdl_checker_project_pid806653.json",
   "__class__": "Path"
  },
  1645244840.684757,
  "generated"
 ],
 "database": {
  "sources": [
   {
    "path": {
     "name": "/home/zww/Documents/College/2022SP/HDL/HdlMicroProcessor/HdlMicroProcessor.srcs/sim/pipeline/stages/memory/mem_wb_data_input_mux/mem_wb_data_input_mux.v",
     "__class__": "Path"
    },
    "mtime": 1645244535.586628,
    "flags": {
     "source_specific": [],
     "single": [],
     "dependencies": []
    },
    "dependencies": [],
    "diags": []
   }
  ],
  "inferred_libraries": [
   {
    "name": "/tmp/nvimg6oMMj/tmpxfhodzvb.v",
    "__class__": "Path"
   },
   {
    "name": "/tmp/nvimg6oMMj/tmpsqm542jr.v",
    "__class__": "Path"
   },
   {
    "name": "/tmp/nvimg6oMMj/tmpjdgu2dcf.v",
    "__class__": "Path"
   },
   {
    "name": "/tmp/nvimg6oMMj/tmpi35zc799.v",
    "__class__": "Path"
   },
   {
    "name": "/tmp/nvimg6oMMj/tmp3wg2tbes.v",
    "__class__": "Path"
   },
   {
    "name": "/tmp/nvimg6oMMj/tmpe44c4dvt.v",
    "__class__": "Path"
   },
   {
    "name": "/tmp/nvimg6oMMj/tmpnphk3v_x.v",
    "__class__": "Path"
   },
   {
    "name": "/tmp/nvimg6oMMj/tmpdpu0650t.v",
    "__class__": "Path"
   },
   {
    "name": "/tmp/nvimg6oMMj/tmpn7kjimds.v",
    "__class__": "Path"
   },
   {
    "name": "/tmp/nvimg6oMMj/tmpeiwiaa8x.v",
    "__class__": "Path"
   },
   {
    "name": "/tmp/nvimg6oMMj/tmp7m1662_u.v",
    "__class__": "Path"
   },
   {
    "name": "/tmp/nvimg6oMMj/tmph4_uvw0_.v",
    "__class__": "Path"
   },
   {
    "name": "/tmp/nvimg6oMMj/tmpm7wkyp6g.v",
    "__class__": "Path"
   },
   {
    "name": "/tmp/nvimg6oMMj/tmphae0xez3.v",
    "__class__": "Path"
   },
   {
    "name": "/tmp/nvimg6oMMj/tmp2855phfb.v",
    "__class__": "Path"
   },
   {
    "name": "/tmp/nvimg6oMMj/tmpvvj1u9tc.v",
    "__class__": "Path"
   },
   {
    "name": "/tmp/nvimg6oMMj/tmpiemr50k2.v",
    "__class__": "Path"
   },
   {
    "name": "/tmp/nvimg6oMMj/tmp60dfhbb0.v",
    "__class__": "Path"
   },
   {
    "name": "/tmp/nvimg6oMMj/tmp179v2kxq.v",
    "__class__": "Path"
   },
   {
    "name": "/tmp/nvimg6oMMj/tmp8n6_t3ni.v",
    "__class__": "Path"
   },
   {
    "name": "/tmp/nvimg6oMMj/tmpryapxosw.v",
    "__class__": "Path"
   },
   {
    "name": "/tmp/nvimg6oMMj/tmphfo97va5.v",
    "__class__": "Path"
   },
   {
    "name": "/tmp/nvimg6oMMj/tmpqnwda2vt.v",
    "__class__": "Path"
   },
   {
    "name": "/tmp/nvimg6oMMj/tmpq6mjhr2k.v",
    "__class__": "Path"
   },
   {
    "name": "/tmp/nvimg6oMMj/tmp_ljjd9vn.v",
    "__class__": "Path"
   },
   {
    "name": "/tmp/nvimg6oMMj/tmpyk2ic3h5.v",
    "__class__": "Path"
   },
   {
    "name": "/tmp/nvimg6oMMj/tmp6qa6244e.v",
    "__class__": "Path"
   },
   {
    "name": "/tmp/nvimg6oMMj/tmpleo_x25g.v",
    "__class__": "Path"
   },
   {
    "name": "/tmp/nvimg6oMMj/tmpmdm7j7cw.v",
    "__class__": "Path"
   },
   {
    "name": "/tmp/nvimg6oMMj/tmp4g1z2rq4.v",
    "__class__": "Path"
   },
   {
    "name": "/tmp/nvimg6oMMj/tmp09tb67wi.v",
    "__class__": "Path"
   },
   {
    "name": "/tmp/nvimg6oMMj/tmprmwhgjbi.v",
    "__class__": "Path"
   },
   {
    "name": "/tmp/nvimg6oMMj/tmp26vff3zo.v",
    "__class__": "Path"
   },
   {
    "name": "/tmp/nvimg6oMMj/tmpw9q50llc.v",
    "__class__": "Path"
   },
   {
    "name": "/tmp/nvimg6oMMj/tmpusgx_bb_.v",
    "__class__": "Path"
   },
   {
    "name": "/tmp/nvimg6oMMj/tmpfgupa04j.v",
    "__class__": "Path"
   },
   {
    "name": "/tmp/nvimg6oMMj/tmp0070h9p_.v",
    "__class__": "Path"
   },
   {
    "name": "/tmp/nvimg6oMMj/tmpjhnpb6ed.v",
    "__class__": "Path"
   },
   {
    "name": "/tmp/nvimg6oMMj/tmpgr00nvsq.v",
    "__class__": "Path"
   },
   {
    "name": "/tmp/nvimg6oMMj/tmpijczucbw.v",
    "__class__": "Path"
   },
   {
    "name": "/tmp/nvimg6oMMj/tmpqolbr2an.v",
    "__class__": "Path"
   },
   {
    "name": "/tmp/nvimg6oMMj/tmpx7539uko.v",
    "__class__": "Path"
   },
   {
    "name": "/tmp/nvimg6oMMj/tmp91tsakj0.v",
    "__class__": "Path"
   },
   {
    "name": "/tmp/nvimg6oMMj/tmpftym24l6.v",
    "__class__": "Path"
   },
   {
    "name": "/tmp/nvimg6oMMj/tmp2y0frrma.v",
    "__class__": "Path"
   },
   {
    "name": "/tmp/nvimg6oMMj/tmpyshq3c2k.v",
    "__class__": "Path"
   },
   {
    "name": "/tmp/nvimg6oMMj/tmptzdtkz_l.v",
    "__class__": "Path"
   },
   {
    "name": "/tmp/nvimg6oMMj/tmpj22726jx.v",
    "__class__": "Path"
   },
   {
    "name": "/tmp/nvimg6oMMj/tmp457hdv2x.v",
    "__class__": "Path"
   },
   {
    "name": "/tmp/nvimg6oMMj/tmp_wmb_8lr.v",
    "__class__": "Path"
   },
   {
    "name": "/tmp/nvimg6oMMj/tmp1je6kbez.v",
    "__class__": "Path"
   },
   {
    "name": "/tmp/nvimg6oMMj/tmpdsvkuvzp.v",
    "__class__": "Path"
   },
   {
    "name": "/tmp/nvimg6oMMj/tmp8am0evb8.v",
    "__class__": "Path"
   },
   {
    "name": "/tmp/nvimg6oMMj/tmpubjfk2no.v",
    "__class__": "Path"
   },
   {
    "name": "/tmp/nvimg6oMMj/tmp0fi0y3kl.v",
    "__class__": "Path"
   },
   {
    "name": "/tmp/nvimg6oMMj/tmpkfxli0cx.v",
    "__class__": "Path"
   },
   {
    "name": "/tmp/nvimg6oMMj/tmp7zkrix5y.v",
    "__class__": "Path"
   },
   {
    "name": "/tmp/nvimg6oMMj/tmpqmspo__6.v",
    "__class__": "Path"
   },
   {
    "name": "/tmp/nvimg6oMMj/tmpgb3bzaqh.v",
    "__class__": "Path"
   },
   {
    "name": "/tmp/nvimg6oMMj/tmp6_oawul3.v",
    "__class__": "Path"
   },
   {
    "name": "/tmp/nvimg6oMMj/tmpw01jt1rr.v",
    "__class__": "Path"
   },
   {
    "name": "/tmp/nvimg6oMMj/tmpgc251s7h.v",
    "__class__": "Path"
   },
   {
    "name": "/tmp/nvimg6oMMj/tmpfip02uag.v",
    "__class__": "Path"
   },
   {
    "name": "/tmp/nvimg6oMMj/tmpf3lzy7qw.v",
    "__class__": "Path"
   },
   {
    "name": "/tmp/nvimg6oMMj/tmp4g4f71w2.v",
    "__class__": "Path"
   },
   {
    "name": "/tmp/nvimg6oMMj/tmpccoe4dvd.v",
    "__class__": "Path"
   },
   {
    "name": "/tmp/nvimg6oMMj/tmp5cb3expu.v",
    "__class__": "Path"
   },
   {
    "name": "/tmp/nvimg6oMMj/tmpv9hgu5qm.v",
    "__class__": "Path"
   },
   {
    "name": "/tmp/nvimg6oMMj/tmpewavbax4.v",
    "__class__": "Path"
   },
   {
    "name": "/tmp/nvimg6oMMj/tmpha0c9kpa.v",
    "__class__": "Path"
   },
   {
    "name": "/tmp/nvimg6oMMj/tmplm88_z64.v",
    "__class__": "Path"
   },
   {
    "name": "/tmp/nvimg6oMMj/tmpj89rxoo6.v",
    "__class__": "Path"
   },
   {
    "name": "/tmp/nvimg6oMMj/tmpi3e60x9g.v",
    "__class__": "Path"
   },
   {
    "name": "/tmp/nvimg6oMMj/tmpc9g7iy25.v",
    "__class__": "Path"
   },
   {
    "name": "/tmp/nvimg6oMMj/tmpppaf8f0j.v",
    "__class__": "Path"
   },
   {
    "name": "/tmp/nvimg6oMMj/tmpa9f9wko5.v",
    "__class__": "Path"
   },
   {
    "name": "/tmp/nvimg6oMMj/tmpf0ue4thr.v",
    "__class__": "Path"
   },
   {
    "name": "/tmp/nvimg6oMMj/tmpx9mx2yjb.v",
    "__class__": "Path"
   },
   {
    "name": "/tmp/nvimg6oMMj/tmpx6nru_el.v",
    "__class__": "Path"
   },
   {
    "name": "/tmp/nvimg6oMMj/tmpvm2kmm26.v",
    "__class__": "Path"
   },
   {
    "name": "/tmp/nvimg6oMMj/tmp2twz8_ry.v",
    "__class__": "Path"
   },
   {
    "name": "/tmp/nvimg6oMMj/tmp7wr6nfmt.v",
    "__class__": "Path"
   },
   {
    "name": "/tmp/nvimg6oMMj/tmp6ukxtpea.v",
    "__class__": "Path"
   },
   {
    "name": "/tmp/nvimg6oMMj/tmpvj_ra5jh.v",
    "__class__": "Path"
   },
   {
    "name": "/tmp/nvimg6oMMj/tmpiaj4kcpf.v",
    "__class__": "Path"
   },
   {
    "name": "/tmp/nvimg6oMMj/tmpe2k76l2_.v",
    "__class__": "Path"
   },
   {
    "name": "/tmp/nvimg6oMMj/tmpo23821r8.v",
    "__class__": "Path"
   },
   {
    "name": "/tmp/nvimg6oMMj/tmp4_5bmmip.v",
    "__class__": "Path"
   },
   {
    "name": "/tmp/nvimg6oMMj/tmp3gikxo4c.v",
    "__class__": "Path"
   },
   {
    "name": "/tmp/nvimg6oMMj/tmpejrsixk_.v",
    "__class__": "Path"
   },
   {
    "name": "/tmp/nvimg6oMMj/tmpzoqe1reb.v",
    "__class__": "Path"
   },
   {
    "name": "/tmp/nvimg6oMMj/tmpeqnmnnjz.v",
    "__class__": "Path"
   },
   {
    "name": "/tmp/nvimg6oMMj/tmp98xp2csx.v",
    "__class__": "Path"
   },
   {
    "name": "/tmp/nvimg6oMMj/tmptazdufz9.v",
    "__class__": "Path"
   },
   {
    "name": "/tmp/nvimg6oMMj/tmpr39_jm2k.v",
    "__class__": "Path"
   },
   {
    "name": "/tmp/nvimg6oMMj/tmpwszxu9vo.v",
    "__class__": "Path"
   },
   {
    "name": "/tmp/nvimg6oMMj/tmprsjm0ar_.v",
    "__class__": "Path"
   },
   {
    "name": "/tmp/nvimg6oMMj/tmp1cyxskub.v",
    "__class__": "Path"
   },
   {
    "name": "/tmp/nvimg6oMMj/tmpfvrkvo4d.v",
    "__class__": "Path"
   },
   {
    "name": "/home/zww/Documents/College/2022SP/HDL/HdlMicroProcessor/HdlMicroProcessor.srcs/sim/pipeline/stages/memory/mem_wb_data_input_mux/mem_wb_data_input_mux.v",
    "__class__": "Path"
   },
   {
    "name": "/tmp/nvimg6oMMj/tmpuvf7w4a3.v",
    "__class__": "Path"
   },
   {
    "name": "/tmp/nvimg6oMMj/tmpvkzx_x8t.v",
    "__class__": "Path"
   },
   {
    "name": "/tmp/nvimg6oMMj/tmpiwqtg1qe.v",
    "__class__": "Path"
   },
   {
    "name": "/tmp/nvimg6oMMj/tmppkxptc6k.v",
    "__class__": "Path"
   },
   {
    "name": "/tmp/nvimg6oMMj/tmpridait8m.v",
    "__class__": "Path"
   },
   {
    "name": "/tmp/nvimg6oMMj/tmpg5egzkz1.v",
    "__class__": "Path"
   },
   {
    "name": "/tmp/nvimg6oMMj/tmp3hnqq3f1.v",
    "__class__": "Path"
   },
   {
    "name": "/tmp/nvimg6oMMj/tmpzk8swrx4.v",
    "__class__": "Path"
   },
   {
    "name": "/tmp/nvimg6oMMj/tmp6ko0tfb5.v",
    "__class__": "Path"
   }
  ],
  "design_units": [
   {
    "owner": {
     "name": "/home/zww/Documents/College/2022SP/HDL/HdlMicroProcessor/HdlMicroProcessor.srcs/sim/pipeline/stages/memory/mem_wb_data_input_mux/mem_wb_data_input_mux.v",
     "__class__": "Path"
    },
    "type_": "entity",
    "name": {
     "name": "mem_wb_data_input_mux",
     "case_sensitive": true,
     "__class__": "VerilogIdentifier"
    },
    "locations": [
     [
      8,
      7
     ]
    ],
    "__class__": "VerilogDesignUnit"
   }
  ],
  "__class__": "Database"
 },
 "__version__": "0.7.4"
}