{
 "builder": {
  "_version": "<undefined>",
  "_logger": "hdl_checker.builders.fallback",
  "_work_folder": "/home/zww/Documents/College/2022SP/HDL/HdlMicroProcessor/HdlMicroProcessor.srcs/sim/pipeline/stages/execute/memory_forwarding_logic/.hdl_checker",
  "_builtin_libraries": [],
  "_added_libraries": [
   {
    "name": "default_library",
    "case_sensitive": false,
    "__class__": "Identifier"
   }
  ],
  "__class__": "Fallback"
 },
 "config_file": [
  {
   "name": "/tmp/hdl_checker_project_pid676234.json",
   "__class__": "Path"
  },
  1645230024.8521667,
  "generated"
 ],
 "database": {
  "sources": [
   {
    "path": {
     "name": "/home/zww/Documents/College/2022SP/HDL/HdlMicroProcessor/HdlMicroProcessor.srcs/sim/pipeline/stages/execute/memory_forwarding_logic/memory_forwarding_logic.v",
     "__class__": "Path"
    },
    "mtime": 1645230381.3263373,
    "flags": {
     "source_specific": [],
     "single": [],
     "dependencies": []
    },
    "dependencies": [],
    "diags": []
   }
  ],
  "inferred_libraries": [
   {
    "name": "/tmp/nvimHlS2N0/tmp1qrk62mn.v",
    "__class__": "Path"
   },
   {
    "name": "/tmp/nvimHlS2N0/tmp01zjg9ei.v",
    "__class__": "Path"
   },
   {
    "name": "/tmp/nvimHlS2N0/tmp08rdqq2p.v",
    "__class__": "Path"
   },
   {
    "name": "/tmp/nvimHlS2N0/tmp2ys45iq1.v",
    "__class__": "Path"
   },
   {
    "name": "/tmp/nvimHlS2N0/tmp14ner_j8.v",
    "__class__": "Path"
   },
   {
    "name": "/tmp/nvimHlS2N0/tmposnz6cyo.v",
    "__class__": "Path"
   },
   {
    "name": "/tmp/nvimHlS2N0/tmpod831q3z.v",
    "__class__": "Path"
   },
   {
    "name": "/tmp/nvimHlS2N0/tmpu58bn1yc.v",
    "__class__": "Path"
   },
   {
    "name": "/tmp/nvimowWQ6c/tmplrj_w8p1.v",
    "__class__": "Path"
   },
   {
    "name": "/tmp/nvimHlS2N0/tmp1rjs899m.v",
    "__class__": "Path"
   },
   {
    "name": "/tmp/nvimHlS2N0/tmpio1tn71b.v",
    "__class__": "Path"
   },
   {
    "name": "/tmp/nvimHlS2N0/tmpincjucgu.v",
    "__class__": "Path"
   },
   {
    "name": "/tmp/nvimHlS2N0/tmpzckq17e5.v",
    "__class__": "Path"
   },
   {
    "name": "/tmp/nvimowWQ6c/tmpdf8wi0cy.v",
    "__class__": "Path"
   },
   {
    "name": "/tmp/nvimHlS2N0/tmp3r1vkle9.v",
    "__class__": "Path"
   },
   {
    "name": "/tmp/nvimowWQ6c/tmpty8rj4ae.v",
    "__class__": "Path"
   },
   {
    "name": "/tmp/nvimHlS2N0/tmpixdz6kp9.v",
    "__class__": "Path"
   },
   {
    "name": "/tmp/nvimHlS2N0/tmpvjajr6u5.v",
    "__class__": "Path"
   },
   {
    "name": "/tmp/nvimHlS2N0/tmpe5q5v82a.v",
    "__class__": "Path"
   },
   {
    "name": "/tmp/nvimHlS2N0/tmpkbkfshyb.v",
    "__class__": "Path"
   },
   {
    "name": "/tmp/nvimHlS2N0/tmp2_yzdg_w.v",
    "__class__": "Path"
   },
   {
    "name": "/tmp/nvimHlS2N0/tmp5qmx6kod.v",
    "__class__": "Path"
   },
   {
    "name": "/tmp/nvimHlS2N0/tmp1jfc3aaz.v",
    "__class__": "Path"
   },
   {
    "name": "/tmp/nvimHlS2N0/tmppc7odi6d.v",
    "__class__": "Path"
   },
   {
    "name": "/tmp/nvimHlS2N0/tmpu_myzp6t.v",
    "__class__": "Path"
   },
   {
    "name": "/tmp/nvimHlS2N0/tmpf0cxfht8.v",
    "__class__": "Path"
   },
   {
    "name": "/tmp/nvimowWQ6c/tmpie9t_v6v.v",
    "__class__": "Path"
   },
   {
    "name": "/tmp/nvimHlS2N0/tmp3a6747r6.v",
    "__class__": "Path"
   },
   {
    "name": "/tmp/nvimowWQ6c/tmp6tib49rf.v",
    "__class__": "Path"
   },
   {
    "name": "/tmp/nvimHlS2N0/tmpu9xvkrkz.v",
    "__class__": "Path"
   },
   {
    "name": "/tmp/nvimowWQ6c/tmpqs2ofyk_.v",
    "__class__": "Path"
   },
   {
    "name": "/tmp/nvimowWQ6c/tmpnwc7cwy1.v",
    "__class__": "Path"
   },
   {
    "name": "/tmp/nvimHlS2N0/tmpdsscs177.v",
    "__class__": "Path"
   },
   {
    "name": "/tmp/nvimHlS2N0/tmpn01ftaxg.v",
    "__class__": "Path"
   },
   {
    "name": "/tmp/nvimowWQ6c/tmpkrovpz12.v",
    "__class__": "Path"
   },
   {
    "name": "/tmp/nvimHlS2N0/tmp5zodunl5.v",
    "__class__": "Path"
   },
   {
    "name": "/tmp/nvimHlS2N0/tmp2e6lef9y.v",
    "__class__": "Path"
   },
   {
    "name": "/tmp/nvimHlS2N0/tmp0kv8tzd5.v",
    "__class__": "Path"
   },
   {
    "name": "/tmp/nvimowWQ6c/tmpmvzwzx8n.v",
    "__class__": "Path"
   },
   {
    "name": "/tmp/nvimHlS2N0/tmp67atb3w9.v",
    "__class__": "Path"
   },
   {
    "name": "/tmp/nvimHlS2N0/tmpbkpm6loc.v",
    "__class__": "Path"
   },
   {
    "name": "/tmp/nvimHlS2N0/tmp1l97huha.v",
    "__class__": "Path"
   },
   {
    "name": "/tmp/nvimHlS2N0/tmprvafeblf.v",
    "__class__": "Path"
   },
   {
    "name": "/tmp/nvimowWQ6c/tmp60dxhexo.v",
    "__class__": "Path"
   },
   {
    "name": "/tmp/nvimHlS2N0/tmpxpqndqwj.v",
    "__class__": "Path"
   },
   {
    "name": "/tmp/nvimowWQ6c/tmpr07ygy6s.v",
    "__class__": "Path"
   },
   {
    "name": "/tmp/nvimHlS2N0/tmptgyzi7vf.v",
    "__class__": "Path"
   },
   {
    "name": "/tmp/nvimHlS2N0/tmpme587xxp.v",
    "__class__": "Path"
   },
   {
    "name": "/tmp/nvimowWQ6c/tmpz3iuwak8.v",
    "__class__": "Path"
   },
   {
    "name": "/tmp/nvimHlS2N0/tmphtcbj_62.v",
    "__class__": "Path"
   },
   {
    "name": "/tmp/nvimHlS2N0/tmpqufrsu1b.v",
    "__class__": "Path"
   },
   {
    "name": "/tmp/nvimHlS2N0/tmp66ewh8ne.v",
    "__class__": "Path"
   },
   {
    "name": "/tmp/nvimowWQ6c/tmpvz49t5a0.v",
    "__class__": "Path"
   },
   {
    "name": "/tmp/nvimHlS2N0/tmpy6oht0hd.v",
    "__class__": "Path"
   },
   {
    "name": "/tmp/nvimHlS2N0/tmppwtjoqnw.v",
    "__class__": "Path"
   },
   {
    "name": "/tmp/nvimHlS2N0/tmplq5dkymx.v",
    "__class__": "Path"
   },
   {
    "name": "/tmp/nvimowWQ6c/tmpai3w0n5n.v",
    "__class__": "Path"
   },
   {
    "name": "/tmp/nvimHlS2N0/tmpaj9ggwu4.v",
    "__class__": "Path"
   },
   {
    "name": "/tmp/nvimHlS2N0/tmpomi7jsvg.v",
    "__class__": "Path"
   },
   {
    "name": "/tmp/nvimHlS2N0/tmpuey49nei.v",
    "__class__": "Path"
   },
   {
    "name": "/tmp/nvimHlS2N0/tmpv2211wnc.v",
    "__class__": "Path"
   },
   {
    "name": "/tmp/nvimHlS2N0/tmpbm3qnaye.v",
    "__class__": "Path"
   },
   {
    "name": "/tmp/nvimowWQ6c/tmp0csrw7bm.v",
    "__class__": "Path"
   },
   {
    "name": "/tmp/nvimHlS2N0/tmpyl8gclsq.v",
    "__class__": "Path"
   },
   {
    "name": "/tmp/nvimHlS2N0/tmpwbcnjpo6.v",
    "__class__": "Path"
   },
   {
    "name": "/tmp/nvimHlS2N0/tmp9j4fh5sn.v",
    "__class__": "Path"
   },
   {
    "name": "/tmp/nvimHlS2N0/tmpodn1kk43.v",
    "__class__": "Path"
   },
   {
    "name": "/tmp/nvimHlS2N0/tmpp8p5ylb7.v",
    "__class__": "Path"
   },
   {
    "name": "/tmp/nvimowWQ6c/tmp3cvahj2_.v",
    "__class__": "Path"
   },
   {
    "name": "/tmp/nvimHlS2N0/tmpq96sy9ey.v",
    "__class__": "Path"
   },
   {
    "name": "/tmp/nvimHlS2N0/tmpg0tjdeo7.v",
    "__class__": "Path"
   },
   {
    "name": "/tmp/nvimowWQ6c/tmp1a8zbyxf.v",
    "__class__": "Path"
   },
   {
    "name": "/tmp/nvimowWQ6c/tmp_obvdqa1.v",
    "__class__": "Path"
   },
   {
    "name": "/tmp/nvimHlS2N0/tmpqcj6kgf5.v",
    "__class__": "Path"
   },
   {
    "name": "/tmp/nvimHlS2N0/tmpp1ioqpfc.v",
    "__class__": "Path"
   },
   {
    "name": "/tmp/nvimHlS2N0/tmp2sqiba0e.v",
    "__class__": "Path"
   },
   {
    "name": "/tmp/nvimHlS2N0/tmpacf353qt.v",
    "__class__": "Path"
   },
   {
    "name": "/tmp/nvimowWQ6c/tmp9xb02h8k.v",
    "__class__": "Path"
   },
   {
    "name": "/tmp/nvimowWQ6c/tmpirq5elvv.v",
    "__class__": "Path"
   },
   {
    "name": "/tmp/nvimowWQ6c/tmp0bxw491h.v",
    "__class__": "Path"
   },
   {
    "name": "/tmp/nvimHlS2N0/tmpyb204aaa.v",
    "__class__": "Path"
   },
   {
    "name": "/tmp/nvimowWQ6c/tmprfcnt5cp.v",
    "__class__": "Path"
   },
   {
    "name": "/tmp/nvimowWQ6c/tmpzjbofvti.v",
    "__class__": "Path"
   },
   {
    "name": "/tmp/nvimowWQ6c/tmpn_af2mlo.v",
    "__class__": "Path"
   },
   {
    "name": "/tmp/nvimHlS2N0/tmp6v5ricez.v",
    "__class__": "Path"
   },
   {
    "name": "/tmp/nvimHlS2N0/tmpdk10_jgj.v",
    "__class__": "Path"
   },
   {
    "name": "/tmp/nvimowWQ6c/tmpt2z9ztj5.v",
    "__class__": "Path"
   },
   {
    "name": "/tmp/nvimowWQ6c/tmpvdmejoab.v",
    "__class__": "Path"
   },
   {
    "name": "/tmp/nvimowWQ6c/tmpf0hv6gkr.v",
    "__class__": "Path"
   },
   {
    "name": "/tmp/nvimHlS2N0/tmp5lgo2ag1.v",
    "__class__": "Path"
   },
   {
    "name": "/tmp/nvimHlS2N0/tmp7hmujthh.v",
    "__class__": "Path"
   },
   {
    "name": "/tmp/nvimowWQ6c/tmpk6218ov_.v",
    "__class__": "Path"
   },
   {
    "name": "/home/zww/Documents/College/2022SP/HDL/HdlMicroProcessor/HdlMicroProcessor.srcs/sim/pipeline/stages/execute/memory_forwarding_logic/memory_forwarding_logic.v",
    "__class__": "Path"
   },
   {
    "name": "/tmp/nvimHlS2N0/tmpaxducaio.v",
    "__class__": "Path"
   },
   {
    "name": "/tmp/nvimHlS2N0/tmp9d97z6j8.v",
    "__class__": "Path"
   },
   {
    "name": "/tmp/nvimHlS2N0/tmpg0pczrfp.v",
    "__class__": "Path"
   },
   {
    "name": "/tmp/nvimHlS2N0/tmpa7_2fs80.v",
    "__class__": "Path"
   },
   {
    "name": "/tmp/nvimowWQ6c/tmpidf2ufab.v",
    "__class__": "Path"
   },
   {
    "name": "/tmp/nvimHlS2N0/tmpgj337ghk.v",
    "__class__": "Path"
   },
   {
    "name": "/tmp/nvimHlS2N0/tmpkk9_12kg.v",
    "__class__": "Path"
   },
   {
    "name": "/tmp/nvimHlS2N0/tmpsa5_qjqs.v",
    "__class__": "Path"
   },
   {
    "name": "/tmp/nvimHlS2N0/tmphriz5_5f.v",
    "__class__": "Path"
   }
  ],
  "design_units": [
   {
    "owner": {
     "name": "/home/zww/Documents/College/2022SP/HDL/HdlMicroProcessor/HdlMicroProcessor.srcs/sim/pipeline/stages/execute/memory_forwarding_logic/memory_forwarding_logic.v",
     "__class__": "Path"
    },
    "type_": "entity",
    "name": {
     "name": "memory_forwarding_logic",
     "case_sensitive": true,
     "__class__": "VerilogIdentifier"
    },
    "locations": [
     [
      8,
      7
     ]
    ],
    "__class__": "VerilogDesignUnit"
   }
  ],
  "__class__": "Database"
 },
 "__version__": "0.7.4"
}