{
 "builder": {
  "_version": "<undefined>",
  "_logger": "hdl_checker.builders.fallback",
  "_work_folder": "/home/zww/Documents/College/2022SP/HDL/HdlMicroProcessor/HdlMicroProcessor.srcs/sim/pipeline/stages/memory/.hdl_checker",
  "_builtin_libraries": [],
  "_added_libraries": [
   {
    "name": "default_library",
    "case_sensitive": false,
    "__class__": "Identifier"
   }
  ],
  "__class__": "Fallback"
 },
 "config_file": [
  {
   "name": "/tmp/hdl_checker_project_pid1364072.json",
   "__class__": "Path"
  },
  1645314847.6801267,
  "generated"
 ],
 "database": {
  "sources": [
   {
    "path": {
     "name": "/home/zww/Documents/College/2022SP/HDL/HdlMicroProcessor/HdlMicroProcessor.srcs/sim/pipeline/stages/memory/sfr_file/sfr_file.v",
     "__class__": "Path"
    },
    "mtime": 1645249020.9492397,
    "flags": {
     "source_specific": [],
     "single": [],
     "dependencies": []
    },
    "dependencies": [],
    "diags": []
   },
   {
    "path": {
     "name": "/home/zww/Documents/College/2022SP/HDL/HdlMicroProcessor/HdlMicroProcessor.srcs/sim/pipeline/stages/memory/mem_wb_data_input_mux/mem_wb_data_input_mux.v",
     "__class__": "Path"
    },
    "mtime": 1645244535.586628,
    "flags": {
     "source_specific": [],
     "single": [],
     "dependencies": []
    },
    "dependencies": [],
    "diags": []
   },
   {
    "path": {
     "name": "/home/zww/Documents/College/2022SP/HDL/HdlMicroProcessor/HdlMicroProcessor.srcs/sim/pipeline/stages/memory/memory.v",
     "__class__": "Path"
    },
    "mtime": 1645314883.4147608,
    "flags": {
     "source_specific": [],
     "single": [],
     "dependencies": []
    },
    "dependencies": [],
    "diags": []
   }
  ],
  "inferred_libraries": [
   {
    "name": "/tmp/nvimTDXw2r/tmpk6ggzdrc.v",
    "__class__": "Path"
   },
   {
    "name": "/tmp/nvimTDXw2r/tmpjhsgf07u.v",
    "__class__": "Path"
   },
   {
    "name": "/tmp/nvimTDXw2r/tmpv7e84k6e.v",
    "__class__": "Path"
   },
   {
    "name": "/tmp/nvimTDXw2r/tmpguev5owx.v",
    "__class__": "Path"
   },
   {
    "name": "/tmp/nvimTDXw2r/tmp5jhp1iei.v",
    "__class__": "Path"
   },
   {
    "name": "/tmp/nvimTDXw2r/tmpd5n5jqbs.v",
    "__class__": "Path"
   },
   {
    "name": "/tmp/nvimTDXw2r/tmpm1okoc4p.v",
    "__class__": "Path"
   },
   {
    "name": "/tmp/nvimTDXw2r/tmp1q8urtm9.v",
    "__class__": "Path"
   },
   {
    "name": "/tmp/nvimTDXw2r/tmpjgic81sv.v",
    "__class__": "Path"
   },
   {
    "name": "/tmp/nvimTDXw2r/tmpbjraodpp.v",
    "__class__": "Path"
   },
   {
    "name": "/tmp/nvimTDXw2r/tmp6rqrkpuw.v",
    "__class__": "Path"
   },
   {
    "name": "/tmp/nvimTDXw2r/tmp672jypjy.v",
    "__class__": "Path"
   },
   {
    "name": "/tmp/nvimTDXw2r/tmpy3w2qf7t.v",
    "__class__": "Path"
   },
   {
    "name": "/tmp/nvimTDXw2r/tmp1nj_ztmy.v",
    "__class__": "Path"
   },
   {
    "name": "/tmp/nvimTDXw2r/tmppo_iy6as.v",
    "__class__": "Path"
   },
   {
    "name": "/tmp/nvimTDXw2r/tmp5n3u2kuk.v",
    "__class__": "Path"
   },
   {
    "name": "/tmp/nvimTDXw2r/tmpexp3_1n8.v",
    "__class__": "Path"
   },
   {
    "name": "/tmp/nvimTDXw2r/tmpiquorv_z.v",
    "__class__": "Path"
   },
   {
    "name": "/tmp/nvimTDXw2r/tmp7yhunq3x.v",
    "__class__": "Path"
   },
   {
    "name": "/tmp/nvimTDXw2r/tmp2t26g8cl.v",
    "__class__": "Path"
   },
   {
    "name": "/tmp/nvimTDXw2r/tmpuz4_gtmu.v",
    "__class__": "Path"
   },
   {
    "name": "/tmp/nvimTDXw2r/tmp1j1fw764.v",
    "__class__": "Path"
   },
   {
    "name": "/tmp/nvimTDXw2r/tmpax8m9lmi.v",
    "__class__": "Path"
   },
   {
    "name": "/tmp/nvimTDXw2r/tmpj7hg38zd.v",
    "__class__": "Path"
   },
   {
    "name": "/tmp/nvim3IYiXl/tmpxgx35bv9.v",
    "__class__": "Path"
   },
   {
    "name": "/tmp/nvimTDXw2r/tmpiahsgach.v",
    "__class__": "Path"
   },
   {
    "name": "/tmp/nvimTDXw2r/tmpvuk2p51x.v",
    "__class__": "Path"
   },
   {
    "name": "/tmp/nvimTDXw2r/tmpz44c9mdl.v",
    "__class__": "Path"
   },
   {
    "name": "/tmp/nvim3IYiXl/tmped8ia31o.v",
    "__class__": "Path"
   },
   {
    "name": "/tmp/nvimTDXw2r/tmpxc7arxo_.v",
    "__class__": "Path"
   },
   {
    "name": "/tmp/nvimTDXw2r/tmpn5bx4l26.v",
    "__class__": "Path"
   },
   {
    "name": "/tmp/nvimTDXw2r/tmpcf5pv8uj.v",
    "__class__": "Path"
   },
   {
    "name": "/tmp/nvim3IYiXl/tmpgpbmis9c.v",
    "__class__": "Path"
   },
   {
    "name": "/tmp/nvimTDXw2r/tmphfz3dvad.v",
    "__class__": "Path"
   },
   {
    "name": "/tmp/nvimTDXw2r/tmpoe7o0u6g.v",
    "__class__": "Path"
   },
   {
    "name": "/tmp/nvim3IYiXl/tmp1evdegjm.v",
    "__class__": "Path"
   },
   {
    "name": "/tmp/nvimTDXw2r/tmpvlmcqmr5.v",
    "__class__": "Path"
   },
   {
    "name": "/tmp/nvimTDXw2r/tmp1q1w54oh.v",
    "__class__": "Path"
   },
   {
    "name": "/tmp/nvimTDXw2r/tmpt0wyo_jz.v",
    "__class__": "Path"
   },
   {
    "name": "/tmp/nvimTDXw2r/tmpxsrpjb9c.v",
    "__class__": "Path"
   },
   {
    "name": "/tmp/nvimTDXw2r/tmp7dv447uo.v",
    "__class__": "Path"
   },
   {
    "name": "/tmp/nvimTDXw2r/tmp1b229n25.v",
    "__class__": "Path"
   },
   {
    "name": "/tmp/nvimTDXw2r/tmp3v52uiiq.v",
    "__class__": "Path"
   },
   {
    "name": "/tmp/nvimTDXw2r/tmpas9h29dk.v",
    "__class__": "Path"
   },
   {
    "name": "/tmp/nvim3IYiXl/tmpgf7nfxff.v",
    "__class__": "Path"
   },
   {
    "name": "/tmp/nvimTDXw2r/tmpscgtsgw7.v",
    "__class__": "Path"
   },
   {
    "name": "/tmp/nvimTDXw2r/tmp1tdc5k0l.v",
    "__class__": "Path"
   },
   {
    "name": "/tmp/nvimTDXw2r/tmpoyi4e31v.v",
    "__class__": "Path"
   },
   {
    "name": "/tmp/nvimTDXw2r/tmp3bpm7wnn.v",
    "__class__": "Path"
   },
   {
    "name": "/tmp/nvimTDXw2r/tmpem6msy0s.v",
    "__class__": "Path"
   },
   {
    "name": "/tmp/nvimTDXw2r/tmpvgk9p_7v.v",
    "__class__": "Path"
   },
   {
    "name": "/tmp/nvimTDXw2r/tmpoxa47gg5.v",
    "__class__": "Path"
   },
   {
    "name": "/tmp/nvimTDXw2r/tmpiasfvg06.v",
    "__class__": "Path"
   },
   {
    "name": "/tmp/nvimTDXw2r/tmp6kiw1_h8.v",
    "__class__": "Path"
   },
   {
    "name": "/tmp/nvimTDXw2r/tmpewij90vx.v",
    "__class__": "Path"
   },
   {
    "name": "/tmp/nvimTDXw2r/tmppzfrprm7.v",
    "__class__": "Path"
   },
   {
    "name": "/tmp/nvimTDXw2r/tmpr9hv5av1.v",
    "__class__": "Path"
   },
   {
    "name": "/tmp/nvimTDXw2r/tmpf0qdac1m.v",
    "__class__": "Path"
   },
   {
    "name": "/tmp/nvimTDXw2r/tmp45ak7npb.v",
    "__class__": "Path"
   },
   {
    "name": "/tmp/nvimTDXw2r/tmpspb6j1zl.v",
    "__class__": "Path"
   },
   {
    "name": "/tmp/nvimTDXw2r/tmpwaa61lzd.v",
    "__class__": "Path"
   },
   {
    "name": "/tmp/nvimTDXw2r/tmp03ywa29p.v",
    "__class__": "Path"
   },
   {
    "name": "/tmp/nvimTDXw2r/tmplnikdhoe.v",
    "__class__": "Path"
   },
   {
    "name": "/tmp/nvimTDXw2r/tmpr98baz9t.v",
    "__class__": "Path"
   },
   {
    "name": "/tmp/nvimTDXw2r/tmp5kjkyx4m.v",
    "__class__": "Path"
   },
   {
    "name": "/tmp/nvimTDXw2r/tmp9gp4ydci.v",
    "__class__": "Path"
   },
   {
    "name": "/tmp/nvimTDXw2r/tmps8_7u_z9.v",
    "__class__": "Path"
   },
   {
    "name": "/tmp/nvimTDXw2r/tmpt1iokmtn.v",
    "__class__": "Path"
   },
   {
    "name": "/tmp/nvimTDXw2r/tmpt9qaj9qi.v",
    "__class__": "Path"
   },
   {
    "name": "/tmp/nvimTDXw2r/tmpijw1i7w_.v",
    "__class__": "Path"
   },
   {
    "name": "/tmp/nvimTDXw2r/tmpdsl3xrbj.v",
    "__class__": "Path"
   },
   {
    "name": "/tmp/nvimTDXw2r/tmp9z4hxcn1.v",
    "__class__": "Path"
   },
   {
    "name": "/tmp/nvimTDXw2r/tmp20m2d3os.v",
    "__class__": "Path"
   },
   {
    "name": "/tmp/nvimTDXw2r/tmp0qzrb8s4.v",
    "__class__": "Path"
   },
   {
    "name": "/tmp/nvimTDXw2r/tmp65c2jc6m.v",
    "__class__": "Path"
   },
   {
    "name": "/tmp/nvimTDXw2r/tmp0z7dks2n.v",
    "__class__": "Path"
   },
   {
    "name": "/tmp/nvimTDXw2r/tmplga7aa21.v",
    "__class__": "Path"
   },
   {
    "name": "/tmp/nvimTDXw2r/tmpuxn7cfdi.v",
    "__class__": "Path"
   },
   {
    "name": "/tmp/nvimTDXw2r/tmp_8m82lef.v",
    "__class__": "Path"
   },
   {
    "name": "/tmp/nvimTDXw2r/tmph95rd8q1.v",
    "__class__": "Path"
   },
   {
    "name": "/tmp/nvimTDXw2r/tmpu9ud_lrx.v",
    "__class__": "Path"
   },
   {
    "name": "/tmp/nvimTDXw2r/tmpq8rbi8ur.v",
    "__class__": "Path"
   },
   {
    "name": "/tmp/nvimTDXw2r/tmpqhb6oupq.v",
    "__class__": "Path"
   },
   {
    "name": "/tmp/nvimTDXw2r/tmpn7hqxs4b.v",
    "__class__": "Path"
   },
   {
    "name": "/tmp/nvimTDXw2r/tmpy8icuqra.v",
    "__class__": "Path"
   },
   {
    "name": "/tmp/nvimTDXw2r/tmp0r6yshs7.v",
    "__class__": "Path"
   },
   {
    "name": "/tmp/nvimTDXw2r/tmpmhdtf318.v",
    "__class__": "Path"
   },
   {
    "name": "/tmp/nvimTDXw2r/tmpwmtermg6.v",
    "__class__": "Path"
   },
   {
    "name": "/tmp/nvimTDXw2r/tmpozjt9wz_.v",
    "__class__": "Path"
   },
   {
    "name": "/tmp/nvimTDXw2r/tmpsdrbzgdk.v",
    "__class__": "Path"
   },
   {
    "name": "/tmp/nvimTDXw2r/tmp94ibqv6y.v",
    "__class__": "Path"
   },
   {
    "name": "/tmp/nvimTDXw2r/tmpmvafmwba.v",
    "__class__": "Path"
   },
   {
    "name": "/tmp/nvimTDXw2r/tmpmhr3hjtf.v",
    "__class__": "Path"
   },
   {
    "name": "/tmp/nvimTDXw2r/tmpuz2e0tgc.v",
    "__class__": "Path"
   },
   {
    "name": "/tmp/nvimTDXw2r/tmpla1nbi57.v",
    "__class__": "Path"
   },
   {
    "name": "/tmp/nvimTDXw2r/tmpspmvsv4s.v",
    "__class__": "Path"
   },
   {
    "name": "/tmp/nvimTDXw2r/tmp95_e2td5.v",
    "__class__": "Path"
   },
   {
    "name": "/tmp/nvimTDXw2r/tmpausmcgt7.v",
    "__class__": "Path"
   },
   {
    "name": "/tmp/nvimTDXw2r/tmp3g7ckka3.v",
    "__class__": "Path"
   },
   {
    "name": "/tmp/nvimTDXw2r/tmpahf7dojc.v",
    "__class__": "Path"
   },
   {
    "name": "/tmp/nvimTDXw2r/tmpzz1hvr2b.v",
    "__class__": "Path"
   },
   {
    "name": "/tmp/nvimTDXw2r/tmpm09wiu4y.v",
    "__class__": "Path"
   },
   {
    "name": "/tmp/nvimTDXw2r/tmpt677exwq.v",
    "__class__": "Path"
   },
   {
    "name": "/tmp/nvimTDXw2r/tmp_y4kq9f9.v",
    "__class__": "Path"
   },
   {
    "name": "/tmp/nvimTDXw2r/tmp8bschr8_.v",
    "__class__": "Path"
   },
   {
    "name": "/tmp/nvimTDXw2r/tmpf1rbeftq.v",
    "__class__": "Path"
   },
   {
    "name": "/tmp/nvimTDXw2r/tmphua2o600.v",
    "__class__": "Path"
   },
   {
    "name": "/tmp/nvimTDXw2r/tmpmjihaqsj.v",
    "__class__": "Path"
   },
   {
    "name": "/tmp/nvimTDXw2r/tmp4st2mtkh.v",
    "__class__": "Path"
   },
   {
    "name": "/tmp/nvimTDXw2r/tmp33iqeb5e.v",
    "__class__": "Path"
   },
   {
    "name": "/tmp/nvimTDXw2r/tmpv8fzidbr.v",
    "__class__": "Path"
   },
   {
    "name": "/tmp/nvimTDXw2r/tmp3972ra5d.v",
    "__class__": "Path"
   },
   {
    "name": "/tmp/nvimTDXw2r/tmpqtha72vv.v",
    "__class__": "Path"
   },
   {
    "name": "/tmp/nvimTDXw2r/tmpa1qlocvx.v",
    "__class__": "Path"
   },
   {
    "name": "/tmp/nvimTDXw2r/tmpdebbds01.v",
    "__class__": "Path"
   },
   {
    "name": "/tmp/nvimTDXw2r/tmpx1j_4ilw.v",
    "__class__": "Path"
   },
   {
    "name": "/tmp/nvimTDXw2r/tmp_45noulr.v",
    "__class__": "Path"
   },
   {
    "name": "/tmp/nvimTDXw2r/tmp3yzkwebd.v",
    "__class__": "Path"
   },
   {
    "name": "/tmp/nvimTDXw2r/tmpf2pp8g_3.v",
    "__class__": "Path"
   },
   {
    "name": "/tmp/nvimTDXw2r/tmph_ms07v_.v",
    "__class__": "Path"
   },
   {
    "name": "/tmp/nvimTDXw2r/tmp_dmublf3.v",
    "__class__": "Path"
   },
   {
    "name": "/tmp/nvimTDXw2r/tmpm7ggowwj.v",
    "__class__": "Path"
   },
   {
    "name": "/tmp/nvim3IYiXl/tmpx8l1xug9.v",
    "__class__": "Path"
   },
   {
    "name": "/tmp/nvimTDXw2r/tmpdbxei61z.v",
    "__class__": "Path"
   },
   {
    "name": "/tmp/nvimTDXw2r/tmplggxjxkm.v",
    "__class__": "Path"
   },
   {
    "name": "/tmp/nvim3IYiXl/tmp5gfmbw97.v",
    "__class__": "Path"
   },
   {
    "name": "/tmp/nvimTDXw2r/tmphiw0fpvk.v",
    "__class__": "Path"
   },
   {
    "name": "/tmp/nvimTDXw2r/tmp_immaib6.v",
    "__class__": "Path"
   },
   {
    "name": "/tmp/nvimTDXw2r/tmpcq485fg7.v",
    "__class__": "Path"
   },
   {
    "name": "/tmp/nvimTDXw2r/tmpswexyro4.v",
    "__class__": "Path"
   },
   {
    "name": "/tmp/nvimTDXw2r/tmpjyd498bh.v",
    "__class__": "Path"
   },
   {
    "name": "/tmp/nvimTDXw2r/tmp0uhkqwzw.v",
    "__class__": "Path"
   },
   {
    "name": "/tmp/nvimTDXw2r/tmpb4q2iqw_.v",
    "__class__": "Path"
   },
   {
    "name": "/tmp/nvimTDXw2r/tmpobx5e8nz.v",
    "__class__": "Path"
   },
   {
    "name": "/tmp/nvimTDXw2r/tmp5xoutnqq.v",
    "__class__": "Path"
   },
   {
    "name": "/tmp/nvimTDXw2r/tmp4lncgjhb.v",
    "__class__": "Path"
   },
   {
    "name": "/tmp/nvimTDXw2r/tmp492rxjkq.v",
    "__class__": "Path"
   },
   {
    "name": "/tmp/nvimTDXw2r/tmp409e45bs.v",
    "__class__": "Path"
   },
   {
    "name": "/tmp/nvimTDXw2r/tmpys0l38ch.v",
    "__class__": "Path"
   },
   {
    "name": "/tmp/nvimTDXw2r/tmpzm_4og82.v",
    "__class__": "Path"
   },
   {
    "name": "/tmp/nvimTDXw2r/tmpuwsndlo_.v",
    "__class__": "Path"
   },
   {
    "name": "/tmp/nvimTDXw2r/tmpa5v3wzql.v",
    "__class__": "Path"
   },
   {
    "name": "/tmp/nvimTDXw2r/tmpu4ekfvee.v",
    "__class__": "Path"
   },
   {
    "name": "/tmp/nvimTDXw2r/tmp0dvei1ga.v",
    "__class__": "Path"
   },
   {
    "name": "/tmp/nvimTDXw2r/tmpj1ierpqi.v",
    "__class__": "Path"
   },
   {
    "name": "/tmp/nvimTDXw2r/tmpmc8zn6sj.v",
    "__class__": "Path"
   },
   {
    "name": "/tmp/nvimTDXw2r/tmpvmn8mqe7.v",
    "__class__": "Path"
   },
   {
    "name": "/tmp/nvimTDXw2r/tmpxlat__22.v",
    "__class__": "Path"
   },
   {
    "name": "/tmp/nvimTDXw2r/tmpvby13jdn.v",
    "__class__": "Path"
   },
   {
    "name": "/tmp/nvimTDXw2r/tmphq0zpxi7.v",
    "__class__": "Path"
   },
   {
    "name": "/tmp/nvimTDXw2r/tmp6d29rqme.v",
    "__class__": "Path"
   },
   {
    "name": "/tmp/nvimTDXw2r/tmpoprqiyve.v",
    "__class__": "Path"
   },
   {
    "name": "/tmp/nvimTDXw2r/tmpaqbzc29t.v",
    "__class__": "Path"
   },
   {
    "name": "/tmp/nvimTDXw2r/tmpleczr_tw.v",
    "__class__": "Path"
   },
   {
    "name": "/tmp/nvimTDXw2r/tmpnj5n61_8.v",
    "__class__": "Path"
   },
   {
    "name": "/tmp/nvimTDXw2r/tmpus2eypwi.v",
    "__class__": "Path"
   },
   {
    "name": "/tmp/nvimTDXw2r/tmprbg9t33g.v",
    "__class__": "Path"
   },
   {
    "name": "/tmp/nvimTDXw2r/tmpom1pggcv.v",
    "__class__": "Path"
   },
   {
    "name": "/tmp/nvimTDXw2r/tmpneqw6f_o.v",
    "__class__": "Path"
   },
   {
    "name": "/tmp/nvimTDXw2r/tmp_rrpysme.v",
    "__class__": "Path"
   },
   {
    "name": "/tmp/nvimTDXw2r/tmpb7srfu8w.v",
    "__class__": "Path"
   },
   {
    "name": "/tmp/nvimTDXw2r/tmp42nymhj7.v",
    "__class__": "Path"
   },
   {
    "name": "/tmp/nvimTDXw2r/tmpulp78nco.v",
    "__class__": "Path"
   },
   {
    "name": "/tmp/nvimTDXw2r/tmpqsq7bo5t.v",
    "__class__": "Path"
   },
   {
    "name": "/tmp/nvimTDXw2r/tmpyhig_mxz.v",
    "__class__": "Path"
   },
   {
    "name": "/tmp/nvimTDXw2r/tmp4i07nofw.v",
    "__class__": "Path"
   },
   {
    "name": "/tmp/nvimTDXw2r/tmpkiuv7xfx.v",
    "__class__": "Path"
   },
   {
    "name": "/tmp/nvimTDXw2r/tmpjvhfqqv6.v",
    "__class__": "Path"
   },
   {
    "name": "/tmp/nvimTDXw2r/tmp090t47p2.v",
    "__class__": "Path"
   },
   {
    "name": "/tmp/nvimTDXw2r/tmpx3cddt1b.v",
    "__class__": "Path"
   },
   {
    "name": "/tmp/nvimTDXw2r/tmpq6t40lve.v",
    "__class__": "Path"
   },
   {
    "name": "/tmp/nvimTDXw2r/tmpghsba7br.v",
    "__class__": "Path"
   },
   {
    "name": "/tmp/nvimTDXw2r/tmp44w15cvb.v",
    "__class__": "Path"
   },
   {
    "name": "/tmp/nvimTDXw2r/tmpiku2bf_f.v",
    "__class__": "Path"
   },
   {
    "name": "/tmp/nvimTDXw2r/tmp9rume8uc.v",
    "__class__": "Path"
   },
   {
    "name": "/tmp/nvimTDXw2r/tmppy7ral6p.v",
    "__class__": "Path"
   },
   {
    "name": "/tmp/nvimTDXw2r/tmpequrswt2.v",
    "__class__": "Path"
   },
   {
    "name": "/tmp/nvimTDXw2r/tmp0sgije4u.v",
    "__class__": "Path"
   },
   {
    "name": "/tmp/nvimTDXw2r/tmpavdk0y_3.v",
    "__class__": "Path"
   },
   {
    "name": "/tmp/nvimTDXw2r/tmpomuj8ps3.v",
    "__class__": "Path"
   },
   {
    "name": "/tmp/nvimTDXw2r/tmpt7ljtpoc.v",
    "__class__": "Path"
   },
   {
    "name": "/tmp/nvimTDXw2r/tmp7qer_z9r.v",
    "__class__": "Path"
   },
   {
    "name": "/tmp/nvimTDXw2r/tmp5g3citis.v",
    "__class__": "Path"
   },
   {
    "name": "/tmp/nvimTDXw2r/tmpicdm1ooi.v",
    "__class__": "Path"
   },
   {
    "name": "/tmp/nvimTDXw2r/tmpmrv2154f.v",
    "__class__": "Path"
   },
   {
    "name": "/tmp/nvimTDXw2r/tmp4kb2qoys.v",
    "__class__": "Path"
   },
   {
    "name": "/tmp/nvimTDXw2r/tmph3lnzibo.v",
    "__class__": "Path"
   },
   {
    "name": "/tmp/nvimTDXw2r/tmpbwr_rcf3.v",
    "__class__": "Path"
   },
   {
    "name": "/home/zww/Documents/College/2022SP/HDL/HdlMicroProcessor/HdlMicroProcessor.srcs/sim/pipeline/stages/memory/memory.v",
    "__class__": "Path"
   },
   {
    "name": "/tmp/nvimTDXw2r/tmpiu0msds7.v",
    "__class__": "Path"
   },
   {
    "name": "/tmp/nvimTDXw2r/tmpq00t5vkm.v",
    "__class__": "Path"
   },
   {
    "name": "/tmp/nvimTDXw2r/tmppn2qee4z.v",
    "__class__": "Path"
   },
   {
    "name": "/tmp/nvimTDXw2r/tmpptrkf8io.v",
    "__class__": "Path"
   },
   {
    "name": "/tmp/nvimTDXw2r/tmpqmdllly2.v",
    "__class__": "Path"
   },
   {
    "name": "/tmp/nvimTDXw2r/tmp9efeys62.v",
    "__class__": "Path"
   },
   {
    "name": "/tmp/nvimTDXw2r/tmp5ot5euwc.v",
    "__class__": "Path"
   },
   {
    "name": "/tmp/nvimTDXw2r/tmpqi1myq3x.v",
    "__class__": "Path"
   },
   {
    "name": "/tmp/nvimTDXw2r/tmpt0gvg_sq.v",
    "__class__": "Path"
   },
   {
    "name": "/tmp/nvimTDXw2r/tmpk_g10px5.v",
    "__class__": "Path"
   },
   {
    "name": "/tmp/nvimTDXw2r/tmpp7hc5h0p.v",
    "__class__": "Path"
   },
   {
    "name": "/tmp/nvimTDXw2r/tmpr1hi47gm.v",
    "__class__": "Path"
   },
   {
    "name": "/tmp/nvimTDXw2r/tmp3pmz8dzz.v",
    "__class__": "Path"
   },
   {
    "name": "/tmp/nvimTDXw2r/tmpdt_3wp__.v",
    "__class__": "Path"
   },
   {
    "name": "/tmp/nvimTDXw2r/tmplw5uq75l.v",
    "__class__": "Path"
   },
   {
    "name": "/tmp/nvimTDXw2r/tmpu6hscdnk.v",
    "__class__": "Path"
   },
   {
    "name": "/tmp/nvimTDXw2r/tmpx5dmhz0m.v",
    "__class__": "Path"
   },
   {
    "name": "/tmp/nvimTDXw2r/tmpc576gup5.v",
    "__class__": "Path"
   },
   {
    "name": "/tmp/nvimTDXw2r/tmpru90bv36.v",
    "__class__": "Path"
   },
   {
    "name": "/tmp/nvimTDXw2r/tmpvuu61ls9.v",
    "__class__": "Path"
   },
   {
    "name": "/tmp/nvimTDXw2r/tmpj_hffcw8.v",
    "__class__": "Path"
   },
   {
    "name": "/tmp/nvimTDXw2r/tmpk6csp28g.v",
    "__class__": "Path"
   },
   {
    "name": "/tmp/nvimTDXw2r/tmp_hriqq8x.v",
    "__class__": "Path"
   },
   {
    "name": "/tmp/nvimTDXw2r/tmpsgq4z2fw.v",
    "__class__": "Path"
   },
   {
    "name": "/tmp/nvimTDXw2r/tmp_n1gywpc.v",
    "__class__": "Path"
   },
   {
    "name": "/tmp/nvimTDXw2r/tmp3p8ny_gw.v",
    "__class__": "Path"
   },
   {
    "name": "/tmp/nvimTDXw2r/tmptme2yxx6.v",
    "__class__": "Path"
   },
   {
    "name": "/tmp/nvimTDXw2r/tmpu65vte_y.v",
    "__class__": "Path"
   },
   {
    "name": "/tmp/nvimTDXw2r/tmpgl9ud44g.v",
    "__class__": "Path"
   },
   {
    "name": "/tmp/nvimTDXw2r/tmpgnot5k0p.v",
    "__class__": "Path"
   },
   {
    "name": "/tmp/nvimTDXw2r/tmp074kg2pt.v",
    "__class__": "Path"
   },
   {
    "name": "/tmp/nvimTDXw2r/tmpwuti432t.v",
    "__class__": "Path"
   },
   {
    "name": "/tmp/nvim3IYiXl/tmpe5h6rj1p.v",
    "__class__": "Path"
   },
   {
    "name": "/tmp/nvimTDXw2r/tmpvuou1nl9.v",
    "__class__": "Path"
   },
   {
    "name": "/tmp/nvimTDXw2r/tmp3lzaeoee.v",
    "__class__": "Path"
   },
   {
    "name": "/tmp/nvimTDXw2r/tmpxg52n0cu.v",
    "__class__": "Path"
   },
   {
    "name": "/tmp/nvimTDXw2r/tmp0gv0mr6k.v",
    "__class__": "Path"
   },
   {
    "name": "/tmp/nvimTDXw2r/tmphpeggicx.v",
    "__class__": "Path"
   },
   {
    "name": "/tmp/nvimTDXw2r/tmpy6veumco.v",
    "__class__": "Path"
   },
   {
    "name": "/tmp/nvimTDXw2r/tmpw1qjkyyh.v",
    "__class__": "Path"
   },
   {
    "name": "/tmp/nvimTDXw2r/tmpxkni9dn4.v",
    "__class__": "Path"
   },
   {
    "name": "/tmp/nvimTDXw2r/tmp6jt4nguu.v",
    "__class__": "Path"
   },
   {
    "name": "/tmp/nvimTDXw2r/tmprskp183q.v",
    "__class__": "Path"
   },
   {
    "name": "/tmp/nvimTDXw2r/tmp3o2a_2el.v",
    "__class__": "Path"
   },
   {
    "name": "/tmp/nvimTDXw2r/tmp02_f8pvm.v",
    "__class__": "Path"
   },
   {
    "name": "/tmp/nvimTDXw2r/tmpvthc__u5.v",
    "__class__": "Path"
   },
   {
    "name": "/tmp/nvimTDXw2r/tmpcl1v43sh.v",
    "__class__": "Path"
   },
   {
    "name": "/tmp/nvimTDXw2r/tmpw0ti_qtp.v",
    "__class__": "Path"
   },
   {
    "name": "/tmp/nvimTDXw2r/tmp69faz3k0.v",
    "__class__": "Path"
   },
   {
    "name": "/tmp/nvimTDXw2r/tmpqxpdo9xh.v",
    "__class__": "Path"
   },
   {
    "name": "/tmp/nvimTDXw2r/tmpcbot3hb_.v",
    "__class__": "Path"
   },
   {
    "name": "/tmp/nvimTDXw2r/tmp0kh__ww6.v",
    "__class__": "Path"
   },
   {
    "name": "/tmp/nvimTDXw2r/tmpep4auvoy.v",
    "__class__": "Path"
   },
   {
    "name": "/tmp/nvimTDXw2r/tmpxf7y908r.v",
    "__class__": "Path"
   },
   {
    "name": "/tmp/nvimTDXw2r/tmp2thfdcm8.v",
    "__class__": "Path"
   },
   {
    "name": "/tmp/nvimTDXw2r/tmpn9q8vyjo.v",
    "__class__": "Path"
   },
   {
    "name": "/tmp/nvimTDXw2r/tmp2ccfwyao.v",
    "__class__": "Path"
   },
   {
    "name": "/tmp/nvimTDXw2r/tmpr00leqi8.v",
    "__class__": "Path"
   },
   {
    "name": "/tmp/nvim3IYiXl/tmp4d8pqu2j.v",
    "__class__": "Path"
   },
   {
    "name": "/tmp/nvimTDXw2r/tmp_26klxbw.v",
    "__class__": "Path"
   },
   {
    "name": "/tmp/nvimTDXw2r/tmpf3ictuvw.v",
    "__class__": "Path"
   },
   {
    "name": "/tmp/nvimTDXw2r/tmp7k113cab.v",
    "__class__": "Path"
   },
   {
    "name": "/tmp/nvimTDXw2r/tmpmpqlz_zc.v",
    "__class__": "Path"
   },
   {
    "name": "/tmp/nvimTDXw2r/tmpwp8o3o5u.v",
    "__class__": "Path"
   },
   {
    "name": "/tmp/nvimTDXw2r/tmpj0ckai8c.v",
    "__class__": "Path"
   },
   {
    "name": "/tmp/nvimTDXw2r/tmphvw4ur10.v",
    "__class__": "Path"
   },
   {
    "name": "/tmp/nvimTDXw2r/tmpvch_zk3j.v",
    "__class__": "Path"
   },
   {
    "name": "/tmp/nvimTDXw2r/tmpya4sam3o.v",
    "__class__": "Path"
   },
   {
    "name": "/tmp/nvimTDXw2r/tmp7ddf2hc8.v",
    "__class__": "Path"
   },
   {
    "name": "/tmp/nvimTDXw2r/tmplwdz5rap.v",
    "__class__": "Path"
   },
   {
    "name": "/tmp/nvimTDXw2r/tmp5h_qjbnk.v",
    "__class__": "Path"
   },
   {
    "name": "/tmp/nvimTDXw2r/tmpqpqtvgn7.v",
    "__class__": "Path"
   },
   {
    "name": "/tmp/nvimTDXw2r/tmpapaz9aob.v",
    "__class__": "Path"
   },
   {
    "name": "/tmp/nvimTDXw2r/tmp27eigkgh.v",
    "__class__": "Path"
   },
   {
    "name": "/tmp/nvimTDXw2r/tmpmd15eqwh.v",
    "__class__": "Path"
   },
   {
    "name": "/tmp/nvimTDXw2r/tmpuyvuivob.v",
    "__class__": "Path"
   },
   {
    "name": "/tmp/nvimTDXw2r/tmpds8k079t.v",
    "__class__": "Path"
   },
   {
    "name": "/tmp/nvimTDXw2r/tmpjw7e3asc.v",
    "__class__": "Path"
   },
   {
    "name": "/tmp/nvimTDXw2r/tmp_f11gt3f.v",
    "__class__": "Path"
   },
   {
    "name": "/tmp/nvimTDXw2r/tmpqo6fm4ac.v",
    "__class__": "Path"
   },
   {
    "name": "/tmp/nvimTDXw2r/tmp38k2sggw.v",
    "__class__": "Path"
   },
   {
    "name": "/tmp/nvimTDXw2r/tmp86yq9gws.v",
    "__class__": "Path"
   },
   {
    "name": "/tmp/nvimTDXw2r/tmp9ei6exht.v",
    "__class__": "Path"
   },
   {
    "name": "/tmp/nvimTDXw2r/tmpqajw4_ny.v",
    "__class__": "Path"
   },
   {
    "name": "/tmp/nvim3IYiXl/tmpqpe97oc8.v",
    "__class__": "Path"
   },
   {
    "name": "/tmp/nvimTDXw2r/tmph8d1q1ih.v",
    "__class__": "Path"
   },
   {
    "name": "/tmp/nvimTDXw2r/tmpmtev9f04.v",
    "__class__": "Path"
   },
   {
    "name": "/tmp/nvimTDXw2r/tmpd8aut1ul.v",
    "__class__": "Path"
   },
   {
    "name": "/tmp/nvimTDXw2r/tmpidlwuk4y.v",
    "__class__": "Path"
   },
   {
    "name": "/tmp/nvimTDXw2r/tmpb19nnhzz.v",
    "__class__": "Path"
   },
   {
    "name": "/tmp/nvimTDXw2r/tmpw90zvpo_.v",
    "__class__": "Path"
   },
   {
    "name": "/tmp/nvimTDXw2r/tmpt0k_pfoq.v",
    "__class__": "Path"
   },
   {
    "name": "/tmp/nvimTDXw2r/tmp75efrpx6.v",
    "__class__": "Path"
   },
   {
    "name": "/tmp/nvimTDXw2r/tmpqq0o2sh2.v",
    "__class__": "Path"
   },
   {
    "name": "/tmp/nvimTDXw2r/tmpgd7n8zo4.v",
    "__class__": "Path"
   },
   {
    "name": "/tmp/nvimTDXw2r/tmp0tibzqt2.v",
    "__class__": "Path"
   },
   {
    "name": "/tmp/nvimTDXw2r/tmpbco9urdu.v",
    "__class__": "Path"
   },
   {
    "name": "/tmp/nvimTDXw2r/tmpbh3ew5ua.v",
    "__class__": "Path"
   },
   {
    "name": "/tmp/nvim3IYiXl/tmpkdswtbfw.v",
    "__class__": "Path"
   },
   {
    "name": "/tmp/nvimTDXw2r/tmpdnr83n_i.v",
    "__class__": "Path"
   },
   {
    "name": "/tmp/nvimTDXw2r/tmp4z5f259i.v",
    "__class__": "Path"
   },
   {
    "name": "/tmp/nvimTDXw2r/tmp2lyn2pkm.v",
    "__class__": "Path"
   },
   {
    "name": "/tmp/nvimTDXw2r/tmpa7lfgjvu.v",
    "__class__": "Path"
   },
   {
    "name": "/tmp/nvimTDXw2r/tmpcjapsv4l.v",
    "__class__": "Path"
   },
   {
    "name": "/tmp/nvimTDXw2r/tmpdxogrere.v",
    "__class__": "Path"
   },
   {
    "name": "/tmp/nvimTDXw2r/tmpvv102t9z.v",
    "__class__": "Path"
   },
   {
    "name": "/tmp/nvimTDXw2r/tmp_t_bc7u7.v",
    "__class__": "Path"
   },
   {
    "name": "/tmp/nvimTDXw2r/tmp1v3icp_c.v",
    "__class__": "Path"
   },
   {
    "name": "/tmp/nvimTDXw2r/tmp0okr1u_o.v",
    "__class__": "Path"
   },
   {
    "name": "/tmp/nvimTDXw2r/tmp4fqi857x.v",
    "__class__": "Path"
   },
   {
    "name": "/tmp/nvimTDXw2r/tmppykqh79r.v",
    "__class__": "Path"
   },
   {
    "name": "/tmp/nvimTDXw2r/tmpj8xjrnmw.v",
    "__class__": "Path"
   },
   {
    "name": "/tmp/nvimTDXw2r/tmp7bfv75nd.v",
    "__class__": "Path"
   },
   {
    "name": "/tmp/nvimTDXw2r/tmpzjnjtcyr.v",
    "__class__": "Path"
   },
   {
    "name": "/tmp/nvimTDXw2r/tmp7jns97pd.v",
    "__class__": "Path"
   },
   {
    "name": "/tmp/nvimTDXw2r/tmpslpxr7sk.v",
    "__class__": "Path"
   },
   {
    "name": "/tmp/nvimTDXw2r/tmpqqurh8p0.v",
    "__class__": "Path"
   },
   {
    "name": "/tmp/nvim3IYiXl/tmpatdqr12x.v",
    "__class__": "Path"
   },
   {
    "name": "/tmp/nvimTDXw2r/tmpx2fguaba.v",
    "__class__": "Path"
   },
   {
    "name": "/tmp/nvimTDXw2r/tmp71bmsk5w.v",
    "__class__": "Path"
   },
   {
    "name": "/tmp/nvimTDXw2r/tmpmdi5wze8.v",
    "__class__": "Path"
   },
   {
    "name": "/tmp/nvimTDXw2r/tmpo5vl2xu7.v",
    "__class__": "Path"
   },
   {
    "name": "/tmp/nvimTDXw2r/tmp5cprlawg.v",
    "__class__": "Path"
   },
   {
    "name": "/tmp/nvimTDXw2r/tmpdzko22ss.v",
    "__class__": "Path"
   },
   {
    "name": "/tmp/nvimTDXw2r/tmp346_xxgm.v",
    "__class__": "Path"
   },
   {
    "name": "/tmp/nvimTDXw2r/tmp0qhs0em9.v",
    "__class__": "Path"
   },
   {
    "name": "/tmp/nvimTDXw2r/tmployj2hr4.v",
    "__class__": "Path"
   },
   {
    "name": "/tmp/nvimTDXw2r/tmphacu4ltg.v",
    "__class__": "Path"
   },
   {
    "name": "/tmp/nvimTDXw2r/tmp9nqmu4f9.v",
    "__class__": "Path"
   },
   {
    "name": "/tmp/nvimTDXw2r/tmpf1y__bj7.v",
    "__class__": "Path"
   },
   {
    "name": "/tmp/nvim3IYiXl/tmpklmj9s_a.v",
    "__class__": "Path"
   },
   {
    "name": "/tmp/nvimTDXw2r/tmp7ywl3ltb.v",
    "__class__": "Path"
   },
   {
    "name": "/tmp/nvimTDXw2r/tmpgmwtuv6j.v",
    "__class__": "Path"
   },
   {
    "name": "/tmp/nvimTDXw2r/tmpmua0ga9k.v",
    "__class__": "Path"
   },
   {
    "name": "/tmp/nvimTDXw2r/tmpy88muyxx.v",
    "__class__": "Path"
   },
   {
    "name": "/tmp/nvimTDXw2r/tmp32etigio.v",
    "__class__": "Path"
   },
   {
    "name": "/tmp/nvimTDXw2r/tmpfxpzn626.v",
    "__class__": "Path"
   },
   {
    "name": "/tmp/nvimTDXw2r/tmpv108gjt6.v",
    "__class__": "Path"
   },
   {
    "name": "/tmp/nvimTDXw2r/tmptiz62tw8.v",
    "__class__": "Path"
   },
   {
    "name": "/tmp/nvimTDXw2r/tmps2vk72it.v",
    "__class__": "Path"
   },
   {
    "name": "/tmp/nvimTDXw2r/tmpbrwer0tl.v",
    "__class__": "Path"
   },
   {
    "name": "/tmp/nvimTDXw2r/tmp5p16rv9a.v",
    "__class__": "Path"
   },
   {
    "name": "/tmp/nvimTDXw2r/tmpf2gynmuh.v",
    "__class__": "Path"
   },
   {
    "name": "/tmp/nvimTDXw2r/tmpj7cjui5c.v",
    "__class__": "Path"
   },
   {
    "name": "/tmp/nvim3IYiXl/tmpqbabd16s.v",
    "__class__": "Path"
   },
   {
    "name": "/tmp/nvimTDXw2r/tmpta5o2x7_.v",
    "__class__": "Path"
   },
   {
    "name": "/tmp/nvimTDXw2r/tmpnudw4r0p.v",
    "__class__": "Path"
   },
   {
    "name": "/tmp/nvimTDXw2r/tmptzeg6iam.v",
    "__class__": "Path"
   },
   {
    "name": "/tmp/nvimTDXw2r/tmpsnnp2nw_.v",
    "__class__": "Path"
   },
   {
    "name": "/tmp/nvimTDXw2r/tmpho82iu2q.v",
    "__class__": "Path"
   },
   {
    "name": "/tmp/nvimTDXw2r/tmp0gxvv7w2.v",
    "__class__": "Path"
   },
   {
    "name": "/tmp/nvimTDXw2r/tmpj14kjt37.v",
    "__class__": "Path"
   },
   {
    "name": "/tmp/nvim3IYiXl/tmpgrlgioq4.v",
    "__class__": "Path"
   },
   {
    "name": "/tmp/nvimTDXw2r/tmpj47od76q.v",
    "__class__": "Path"
   },
   {
    "name": "/tmp/nvimTDXw2r/tmpt14drr55.v",
    "__class__": "Path"
   },
   {
    "name": "/tmp/nvimTDXw2r/tmp8co5zu7d.v",
    "__class__": "Path"
   },
   {
    "name": "/tmp/nvimTDXw2r/tmp4jwb_3j2.v",
    "__class__": "Path"
   },
   {
    "name": "/tmp/nvimTDXw2r/tmp6_5cf878.v",
    "__class__": "Path"
   },
   {
    "name": "/tmp/nvim3IYiXl/tmpghkbuatq.v",
    "__class__": "Path"
   },
   {
    "name": "/tmp/nvimTDXw2r/tmpy_l7kacy.v",
    "__class__": "Path"
   },
   {
    "name": "/tmp/nvimTDXw2r/tmp482kprqu.v",
    "__class__": "Path"
   },
   {
    "name": "/tmp/nvimTDXw2r/tmpc2emx6f2.v",
    "__class__": "Path"
   },
   {
    "name": "/tmp/nvimTDXw2r/tmpzp453_fe.v",
    "__class__": "Path"
   },
   {
    "name": "/tmp/nvimTDXw2r/tmp375urs70.v",
    "__class__": "Path"
   },
   {
    "name": "/tmp/nvimTDXw2r/tmp_szbtkeg.v",
    "__class__": "Path"
   },
   {
    "name": "/tmp/nvimTDXw2r/tmptlygotpo.v",
    "__class__": "Path"
   },
   {
    "name": "/tmp/nvimTDXw2r/tmpeyk30vga.v",
    "__class__": "Path"
   },
   {
    "name": "/tmp/nvimTDXw2r/tmp_zxpygy8.v",
    "__class__": "Path"
   },
   {
    "name": "/tmp/nvimTDXw2r/tmp55rq21eo.v",
    "__class__": "Path"
   },
   {
    "name": "/tmp/nvimTDXw2r/tmpuz1vf8ph.v",
    "__class__": "Path"
   },
   {
    "name": "/tmp/nvim3IYiXl/tmpob72ho1i.v",
    "__class__": "Path"
   },
   {
    "name": "/tmp/nvimTDXw2r/tmpwvz8m20m.v",
    "__class__": "Path"
   },
   {
    "name": "/tmp/nvimTDXw2r/tmprxn2xgtj.v",
    "__class__": "Path"
   },
   {
    "name": "/tmp/nvimTDXw2r/tmp82neo3aj.v",
    "__class__": "Path"
   },
   {
    "name": "/tmp/nvimTDXw2r/tmpdrp87l7h.v",
    "__class__": "Path"
   },
   {
    "name": "/tmp/nvimTDXw2r/tmp7togm_0o.v",
    "__class__": "Path"
   },
   {
    "name": "/tmp/nvimTDXw2r/tmpj8mpp2y4.v",
    "__class__": "Path"
   },
   {
    "name": "/tmp/nvimTDXw2r/tmpdkcl9oap.v",
    "__class__": "Path"
   },
   {
    "name": "/tmp/nvimTDXw2r/tmptq67g2bw.v",
    "__class__": "Path"
   },
   {
    "name": "/tmp/nvimTDXw2r/tmp14v1ws6i.v",
    "__class__": "Path"
   },
   {
    "name": "/tmp/nvimTDXw2r/tmpuqqudlki.v",
    "__class__": "Path"
   },
   {
    "name": "/tmp/nvimTDXw2r/tmpw4qnrhwn.v",
    "__class__": "Path"
   },
   {
    "name": "/tmp/nvimTDXw2r/tmp9h4i9v7h.v",
    "__class__": "Path"
   },
   {
    "name": "/tmp/nvim3IYiXl/tmpefpu60yr.v",
    "__class__": "Path"
   },
   {
    "name": "/tmp/nvimTDXw2r/tmp992c6y19.v",
    "__class__": "Path"
   },
   {
    "name": "/tmp/nvimTDXw2r/tmp4cmc0cc5.v",
    "__class__": "Path"
   },
   {
    "name": "/tmp/nvimTDXw2r/tmp_5eortiv.v",
    "__class__": "Path"
   },
   {
    "name": "/tmp/nvimTDXw2r/tmpf6dlqn2k.v",
    "__class__": "Path"
   },
   {
    "name": "/tmp/nvimTDXw2r/tmpwi7kz72s.v",
    "__class__": "Path"
   },
   {
    "name": "/tmp/nvimTDXw2r/tmpzhu0wurq.v",
    "__class__": "Path"
   },
   {
    "name": "/tmp/nvimTDXw2r/tmp4e18yvf1.v",
    "__class__": "Path"
   },
   {
    "name": "/tmp/nvimTDXw2r/tmpmatb7__i.v",
    "__class__": "Path"
   },
   {
    "name": "/tmp/nvimTDXw2r/tmpx5s40fid.v",
    "__class__": "Path"
   },
   {
    "name": "/tmp/nvimTDXw2r/tmpd_bw17au.v",
    "__class__": "Path"
   },
   {
    "name": "/tmp/nvimTDXw2r/tmp35vohfxi.v",
    "__class__": "Path"
   },
   {
    "name": "/tmp/nvim3IYiXl/tmp8y21ilwd.v",
    "__class__": "Path"
   },
   {
    "name": "/tmp/nvimTDXw2r/tmpa4fsssvc.v",
    "__class__": "Path"
   },
   {
    "name": "/tmp/nvimTDXw2r/tmp_vcek6iu.v",
    "__class__": "Path"
   },
   {
    "name": "/tmp/nvimTDXw2r/tmp7ks8fibn.v",
    "__class__": "Path"
   },
   {
    "name": "/tmp/nvimTDXw2r/tmpfgec9yiy.v",
    "__class__": "Path"
   },
   {
    "name": "/tmp/nvimTDXw2r/tmpuv3upag_.v",
    "__class__": "Path"
   },
   {
    "name": "/tmp/nvimTDXw2r/tmp9xyveldi.v",
    "__class__": "Path"
   },
   {
    "name": "/tmp/nvimTDXw2r/tmpmwnlwohx.v",
    "__class__": "Path"
   },
   {
    "name": "/tmp/nvimTDXw2r/tmpcidvag9b.v",
    "__class__": "Path"
   },
   {
    "name": "/tmp/nvimTDXw2r/tmp34xlttvn.v",
    "__class__": "Path"
   },
   {
    "name": "/tmp/nvimTDXw2r/tmp4z4q815v.v",
    "__class__": "Path"
   },
   {
    "name": "/tmp/nvimTDXw2r/tmpydgv7wq0.v",
    "__class__": "Path"
   },
   {
    "name": "/tmp/nvimTDXw2r/tmprpn308dl.v",
    "__class__": "Path"
   },
   {
    "name": "/tmp/nvimTDXw2r/tmpmx9kam9e.v",
    "__class__": "Path"
   },
   {
    "name": "/tmp/nvimTDXw2r/tmpsmf3aaj5.v",
    "__class__": "Path"
   },
   {
    "name": "/tmp/nvimTDXw2r/tmpoip7taiv.v",
    "__class__": "Path"
   },
   {
    "name": "/tmp/nvimTDXw2r/tmp7ol28yhe.v",
    "__class__": "Path"
   },
   {
    "name": "/tmp/nvimTDXw2r/tmpskdxqd5b.v",
    "__class__": "Path"
   },
   {
    "name": "/tmp/nvimTDXw2r/tmpl1a1fyn1.v",
    "__class__": "Path"
   },
   {
    "name": "/tmp/nvimTDXw2r/tmpd5vyjhai.v",
    "__class__": "Path"
   },
   {
    "name": "/tmp/nvimTDXw2r/tmpxssgok5u.v",
    "__class__": "Path"
   },
   {
    "name": "/tmp/nvimTDXw2r/tmpc00_q8ts.v",
    "__class__": "Path"
   },
   {
    "name": "/tmp/nvimTDXw2r/tmpa5oecp6h.v",
    "__class__": "Path"
   },
   {
    "name": "/tmp/nvimTDXw2r/tmpl2uhyte_.v",
    "__class__": "Path"
   },
   {
    "name": "/tmp/nvimTDXw2r/tmpyuh_aiyf.v",
    "__class__": "Path"
   },
   {
    "name": "/tmp/nvimTDXw2r/tmpqldogh4j.v",
    "__class__": "Path"
   },
   {
    "name": "/tmp/nvimTDXw2r/tmp8nrqscqh.v",
    "__class__": "Path"
   },
   {
    "name": "/tmp/nvimTDXw2r/tmppgrvi2a1.v",
    "__class__": "Path"
   },
   {
    "name": "/tmp/nvimTDXw2r/tmpfy3v6ho7.v",
    "__class__": "Path"
   },
   {
    "name": "/tmp/nvimTDXw2r/tmponxz6hub.v",
    "__class__": "Path"
   },
   {
    "name": "/tmp/nvimTDXw2r/tmpxjus3le6.v",
    "__class__": "Path"
   },
   {
    "name": "/tmp/nvimTDXw2r/tmpwa4lv7_n.v",
    "__class__": "Path"
   },
   {
    "name": "/tmp/nvimTDXw2r/tmpxe0bi74w.v",
    "__class__": "Path"
   },
   {
    "name": "/tmp/nvimTDXw2r/tmpqm2ak3rq.v",
    "__class__": "Path"
   },
   {
    "name": "/tmp/nvimTDXw2r/tmpymeusf4b.v",
    "__class__": "Path"
   },
   {
    "name": "/tmp/nvimTDXw2r/tmpkuemgudt.v",
    "__class__": "Path"
   },
   {
    "name": "/tmp/nvimTDXw2r/tmpyl9_un73.v",
    "__class__": "Path"
   },
   {
    "name": "/tmp/nvimTDXw2r/tmpj8jux2gn.v",
    "__class__": "Path"
   },
   {
    "name": "/tmp/nvimTDXw2r/tmpbjfm1ccq.v",
    "__class__": "Path"
   },
   {
    "name": "/tmp/nvimTDXw2r/tmp7mv686l1.v",
    "__class__": "Path"
   },
   {
    "name": "/tmp/nvimTDXw2r/tmpkz1p94vm.v",
    "__class__": "Path"
   },
   {
    "name": "/tmp/nvim3IYiXl/tmpc5515tga.v",
    "__class__": "Path"
   },
   {
    "name": "/tmp/nvimTDXw2r/tmpdwf3bd7y.v",
    "__class__": "Path"
   },
   {
    "name": "/tmp/nvimTDXw2r/tmpa75jbcrq.v",
    "__class__": "Path"
   },
   {
    "name": "/tmp/nvimTDXw2r/tmp8q0uaoo8.v",
    "__class__": "Path"
   },
   {
    "name": "/tmp/nvimTDXw2r/tmpil8o_tv8.v",
    "__class__": "Path"
   },
   {
    "name": "/tmp/nvimTDXw2r/tmpjiz_pbcj.v",
    "__class__": "Path"
   },
   {
    "name": "/tmp/nvimTDXw2r/tmpz444xerm.v",
    "__class__": "Path"
   },
   {
    "name": "/tmp/nvimTDXw2r/tmp7nuct4du.v",
    "__class__": "Path"
   },
   {
    "name": "/tmp/nvimTDXw2r/tmpaykmbnvo.v",
    "__class__": "Path"
   },
   {
    "name": "/tmp/nvimTDXw2r/tmp_xbcdf07.v",
    "__class__": "Path"
   },
   {
    "name": "/tmp/nvimTDXw2r/tmpvui5o6na.v",
    "__class__": "Path"
   },
   {
    "name": "/tmp/nvimTDXw2r/tmplcj5ia2v.v",
    "__class__": "Path"
   },
   {
    "name": "/tmp/nvimTDXw2r/tmpsuz0frhs.v",
    "__class__": "Path"
   },
   {
    "name": "/tmp/nvimTDXw2r/tmp94n7zaxr.v",
    "__class__": "Path"
   },
   {
    "name": "/tmp/nvimTDXw2r/tmp86i35pb6.v",
    "__class__": "Path"
   },
   {
    "name": "/tmp/nvimTDXw2r/tmprluf4eig.v",
    "__class__": "Path"
   },
   {
    "name": "/tmp/nvimTDXw2r/tmp6ucg_5zb.v",
    "__class__": "Path"
   },
   {
    "name": "/tmp/nvimTDXw2r/tmpfhddjdtr.v",
    "__class__": "Path"
   },
   {
    "name": "/tmp/nvimTDXw2r/tmpv8bfjb1u.v",
    "__class__": "Path"
   },
   {
    "name": "/tmp/nvimTDXw2r/tmpiqofzlfz.v",
    "__class__": "Path"
   },
   {
    "name": "/tmp/nvim3IYiXl/tmpoag6qwwl.v",
    "__class__": "Path"
   }
  ],
  "design_units": [
   {
    "owner": {
     "name": "/home/zww/Documents/College/2022SP/HDL/HdlMicroProcessor/HdlMicroProcessor.srcs/sim/pipeline/stages/memory/sfr_file/sfr_file.v",
     "__class__": "Path"
    },
    "type_": "entity",
    "name": {
     "name": "sfr_file",
     "case_sensitive": true,
     "__class__": "VerilogIdentifier"
    },
    "locations": [
     [
      8,
      7
     ]
    ],
    "__class__": "VerilogDesignUnit"
   },
   {
    "owner": {
     "name": "/home/zww/Documents/College/2022SP/HDL/HdlMicroProcessor/HdlMicroProcessor.srcs/sim/pipeline/stages/memory/mem_wb_data_input_mux/mem_wb_data_input_mux.v",
     "__class__": "Path"
    },
    "type_": "entity",
    "name": {
     "name": "mem_wb_data_input_mux",
     "case_sensitive": true,
     "__class__": "VerilogIdentifier"
    },
    "locations": [
     [
      8,
      7
     ]
    ],
    "__class__": "VerilogDesignUnit"
   },
   {
    "owner": {
     "name": "/home/zww/Documents/College/2022SP/HDL/HdlMicroProcessor/HdlMicroProcessor.srcs/sim/pipeline/stages/memory/memory.v",
     "__class__": "Path"
    },
    "type_": "entity",
    "name": {
     "name": "memory",
     "case_sensitive": true,
     "__class__": "VerilogIdentifier"
    },
    "locations": [
     [
      8,
      7
     ]
    ],
    "__class__": "VerilogDesignUnit"
   }
  ],
  "__class__": "Database"
 },
 "__version__": "0.7.4"
}