{
 "builder": {
  "_version": "<undefined>",
  "_logger": "hdl_checker.builders.fallback",
  "_work_folder": "/home/zww/Documents/College/2022SP/HDL/HdlMicroProcessor/HdlMicroProcessor.srcs/sim/pipeline/stages/fetch/.hdl_checker",
  "_builtin_libraries": [],
  "_added_libraries": [
   {
    "name": "default_library",
    "case_sensitive": false,
    "__class__": "Identifier"
   }
  ],
  "__class__": "Fallback"
 },
 "config_file": [
  {
   "name": "/tmp/hdl_checker_project_pid170557.json",
   "__class__": "Path"
  },
  1645063048.6109786,
  "generated"
 ],
 "database": {
  "sources": [
   {
    "path": {
     "name": "/home/zww/Documents/College/2022SP/HDL/HdlMicroProcessor/HdlMicroProcessor.srcs/sim/pipeline/stages/fetch/fetch.v",
     "__class__": "Path"
    },
    "mtime": 1645063884.3360088,
    "flags": {
     "source_specific": [],
     "single": [],
     "dependencies": []
    },
    "dependencies": [],
    "diags": []
   }
  ],
  "inferred_libraries": [
   {
    "name": "/tmp/nvim6L30Kr/tmpp0e33f_u.v",
    "__class__": "Path"
   },
   {
    "name": "/tmp/nvim6L30Kr/tmppffpe3s8.v",
    "__class__": "Path"
   },
   {
    "name": "/tmp/nvim6L30Kr/tmp54kjwkwp.v",
    "__class__": "Path"
   },
   {
    "name": "/tmp/nvim6L30Kr/tmpgjv94ag_.v",
    "__class__": "Path"
   },
   {
    "name": "/tmp/nvim6L30Kr/tmpclu3nj1f.v",
    "__class__": "Path"
   },
   {
    "name": "/tmp/nvim6L30Kr/tmpy_hk7qfw.v",
    "__class__": "Path"
   },
   {
    "name": "/tmp/nvim6L30Kr/tmpzrz5y5ny.v",
    "__class__": "Path"
   },
   {
    "name": "/tmp/nvim6L30Kr/tmpz4vyc4fj.v",
    "__class__": "Path"
   },
   {
    "name": "/tmp/nvim6L30Kr/tmp9kliddor.v",
    "__class__": "Path"
   },
   {
    "name": "/tmp/nvim6L30Kr/tmpn0ikif2q.v",
    "__class__": "Path"
   },
   {
    "name": "/tmp/nvim6L30Kr/tmp51jdwkc3.v",
    "__class__": "Path"
   },
   {
    "name": "/tmp/nvim6L30Kr/tmp8o71lgh_.v",
    "__class__": "Path"
   },
   {
    "name": "/tmp/nvim6L30Kr/tmp3d8jt9qc.v",
    "__class__": "Path"
   },
   {
    "name": "/tmp/nvim6L30Kr/tmp_wxrrjek.v",
    "__class__": "Path"
   },
   {
    "name": "/tmp/nvim6L30Kr/tmp46okq757.v",
    "__class__": "Path"
   },
   {
    "name": "/tmp/nvim6L30Kr/tmp7oyoc2bk.v",
    "__class__": "Path"
   },
   {
    "name": "/tmp/nvim6L30Kr/tmpvlidhmh9.v",
    "__class__": "Path"
   },
   {
    "name": "/tmp/nvim6L30Kr/tmpkhb7_bf5.v",
    "__class__": "Path"
   },
   {
    "name": "/tmp/nvim6L30Kr/tmp65sm446c.v",
    "__class__": "Path"
   },
   {
    "name": "/tmp/nvim6L30Kr/tmp3kxb735r.v",
    "__class__": "Path"
   },
   {
    "name": "/tmp/nvim6L30Kr/tmpe8jzsf43.v",
    "__class__": "Path"
   },
   {
    "name": "/tmp/nvim6L30Kr/tmpv141grvq.v",
    "__class__": "Path"
   },
   {
    "name": "/tmp/nvim6L30Kr/tmpk6_fnz4i.v",
    "__class__": "Path"
   },
   {
    "name": "/tmp/nvim6L30Kr/tmpbvy7ayg7.v",
    "__class__": "Path"
   },
   {
    "name": "/tmp/nvim6L30Kr/tmpl_8m837p.v",
    "__class__": "Path"
   },
   {
    "name": "/tmp/nvim6L30Kr/tmpxr0iocu7.v",
    "__class__": "Path"
   },
   {
    "name": "/tmp/nvim6L30Kr/tmpyej3gbt_.v",
    "__class__": "Path"
   },
   {
    "name": "/tmp/nvim6L30Kr/tmpmh4f4y14.v",
    "__class__": "Path"
   },
   {
    "name": "/tmp/nvim6L30Kr/tmpym9ycq4t.v",
    "__class__": "Path"
   },
   {
    "name": "/tmp/nvim6L30Kr/tmppx7a12eq.v",
    "__class__": "Path"
   },
   {
    "name": "/tmp/nvim6L30Kr/tmp53ru4ems.v",
    "__class__": "Path"
   },
   {
    "name": "/tmp/nvim6L30Kr/tmpctwl0qz6.v",
    "__class__": "Path"
   },
   {
    "name": "/tmp/nvim6L30Kr/tmp14y84i87.v",
    "__class__": "Path"
   },
   {
    "name": "/tmp/nvim6L30Kr/tmpubeyb99u.v",
    "__class__": "Path"
   },
   {
    "name": "/tmp/nvim6L30Kr/tmpqy4cw5yc.v",
    "__class__": "Path"
   },
   {
    "name": "/tmp/nvim6L30Kr/tmpvv7t3g6g.v",
    "__class__": "Path"
   },
   {
    "name": "/tmp/nvim6L30Kr/tmpufmh502q.v",
    "__class__": "Path"
   },
   {
    "name": "/tmp/nvim6L30Kr/tmpz6ago_eh.v",
    "__class__": "Path"
   },
   {
    "name": "/tmp/nvim6L30Kr/tmp69hxzdur.v",
    "__class__": "Path"
   },
   {
    "name": "/tmp/nvim6L30Kr/tmpwf0l0lh_.v",
    "__class__": "Path"
   },
   {
    "name": "/tmp/nvim6L30Kr/tmpgxtfhcha.v",
    "__class__": "Path"
   },
   {
    "name": "/tmp/nvim6L30Kr/tmphskttb26.v",
    "__class__": "Path"
   },
   {
    "name": "/tmp/nvim6L30Kr/tmp4dl7axuz.v",
    "__class__": "Path"
   },
   {
    "name": "/tmp/nvim6L30Kr/tmpzlrg9nh8.v",
    "__class__": "Path"
   },
   {
    "name": "/tmp/nvim6L30Kr/tmpgzo9qmfo.v",
    "__class__": "Path"
   },
   {
    "name": "/tmp/nvim6L30Kr/tmp0oeij5_u.v",
    "__class__": "Path"
   },
   {
    "name": "/tmp/nvim6L30Kr/tmppglzrdfc.v",
    "__class__": "Path"
   },
   {
    "name": "/tmp/nvim6L30Kr/tmpgp9i8g4w.v",
    "__class__": "Path"
   },
   {
    "name": "/tmp/nvim6L30Kr/tmpd9eds6t7.v",
    "__class__": "Path"
   },
   {
    "name": "/tmp/nvim6L30Kr/tmphrlrqjr2.v",
    "__class__": "Path"
   },
   {
    "name": "/tmp/nvim6L30Kr/tmptp7b8noq.v",
    "__class__": "Path"
   },
   {
    "name": "/tmp/nvim6L30Kr/tmphpzmjp0o.v",
    "__class__": "Path"
   },
   {
    "name": "/tmp/nvim6L30Kr/tmpn69ymjij.v",
    "__class__": "Path"
   },
   {
    "name": "/tmp/nvim6L30Kr/tmp9qs2dlm8.v",
    "__class__": "Path"
   },
   {
    "name": "/tmp/nvim6L30Kr/tmpa4aadhfl.v",
    "__class__": "Path"
   },
   {
    "name": "/tmp/nvim6L30Kr/tmp9jd5cg_9.v",
    "__class__": "Path"
   },
   {
    "name": "/tmp/nvim6L30Kr/tmpeeuifeup.v",
    "__class__": "Path"
   },
   {
    "name": "/tmp/nvim6L30Kr/tmp9nc4g8vz.v",
    "__class__": "Path"
   },
   {
    "name": "/tmp/nvim6L30Kr/tmp8cde0veo.v",
    "__class__": "Path"
   },
   {
    "name": "/tmp/nvim6L30Kr/tmpew8ny00m.v",
    "__class__": "Path"
   },
   {
    "name": "/tmp/nvim6L30Kr/tmp95tzlilp.v",
    "__class__": "Path"
   },
   {
    "name": "/tmp/nvim6L30Kr/tmplmse0vjl.v",
    "__class__": "Path"
   },
   {
    "name": "/tmp/nvim6L30Kr/tmp22droxss.v",
    "__class__": "Path"
   },
   {
    "name": "/tmp/nvim6L30Kr/tmpquq0dncb.v",
    "__class__": "Path"
   },
   {
    "name": "/tmp/nvim6L30Kr/tmpe7xu5cj1.v",
    "__class__": "Path"
   },
   {
    "name": "/tmp/nvim6L30Kr/tmp1uxy_0ch.v",
    "__class__": "Path"
   },
   {
    "name": "/tmp/nvim6L30Kr/tmpm9ie5srt.v",
    "__class__": "Path"
   },
   {
    "name": "/tmp/nvim6L30Kr/tmpeszf9d13.v",
    "__class__": "Path"
   },
   {
    "name": "/tmp/nvim6L30Kr/tmpbtr35gb_.v",
    "__class__": "Path"
   },
   {
    "name": "/tmp/nvim6L30Kr/tmp_456u60h.v",
    "__class__": "Path"
   },
   {
    "name": "/tmp/nvim6L30Kr/tmpg_thjsyn.v",
    "__class__": "Path"
   },
   {
    "name": "/tmp/nvim6L30Kr/tmph0hwhxei.v",
    "__class__": "Path"
   },
   {
    "name": "/tmp/nvim6L30Kr/tmpq2_6gg_f.v",
    "__class__": "Path"
   },
   {
    "name": "/tmp/nvim6L30Kr/tmpxhx53pa9.v",
    "__class__": "Path"
   },
   {
    "name": "/tmp/nvim6L30Kr/tmpp1zay6iu.v",
    "__class__": "Path"
   },
   {
    "name": "/tmp/nvim6L30Kr/tmpedp4oto6.v",
    "__class__": "Path"
   },
   {
    "name": "/tmp/nvim6L30Kr/tmp6rdaw0on.v",
    "__class__": "Path"
   },
   {
    "name": "/tmp/nvim6L30Kr/tmp4vamkr9i.v",
    "__class__": "Path"
   },
   {
    "name": "/tmp/nvim6L30Kr/tmpe7kmw_d7.v",
    "__class__": "Path"
   },
   {
    "name": "/tmp/nvim6L30Kr/tmp_xz34io_.v",
    "__class__": "Path"
   },
   {
    "name": "/tmp/nvim6L30Kr/tmp3zdowhje.v",
    "__class__": "Path"
   },
   {
    "name": "/tmp/nvim6L30Kr/tmpzpjoqvcz.v",
    "__class__": "Path"
   },
   {
    "name": "/tmp/nvim6L30Kr/tmp71j6tokx.v",
    "__class__": "Path"
   },
   {
    "name": "/tmp/nvim6L30Kr/tmp0rejrtu_.v",
    "__class__": "Path"
   },
   {
    "name": "/tmp/nvim6L30Kr/tmpv_wkotv6.v",
    "__class__": "Path"
   },
   {
    "name": "/tmp/nvim6L30Kr/tmpmnr63cta.v",
    "__class__": "Path"
   },
   {
    "name": "/tmp/nvim6L30Kr/tmp_f2zttm6.v",
    "__class__": "Path"
   },
   {
    "name": "/tmp/nvim6L30Kr/tmpuy3d9q4r.v",
    "__class__": "Path"
   },
   {
    "name": "/tmp/nvim6L30Kr/tmp0i7f_c8h.v",
    "__class__": "Path"
   },
   {
    "name": "/tmp/nvim6L30Kr/tmp_zthluvb.v",
    "__class__": "Path"
   },
   {
    "name": "/tmp/nvim6L30Kr/tmpbu6vabew.v",
    "__class__": "Path"
   },
   {
    "name": "/tmp/nvim6L30Kr/tmpvo3wqknx.v",
    "__class__": "Path"
   },
   {
    "name": "/tmp/nvim6L30Kr/tmpsf2qi4bp.v",
    "__class__": "Path"
   },
   {
    "name": "/tmp/nvim6L30Kr/tmpmxz8a9oz.v",
    "__class__": "Path"
   },
   {
    "name": "/tmp/nvim6L30Kr/tmpz6a23xl_.v",
    "__class__": "Path"
   },
   {
    "name": "/tmp/nvim6L30Kr/tmph857q0ki.v",
    "__class__": "Path"
   },
   {
    "name": "/tmp/nvim6L30Kr/tmp3u9kuzpp.v",
    "__class__": "Path"
   },
   {
    "name": "/tmp/nvim6L30Kr/tmpenn656bg.v",
    "__class__": "Path"
   },
   {
    "name": "/tmp/nvim6L30Kr/tmptgfqzyn7.v",
    "__class__": "Path"
   },
   {
    "name": "/tmp/nvim6L30Kr/tmp5zjlqt32.v",
    "__class__": "Path"
   },
   {
    "name": "/tmp/nvim6L30Kr/tmp14tsn007.v",
    "__class__": "Path"
   },
   {
    "name": "/tmp/nvim6L30Kr/tmp4gofteb2.v",
    "__class__": "Path"
   },
   {
    "name": "/tmp/nvim6L30Kr/tmpulg5q08y.v",
    "__class__": "Path"
   },
   {
    "name": "/tmp/nvim6L30Kr/tmpomy78lfh.v",
    "__class__": "Path"
   },
   {
    "name": "/tmp/nvim6L30Kr/tmppiz79xgc.v",
    "__class__": "Path"
   },
   {
    "name": "/tmp/nvim6L30Kr/tmpeaqgkt4p.v",
    "__class__": "Path"
   },
   {
    "name": "/tmp/nvim6L30Kr/tmp4ensjsr9.v",
    "__class__": "Path"
   },
   {
    "name": "/tmp/nvim6L30Kr/tmpv3auqgul.v",
    "__class__": "Path"
   },
   {
    "name": "/tmp/nvim6L30Kr/tmp9avvh4o_.v",
    "__class__": "Path"
   },
   {
    "name": "/tmp/nvim6L30Kr/tmp6na1ygqz.v",
    "__class__": "Path"
   },
   {
    "name": "/tmp/nvim6L30Kr/tmp9j1xmylh.v",
    "__class__": "Path"
   },
   {
    "name": "/tmp/nvim6L30Kr/tmpgc71ltxp.v",
    "__class__": "Path"
   },
   {
    "name": "/tmp/nvim6L30Kr/tmp8gfg9d59.v",
    "__class__": "Path"
   },
   {
    "name": "/tmp/nvim6L30Kr/tmp4jfnkiii.v",
    "__class__": "Path"
   },
   {
    "name": "/tmp/nvim6L30Kr/tmp5aijol8g.v",
    "__class__": "Path"
   },
   {
    "name": "/tmp/nvim6L30Kr/tmpmpy8pdg0.v",
    "__class__": "Path"
   },
   {
    "name": "/tmp/nvim6L30Kr/tmptkz5m96c.v",
    "__class__": "Path"
   },
   {
    "name": "/tmp/nvim6L30Kr/tmpty_mv4cd.v",
    "__class__": "Path"
   },
   {
    "name": "/tmp/nvim6L30Kr/tmpbcj6sm58.v",
    "__class__": "Path"
   },
   {
    "name": "/tmp/nvim6L30Kr/tmp53cqb60s.v",
    "__class__": "Path"
   },
   {
    "name": "/tmp/nvim6L30Kr/tmpgh_09wv0.v",
    "__class__": "Path"
   },
   {
    "name": "/tmp/nvim6L30Kr/tmpjxfy95ty.v",
    "__class__": "Path"
   },
   {
    "name": "/tmp/nvim6L30Kr/tmptmtf3ei_.v",
    "__class__": "Path"
   },
   {
    "name": "/tmp/nvim6L30Kr/tmpzzl240x5.v",
    "__class__": "Path"
   },
   {
    "name": "/tmp/nvim6L30Kr/tmpjpijxkpo.v",
    "__class__": "Path"
   },
   {
    "name": "/tmp/nvim6L30Kr/tmppvgxmxpz.v",
    "__class__": "Path"
   },
   {
    "name": "/tmp/nvim6L30Kr/tmp533x_cqf.v",
    "__class__": "Path"
   },
   {
    "name": "/tmp/nvim6L30Kr/tmpqohglf23.v",
    "__class__": "Path"
   },
   {
    "name": "/tmp/nvim6L30Kr/tmpb2mzde9d.v",
    "__class__": "Path"
   },
   {
    "name": "/tmp/nvim6L30Kr/tmpm8dc95vk.v",
    "__class__": "Path"
   },
   {
    "name": "/tmp/nvim6L30Kr/tmpqwnktc4y.v",
    "__class__": "Path"
   },
   {
    "name": "/tmp/nvim6L30Kr/tmp99ejsdke.v",
    "__class__": "Path"
   },
   {
    "name": "/tmp/nvim6L30Kr/tmps6o98bls.v",
    "__class__": "Path"
   },
   {
    "name": "/tmp/nvim6L30Kr/tmpek0fma_5.v",
    "__class__": "Path"
   },
   {
    "name": "/tmp/nvim6L30Kr/tmpn67sjr4k.v",
    "__class__": "Path"
   },
   {
    "name": "/tmp/nvim6L30Kr/tmpvckxc89f.v",
    "__class__": "Path"
   },
   {
    "name": "/tmp/nvim6L30Kr/tmpwx_f9x5j.v",
    "__class__": "Path"
   },
   {
    "name": "/tmp/nvim6L30Kr/tmpmhtrulqs.v",
    "__class__": "Path"
   },
   {
    "name": "/tmp/nvim6L30Kr/tmplr5whjut.v",
    "__class__": "Path"
   },
   {
    "name": "/tmp/nvim6L30Kr/tmpbsiow23n.v",
    "__class__": "Path"
   },
   {
    "name": "/tmp/nvim6L30Kr/tmp1mwnisys.v",
    "__class__": "Path"
   },
   {
    "name": "/tmp/nvim6L30Kr/tmp7eoxdm8r.v",
    "__class__": "Path"
   },
   {
    "name": "/tmp/nvim6L30Kr/tmpdppwdw_g.v",
    "__class__": "Path"
   },
   {
    "name": "/tmp/nvim6L30Kr/tmpi_z686yy.v",
    "__class__": "Path"
   },
   {
    "name": "/tmp/nvim6L30Kr/tmpchz7baoq.v",
    "__class__": "Path"
   },
   {
    "name": "/tmp/nvim6L30Kr/tmpklx83hns.v",
    "__class__": "Path"
   },
   {
    "name": "/tmp/nvim6L30Kr/tmp2ns0eul7.v",
    "__class__": "Path"
   },
   {
    "name": "/tmp/nvim6L30Kr/tmpejfm72fw.v",
    "__class__": "Path"
   },
   {
    "name": "/tmp/nvim6L30Kr/tmpiyqiahw1.v",
    "__class__": "Path"
   },
   {
    "name": "/tmp/nvim6L30Kr/tmpruz79hwb.v",
    "__class__": "Path"
   },
   {
    "name": "/tmp/nvim6L30Kr/tmphleo1yj4.v",
    "__class__": "Path"
   },
   {
    "name": "/tmp/nvim6L30Kr/tmpsrl8p6jd.v",
    "__class__": "Path"
   },
   {
    "name": "/tmp/nvim6L30Kr/tmpsiukapns.v",
    "__class__": "Path"
   },
   {
    "name": "/tmp/nvim6L30Kr/tmpxtfzelpa.v",
    "__class__": "Path"
   },
   {
    "name": "/tmp/nvim6L30Kr/tmp4xbxeqwm.v",
    "__class__": "Path"
   },
   {
    "name": "/tmp/nvim6L30Kr/tmpwn1n_h1o.v",
    "__class__": "Path"
   },
   {
    "name": "/tmp/nvim6L30Kr/tmpadjtq1mp.v",
    "__class__": "Path"
   },
   {
    "name": "/tmp/nvim6L30Kr/tmpuut3kd22.v",
    "__class__": "Path"
   },
   {
    "name": "/tmp/nvim6L30Kr/tmps6cw6xr_.v",
    "__class__": "Path"
   },
   {
    "name": "/tmp/nvim6L30Kr/tmp37h0_neu.v",
    "__class__": "Path"
   },
   {
    "name": "/tmp/nvim6L30Kr/tmpa71_zqee.v",
    "__class__": "Path"
   },
   {
    "name": "/tmp/nvim6L30Kr/tmpp9o23rsc.v",
    "__class__": "Path"
   },
   {
    "name": "/tmp/nvim6L30Kr/tmp02irmrko.v",
    "__class__": "Path"
   },
   {
    "name": "/tmp/nvim6L30Kr/tmpptgo5umu.v",
    "__class__": "Path"
   },
   {
    "name": "/tmp/nvim6L30Kr/tmpemtpa3qz.v",
    "__class__": "Path"
   },
   {
    "name": "/tmp/nvim6L30Kr/tmpo7r8fna8.v",
    "__class__": "Path"
   },
   {
    "name": "/tmp/nvim6L30Kr/tmp0wnuaza9.v",
    "__class__": "Path"
   },
   {
    "name": "/tmp/nvim6L30Kr/tmpmhnbpga2.v",
    "__class__": "Path"
   },
   {
    "name": "/tmp/nvim6L30Kr/tmpr3odu10o.v",
    "__class__": "Path"
   },
   {
    "name": "/tmp/nvim6L30Kr/tmpnbk5p3cv.v",
    "__class__": "Path"
   },
   {
    "name": "/tmp/nvim6L30Kr/tmp5el7hx2l.v",
    "__class__": "Path"
   },
   {
    "name": "/tmp/nvim6L30Kr/tmpps6mxk7t.v",
    "__class__": "Path"
   },
   {
    "name": "/tmp/nvim6L30Kr/tmp75m6g1kd.v",
    "__class__": "Path"
   },
   {
    "name": "/tmp/nvim6L30Kr/tmpo0a4tk5q.v",
    "__class__": "Path"
   },
   {
    "name": "/tmp/nvim6L30Kr/tmpogqgykge.v",
    "__class__": "Path"
   },
   {
    "name": "/tmp/nvim6L30Kr/tmpd_w5cna_.v",
    "__class__": "Path"
   },
   {
    "name": "/tmp/nvim6L30Kr/tmp1c9kzwug.v",
    "__class__": "Path"
   },
   {
    "name": "/tmp/nvim6L30Kr/tmpwvqoe5jv.v",
    "__class__": "Path"
   },
   {
    "name": "/tmp/nvim6L30Kr/tmpgvu8q_t6.v",
    "__class__": "Path"
   },
   {
    "name": "/tmp/nvim6L30Kr/tmpth_cuexv.v",
    "__class__": "Path"
   },
   {
    "name": "/tmp/nvim6L30Kr/tmpaheb252g.v",
    "__class__": "Path"
   },
   {
    "name": "/tmp/nvim6L30Kr/tmpndpxcp1j.v",
    "__class__": "Path"
   },
   {
    "name": "/tmp/nvim6L30Kr/tmpeybfabzy.v",
    "__class__": "Path"
   },
   {
    "name": "/tmp/nvim6L30Kr/tmpomc8tu4c.v",
    "__class__": "Path"
   },
   {
    "name": "/tmp/nvim6L30Kr/tmpik1_9ow2.v",
    "__class__": "Path"
   },
   {
    "name": "/tmp/nvim6L30Kr/tmpxjlaq88_.v",
    "__class__": "Path"
   },
   {
    "name": "/tmp/nvim6L30Kr/tmp_03cpn2q.v",
    "__class__": "Path"
   },
   {
    "name": "/tmp/nvim6L30Kr/tmppk37cii9.v",
    "__class__": "Path"
   },
   {
    "name": "/tmp/nvim6L30Kr/tmpks2c_h86.v",
    "__class__": "Path"
   },
   {
    "name": "/tmp/nvim6L30Kr/tmpnmxt3hip.v",
    "__class__": "Path"
   },
   {
    "name": "/tmp/nvim6L30Kr/tmp1sy06iis.v",
    "__class__": "Path"
   },
   {
    "name": "/tmp/nvim6L30Kr/tmp5u1n0t5h.v",
    "__class__": "Path"
   },
   {
    "name": "/tmp/nvim6L30Kr/tmp7y2050l7.v",
    "__class__": "Path"
   },
   {
    "name": "/tmp/nvim6L30Kr/tmpxiscy94_.v",
    "__class__": "Path"
   },
   {
    "name": "/tmp/nvim6L30Kr/tmpajw12ldv.v",
    "__class__": "Path"
   },
   {
    "name": "/tmp/nvim6L30Kr/tmp_tiicyg0.v",
    "__class__": "Path"
   },
   {
    "name": "/tmp/nvim6L30Kr/tmpovf9mu77.v",
    "__class__": "Path"
   },
   {
    "name": "/tmp/nvim6L30Kr/tmpj4yiwz4q.v",
    "__class__": "Path"
   },
   {
    "name": "/tmp/nvim6L30Kr/tmpi3o3p29l.v",
    "__class__": "Path"
   },
   {
    "name": "/tmp/nvim6L30Kr/tmp4zmgzb5v.v",
    "__class__": "Path"
   },
   {
    "name": "/tmp/nvim6L30Kr/tmpwvn103q1.v",
    "__class__": "Path"
   },
   {
    "name": "/tmp/nvim6L30Kr/tmpzrj6k1ta.v",
    "__class__": "Path"
   },
   {
    "name": "/tmp/nvim6L30Kr/tmpi5gxm_98.v",
    "__class__": "Path"
   },
   {
    "name": "/tmp/nvim6L30Kr/tmpn6zzkeoo.v",
    "__class__": "Path"
   },
   {
    "name": "/tmp/nvim6L30Kr/tmp30nad8g9.v",
    "__class__": "Path"
   },
   {
    "name": "/tmp/nvim6L30Kr/tmptu5vrtqx.v",
    "__class__": "Path"
   },
   {
    "name": "/tmp/nvim6L30Kr/tmp6a5vdebd.v",
    "__class__": "Path"
   },
   {
    "name": "/tmp/nvim6L30Kr/tmpp_2dpnfc.v",
    "__class__": "Path"
   },
   {
    "name": "/tmp/nvim6L30Kr/tmpa1dan98a.v",
    "__class__": "Path"
   },
   {
    "name": "/tmp/nvim6L30Kr/tmptitzdj6i.v",
    "__class__": "Path"
   },
   {
    "name": "/tmp/nvim6L30Kr/tmpm_522oob.v",
    "__class__": "Path"
   },
   {
    "name": "/tmp/nvim6L30Kr/tmpiu6w5a0w.v",
    "__class__": "Path"
   },
   {
    "name": "/home/zww/Documents/College/2022SP/HDL/HdlMicroProcessor/HdlMicroProcessor.srcs/sim/pipeline/stages/fetch/fetch.v",
    "__class__": "Path"
   },
   {
    "name": "/tmp/nvim6L30Kr/tmpq82pygi5.v",
    "__class__": "Path"
   },
   {
    "name": "/tmp/nvim6L30Kr/tmp3cndt2hu.v",
    "__class__": "Path"
   },
   {
    "name": "/tmp/nvim6L30Kr/tmp5m10n7kp.v",
    "__class__": "Path"
   },
   {
    "name": "/tmp/nvim6L30Kr/tmpiieqz9q7.v",
    "__class__": "Path"
   },
   {
    "name": "/tmp/nvim6L30Kr/tmpczr4xw03.v",
    "__class__": "Path"
   },
   {
    "name": "/tmp/nvim6L30Kr/tmphaniipli.v",
    "__class__": "Path"
   },
   {
    "name": "/tmp/nvim6L30Kr/tmpiocvwsx1.v",
    "__class__": "Path"
   },
   {
    "name": "/tmp/nvim6L30Kr/tmpng2zqz4k.v",
    "__class__": "Path"
   },
   {
    "name": "/tmp/nvim6L30Kr/tmple8xz1uc.v",
    "__class__": "Path"
   },
   {
    "name": "/tmp/nvim6L30Kr/tmppn5tdh3j.v",
    "__class__": "Path"
   },
   {
    "name": "/tmp/nvim6L30Kr/tmpgnf_a97w.v",
    "__class__": "Path"
   },
   {
    "name": "/tmp/nvim6L30Kr/tmph6i53z_v.v",
    "__class__": "Path"
   },
   {
    "name": "/tmp/nvim6L30Kr/tmp00qei4me.v",
    "__class__": "Path"
   },
   {
    "name": "/tmp/nvim6L30Kr/tmprgrbkcl3.v",
    "__class__": "Path"
   },
   {
    "name": "/tmp/nvim6L30Kr/tmpxwkh0csm.v",
    "__class__": "Path"
   },
   {
    "name": "/tmp/nvim6L30Kr/tmpcchlmuu4.v",
    "__class__": "Path"
   },
   {
    "name": "/tmp/nvim6L30Kr/tmpeokjx1fi.v",
    "__class__": "Path"
   },
   {
    "name": "/tmp/nvim6L30Kr/tmpo6l_e86l.v",
    "__class__": "Path"
   }
  ],
  "design_units": [
   {
    "owner": {
     "name": "/home/zww/Documents/College/2022SP/HDL/HdlMicroProcessor/HdlMicroProcessor.srcs/sim/pipeline/stages/fetch/fetch.v",
     "__class__": "Path"
    },
    "type_": "entity",
    "name": {
     "name": "fetch",
     "case_sensitive": true,
     "__class__": "VerilogIdentifier"
    },
    "locations": [
     [
      8,
      7
     ]
    ],
    "__class__": "VerilogDesignUnit"
   }
  ],
  "__class__": "Database"
 },
 "__version__": "0.7.4"
}