{
 "builder": {
  "_version": "<undefined>",
  "_logger": "hdl_checker.builders.fallback",
  "_work_folder": "/home/zww/Documents/College/2022SP/HDL/HdlMicroProcessor/HdlMicroProcessor.srcs/sim/pipeline/stages/memory/sfr_file/.hdl_checker",
  "_builtin_libraries": [],
  "_added_libraries": [
   {
    "name": "default_library",
    "case_sensitive": false,
    "__class__": "Identifier"
   }
  ],
  "__class__": "Fallback"
 },
 "config_file": [
  {
   "name": "/tmp/hdl_checker_project_pid810080.json",
   "__class__": "Path"
  },
  1645245107.3714716,
  "generated"
 ],
 "database": {
  "sources": [
   {
    "path": {
     "name": "/tmp/nvim7ZgnD8/tmpwqi52clk.v",
     "__class__": "TemporaryPath"
    },
    "mtime": 1645249860.6498086,
    "flags": {
     "source_specific": [],
     "single": [],
     "dependencies": []
    },
    "dependencies": [],
    "diags": []
   },
   {
    "path": {
     "name": "/home/zww/Documents/College/2022SP/HDL/HdlMicroProcessor/HdlMicroProcessor.srcs/sim/pipeline/stages/memory/sfr_file/sfr_file.v",
     "__class__": "Path"
    },
    "mtime": 1645249020.9492397,
    "flags": {
     "source_specific": [],
     "single": [],
     "dependencies": []
    },
    "dependencies": [],
    "diags": []
   }
  ],
  "inferred_libraries": [
   {
    "name": "/tmp/nvim7ZgnD8/tmpq8jogpxc.v",
    "__class__": "Path"
   },
   {
    "name": "/tmp/nvim7ZgnD8/tmpljioxvi2.v",
    "__class__": "Path"
   },
   {
    "name": "/tmp/nvim7ZgnD8/tmpwllt5bqe.v",
    "__class__": "Path"
   },
   {
    "name": "/tmp/nvim7ZgnD8/tmpnh_u2l11.v",
    "__class__": "Path"
   },
   {
    "name": "/tmp/nvim7ZgnD8/tmpozq2ik18.v",
    "__class__": "Path"
   },
   {
    "name": "/tmp/nvim7ZgnD8/tmpb22up03i.v",
    "__class__": "Path"
   },
   {
    "name": "/tmp/nvim7ZgnD8/tmp6ko_i9m6.v",
    "__class__": "Path"
   },
   {
    "name": "/tmp/nvim7ZgnD8/tmpoef8lm4f.v",
    "__class__": "Path"
   },
   {
    "name": "/tmp/nvim7ZgnD8/tmpjxoalzt4.v",
    "__class__": "Path"
   },
   {
    "name": "/tmp/nvim7ZgnD8/tmpzl5akiri.v",
    "__class__": "Path"
   },
   {
    "name": "/tmp/nvim7ZgnD8/tmps_qpwlg1.v",
    "__class__": "Path"
   },
   {
    "name": "/tmp/nvim7ZgnD8/tmpghmytkjy.v",
    "__class__": "Path"
   },
   {
    "name": "/tmp/nvim7ZgnD8/tmp_hy9jtyp.v",
    "__class__": "Path"
   },
   {
    "name": "/tmp/nvim7ZgnD8/tmpwddefepp.v",
    "__class__": "Path"
   },
   {
    "name": "/tmp/nvim7ZgnD8/tmpkwdjwgj3.v",
    "__class__": "Path"
   },
   {
    "name": "/tmp/nvim7ZgnD8/tmp3zm5fpqf.v",
    "__class__": "Path"
   },
   {
    "name": "/tmp/nvim7ZgnD8/tmp9p5xae6g.v",
    "__class__": "Path"
   },
   {
    "name": "/tmp/nvim7ZgnD8/tmpv828_h7g.v",
    "__class__": "Path"
   },
   {
    "name": "/tmp/nvim7ZgnD8/tmpj75lvtk8.v",
    "__class__": "Path"
   },
   {
    "name": "/tmp/nvim7ZgnD8/tmpjdzo1vjc.v",
    "__class__": "Path"
   },
   {
    "name": "/tmp/nvim7ZgnD8/tmp1fd891_w.v",
    "__class__": "Path"
   },
   {
    "name": "/tmp/nvim7ZgnD8/tmpid_2rge8.v",
    "__class__": "Path"
   },
   {
    "name": "/tmp/nvim7ZgnD8/tmp_67m4hde.v",
    "__class__": "Path"
   },
   {
    "name": "/tmp/nvim7ZgnD8/tmphnx8pez5.v",
    "__class__": "Path"
   },
   {
    "name": "/tmp/nvim7ZgnD8/tmpi0fur_rg.v",
    "__class__": "Path"
   },
   {
    "name": "/tmp/nvim7ZgnD8/tmpv1fv2773.v",
    "__class__": "Path"
   },
   {
    "name": "/tmp/nvim7ZgnD8/tmpc45_xg84.v",
    "__class__": "Path"
   },
   {
    "name": "/tmp/nvim7ZgnD8/tmp0jmpf5o0.v",
    "__class__": "Path"
   },
   {
    "name": "/tmp/nvim7ZgnD8/tmpgeivt3mt.v",
    "__class__": "Path"
   },
   {
    "name": "/tmp/nvim7ZgnD8/tmppnlcllfs.v",
    "__class__": "Path"
   },
   {
    "name": "/tmp/nvim7ZgnD8/tmp5r2a1fi_.v",
    "__class__": "Path"
   },
   {
    "name": "/tmp/nvim7ZgnD8/tmp5ft0gbsn.v",
    "__class__": "Path"
   },
   {
    "name": "/tmp/nvim7ZgnD8/tmpdxfcj62a.v",
    "__class__": "Path"
   },
   {
    "name": "/tmp/nvim7ZgnD8/tmptbfukevs.v",
    "__class__": "Path"
   },
   {
    "name": "/tmp/nvim7ZgnD8/tmpbzjj344_.v",
    "__class__": "Path"
   },
   {
    "name": "/tmp/nvim7ZgnD8/tmphvu6a2ef.v",
    "__class__": "Path"
   },
   {
    "name": "/tmp/nvim7ZgnD8/tmpjededtcs.v",
    "__class__": "Path"
   },
   {
    "name": "/tmp/nvim7ZgnD8/tmp774yotuw.v",
    "__class__": "Path"
   },
   {
    "name": "/tmp/nvim7ZgnD8/tmpqgylzalg.v",
    "__class__": "Path"
   },
   {
    "name": "/tmp/nvim7ZgnD8/tmphlhprx7c.v",
    "__class__": "Path"
   },
   {
    "name": "/tmp/nvim7ZgnD8/tmpkmejol7q.v",
    "__class__": "Path"
   },
   {
    "name": "/tmp/nvim7ZgnD8/tmpw5gq4x22.v",
    "__class__": "Path"
   },
   {
    "name": "/tmp/nvim7ZgnD8/tmpsbol4rmp.v",
    "__class__": "Path"
   },
   {
    "name": "/tmp/nvim7ZgnD8/tmpe6ucdv61.v",
    "__class__": "Path"
   },
   {
    "name": "/tmp/nvim7ZgnD8/tmp1n7onxk0.v",
    "__class__": "Path"
   },
   {
    "name": "/tmp/nvim7ZgnD8/tmpeqrgm0dd.v",
    "__class__": "Path"
   },
   {
    "name": "/tmp/nvim7ZgnD8/tmp8veb_gc_.v",
    "__class__": "Path"
   },
   {
    "name": "/tmp/nvim7ZgnD8/tmp5o_yzi69.v",
    "__class__": "Path"
   },
   {
    "name": "/tmp/nvim7ZgnD8/tmpc4_hmzu5.v",
    "__class__": "Path"
   },
   {
    "name": "/tmp/nvim7ZgnD8/tmpq3xmwgee.v",
    "__class__": "Path"
   },
   {
    "name": "/tmp/nvim7ZgnD8/tmpp6sl4lud.v",
    "__class__": "Path"
   },
   {
    "name": "/tmp/nvim7ZgnD8/tmprrpze9gw.v",
    "__class__": "Path"
   },
   {
    "name": "/tmp/nvim7ZgnD8/tmpglrfsz0y.v",
    "__class__": "Path"
   },
   {
    "name": "/tmp/nvim7ZgnD8/tmpzg8pn2x7.v",
    "__class__": "Path"
   },
   {
    "name": "/tmp/nvim7ZgnD8/tmpwcorvy12.v",
    "__class__": "Path"
   },
   {
    "name": "/tmp/nvim7ZgnD8/tmpfziyz8wd.v",
    "__class__": "Path"
   },
   {
    "name": "/tmp/nvim7ZgnD8/tmp2qowc5k8.v",
    "__class__": "Path"
   },
   {
    "name": "/tmp/nvim7ZgnD8/tmpqaobdyfu.v",
    "__class__": "Path"
   },
   {
    "name": "/tmp/nvim7ZgnD8/tmphm1ohnqs.v",
    "__class__": "Path"
   },
   {
    "name": "/tmp/nvim7ZgnD8/tmp1nopyhis.v",
    "__class__": "Path"
   },
   {
    "name": "/tmp/nvim7ZgnD8/tmp9o71w3hb.v",
    "__class__": "Path"
   },
   {
    "name": "/tmp/nvim7ZgnD8/tmp12u297bp.v",
    "__class__": "Path"
   },
   {
    "name": "/tmp/nvim7ZgnD8/tmpxuyfyw9d.v",
    "__class__": "Path"
   },
   {
    "name": "/tmp/nvim7ZgnD8/tmpta1qc32o.v",
    "__class__": "Path"
   },
   {
    "name": "/tmp/nvim7ZgnD8/tmpohib5l7a.v",
    "__class__": "Path"
   },
   {
    "name": "/tmp/nvim7ZgnD8/tmpobz4ugkz.v",
    "__class__": "Path"
   },
   {
    "name": "/tmp/nvim7ZgnD8/tmpw97u2ral.v",
    "__class__": "Path"
   },
   {
    "name": "/tmp/nvim7ZgnD8/tmpe9zm7fwc.v",
    "__class__": "Path"
   },
   {
    "name": "/tmp/nvim7ZgnD8/tmp28zeuf0w.v",
    "__class__": "Path"
   },
   {
    "name": "/tmp/nvim7ZgnD8/tmp33v86kll.v",
    "__class__": "Path"
   },
   {
    "name": "/tmp/nvim7ZgnD8/tmpjf8p515w.v",
    "__class__": "Path"
   },
   {
    "name": "/tmp/nvim7ZgnD8/tmp0rtg7y60.v",
    "__class__": "Path"
   },
   {
    "name": "/tmp/nvim7ZgnD8/tmp83ip95xa.v",
    "__class__": "Path"
   },
   {
    "name": "/tmp/nvim7ZgnD8/tmpznihhhnp.v",
    "__class__": "Path"
   },
   {
    "name": "/tmp/nvim7ZgnD8/tmpebtfu8m6.v",
    "__class__": "Path"
   },
   {
    "name": "/tmp/nvim7ZgnD8/tmp04k5lokf.v",
    "__class__": "Path"
   },
   {
    "name": "/tmp/nvim7ZgnD8/tmpa80u9wmx.v",
    "__class__": "Path"
   },
   {
    "name": "/tmp/nvim7ZgnD8/tmpqvx4bacs.v",
    "__class__": "Path"
   },
   {
    "name": "/tmp/nvim7ZgnD8/tmpz48myqub.v",
    "__class__": "Path"
   },
   {
    "name": "/tmp/nvim7ZgnD8/tmp3ekryfhw.v",
    "__class__": "Path"
   },
   {
    "name": "/tmp/nvim7ZgnD8/tmpo58wvkic.v",
    "__class__": "Path"
   },
   {
    "name": "/tmp/nvim7ZgnD8/tmpuxndjz4p.v",
    "__class__": "Path"
   },
   {
    "name": "/tmp/nvim7ZgnD8/tmp32x1w87c.v",
    "__class__": "Path"
   },
   {
    "name": "/tmp/nvim7ZgnD8/tmpbcr9tqko.v",
    "__class__": "Path"
   },
   {
    "name": "/tmp/nvim7ZgnD8/tmp434832pf.v",
    "__class__": "Path"
   },
   {
    "name": "/tmp/nvim7ZgnD8/tmpqeck3o9w.v",
    "__class__": "Path"
   },
   {
    "name": "/tmp/nvim7ZgnD8/tmpo1jn989b.v",
    "__class__": "Path"
   },
   {
    "name": "/tmp/nvim7ZgnD8/tmpcbbfi5vo.v",
    "__class__": "Path"
   },
   {
    "name": "/tmp/nvim7ZgnD8/tmpgs7p_5fo.v",
    "__class__": "Path"
   },
   {
    "name": "/tmp/nvim7ZgnD8/tmpzc5aplvz.v",
    "__class__": "Path"
   },
   {
    "name": "/tmp/nvim7ZgnD8/tmp3m5b784y.v",
    "__class__": "Path"
   },
   {
    "name": "/tmp/nvim7ZgnD8/tmpagn7gs58.v",
    "__class__": "Path"
   },
   {
    "name": "/tmp/nvim7ZgnD8/tmpxvg5dzri.v",
    "__class__": "Path"
   },
   {
    "name": "/tmp/nvim7ZgnD8/tmpopz0ide3.v",
    "__class__": "Path"
   },
   {
    "name": "/tmp/nvim7ZgnD8/tmpv159aidj.v",
    "__class__": "Path"
   },
   {
    "name": "/tmp/nvim7ZgnD8/tmpph78g6s4.v",
    "__class__": "Path"
   },
   {
    "name": "/tmp/nvim7ZgnD8/tmpegwmljte.v",
    "__class__": "Path"
   },
   {
    "name": "/tmp/nvim7ZgnD8/tmpflba4t7p.v",
    "__class__": "Path"
   },
   {
    "name": "/tmp/nvim7ZgnD8/tmpdueh0le_.v",
    "__class__": "Path"
   },
   {
    "name": "/tmp/nvim7ZgnD8/tmpl761eavf.v",
    "__class__": "Path"
   },
   {
    "name": "/tmp/nvim7ZgnD8/tmpojr0f_zz.v",
    "__class__": "Path"
   },
   {
    "name": "/tmp/nvim7ZgnD8/tmpyzsx6xvd.v",
    "__class__": "Path"
   },
   {
    "name": "/tmp/nvim7ZgnD8/tmpfy7bjkj5.v",
    "__class__": "Path"
   },
   {
    "name": "/tmp/nvim7ZgnD8/tmpo4weji8_.v",
    "__class__": "Path"
   },
   {
    "name": "/tmp/nvim7ZgnD8/tmp10gjoe5w.v",
    "__class__": "Path"
   },
   {
    "name": "/tmp/nvim7ZgnD8/tmprw49cwl9.v",
    "__class__": "Path"
   },
   {
    "name": "/tmp/nvim7ZgnD8/tmp5y9sdcsq.v",
    "__class__": "Path"
   },
   {
    "name": "/tmp/nvim7ZgnD8/tmp3du7tolf.v",
    "__class__": "Path"
   },
   {
    "name": "/tmp/nvim7ZgnD8/tmpl9kr1r_t.v",
    "__class__": "Path"
   },
   {
    "name": "/tmp/nvim7ZgnD8/tmpmf21659s.v",
    "__class__": "Path"
   },
   {
    "name": "/tmp/nvim7ZgnD8/tmp_pdyz43h.v",
    "__class__": "Path"
   },
   {
    "name": "/tmp/nvim7ZgnD8/tmp8sk0vqq0.v",
    "__class__": "Path"
   },
   {
    "name": "/tmp/nvim7ZgnD8/tmphs5zktqp.v",
    "__class__": "Path"
   },
   {
    "name": "/tmp/nvim7ZgnD8/tmpsdrmfmnj.v",
    "__class__": "Path"
   },
   {
    "name": "/tmp/nvim7ZgnD8/tmpeiiyqezx.v",
    "__class__": "Path"
   },
   {
    "name": "/tmp/nvim7ZgnD8/tmpfv78862q.v",
    "__class__": "Path"
   },
   {
    "name": "/tmp/nvim7ZgnD8/tmpoxzt0urn.v",
    "__class__": "Path"
   },
   {
    "name": "/tmp/nvim7ZgnD8/tmpsjilh7dj.v",
    "__class__": "Path"
   },
   {
    "name": "/tmp/nvim7ZgnD8/tmpwg9323he.v",
    "__class__": "Path"
   },
   {
    "name": "/tmp/nvim7ZgnD8/tmputqjj7bp.v",
    "__class__": "Path"
   },
   {
    "name": "/tmp/nvim7ZgnD8/tmp6349wtxy.v",
    "__class__": "Path"
   },
   {
    "name": "/tmp/nvim7ZgnD8/tmpeujpdwts.v",
    "__class__": "Path"
   },
   {
    "name": "/tmp/nvim7ZgnD8/tmp1whpebe0.v",
    "__class__": "Path"
   },
   {
    "name": "/tmp/nvim7ZgnD8/tmpvp3emnkw.v",
    "__class__": "Path"
   },
   {
    "name": "/tmp/nvim7ZgnD8/tmpg25_rryz.v",
    "__class__": "Path"
   },
   {
    "name": "/tmp/nvim7ZgnD8/tmprehu5l81.v",
    "__class__": "Path"
   },
   {
    "name": "/tmp/nvim7ZgnD8/tmpvn784wci.v",
    "__class__": "Path"
   },
   {
    "name": "/tmp/nvim7ZgnD8/tmpsc7bm2a0.v",
    "__class__": "Path"
   },
   {
    "name": "/tmp/nvim7ZgnD8/tmp2ewnxfg0.v",
    "__class__": "Path"
   },
   {
    "name": "/tmp/nvim7ZgnD8/tmpiou8q8pz.v",
    "__class__": "Path"
   },
   {
    "name": "/tmp/nvim7ZgnD8/tmpyifbpz4_.v",
    "__class__": "Path"
   },
   {
    "name": "/tmp/nvim7ZgnD8/tmpcj_x5dgx.v",
    "__class__": "Path"
   },
   {
    "name": "/tmp/nvim7ZgnD8/tmpwlkj65sr.v",
    "__class__": "Path"
   },
   {
    "name": "/tmp/nvim7ZgnD8/tmpu1i7yhbs.v",
    "__class__": "Path"
   },
   {
    "name": "/tmp/nvim7ZgnD8/tmp5p_jp_g8.v",
    "__class__": "Path"
   },
   {
    "name": "/tmp/nvim7ZgnD8/tmp8vosel08.v",
    "__class__": "Path"
   },
   {
    "name": "/tmp/nvim7ZgnD8/tmpvifcllvt.v",
    "__class__": "Path"
   },
   {
    "name": "/tmp/nvim7ZgnD8/tmpp_1he51r.v",
    "__class__": "Path"
   },
   {
    "name": "/tmp/nvim7ZgnD8/tmprmrop2mr.v",
    "__class__": "Path"
   },
   {
    "name": "/tmp/nvim7ZgnD8/tmppxkdupg1.v",
    "__class__": "Path"
   },
   {
    "name": "/tmp/nvim7ZgnD8/tmpjkoclo99.v",
    "__class__": "Path"
   },
   {
    "name": "/tmp/nvim7ZgnD8/tmpkx299a3d.v",
    "__class__": "Path"
   },
   {
    "name": "/tmp/nvim7ZgnD8/tmpcbtkz6ub.v",
    "__class__": "Path"
   },
   {
    "name": "/tmp/nvim7ZgnD8/tmpbnemaqq4.v",
    "__class__": "Path"
   },
   {
    "name": "/tmp/nvim7ZgnD8/tmp1m3ucen4.v",
    "__class__": "Path"
   },
   {
    "name": "/tmp/nvim7ZgnD8/tmpveae2hld.v",
    "__class__": "Path"
   },
   {
    "name": "/tmp/nvim7ZgnD8/tmptg8do665.v",
    "__class__": "Path"
   },
   {
    "name": "/tmp/nvim7ZgnD8/tmp02g7sqw0.v",
    "__class__": "Path"
   },
   {
    "name": "/tmp/nvim7ZgnD8/tmpu0uitujy.v",
    "__class__": "Path"
   },
   {
    "name": "/tmp/nvim7ZgnD8/tmpap06iakg.v",
    "__class__": "Path"
   },
   {
    "name": "/tmp/nvim7ZgnD8/tmpsmq3i50g.v",
    "__class__": "Path"
   },
   {
    "name": "/tmp/nvim7ZgnD8/tmpr94p_k3o.v",
    "__class__": "Path"
   },
   {
    "name": "/tmp/nvim7ZgnD8/tmp26ifclkd.v",
    "__class__": "Path"
   },
   {
    "name": "/tmp/nvim7ZgnD8/tmpns9nlpml.v",
    "__class__": "Path"
   },
   {
    "name": "/tmp/nvim7ZgnD8/tmphs2chy79.v",
    "__class__": "Path"
   },
   {
    "name": "/tmp/nvim7ZgnD8/tmpfxbozfkl.v",
    "__class__": "Path"
   },
   {
    "name": "/tmp/nvim7ZgnD8/tmpvhxntkm4.v",
    "__class__": "Path"
   },
   {
    "name": "/tmp/nvim7ZgnD8/tmpwb4qsz0l.v",
    "__class__": "Path"
   },
   {
    "name": "/tmp/nvim7ZgnD8/tmpgbp90ryu.v",
    "__class__": "Path"
   },
   {
    "name": "/tmp/nvim7ZgnD8/tmp79m06s84.v",
    "__class__": "Path"
   },
   {
    "name": "/tmp/nvim7ZgnD8/tmp1sts73zb.v",
    "__class__": "Path"
   },
   {
    "name": "/tmp/nvim7ZgnD8/tmp5j2smlzl.v",
    "__class__": "Path"
   },
   {
    "name": "/tmp/nvim7ZgnD8/tmpabrteccg.v",
    "__class__": "Path"
   },
   {
    "name": "/tmp/nvim7ZgnD8/tmpf9amq0id.v",
    "__class__": "Path"
   },
   {
    "name": "/tmp/nvim7ZgnD8/tmp23skid86.v",
    "__class__": "Path"
   },
   {
    "name": "/tmp/nvim7ZgnD8/tmpt794z6di.v",
    "__class__": "Path"
   },
   {
    "name": "/tmp/nvim7ZgnD8/tmprvu5gtch.v",
    "__class__": "Path"
   },
   {
    "name": "/tmp/nvim7ZgnD8/tmpwcj374an.v",
    "__class__": "Path"
   },
   {
    "name": "/tmp/nvim7ZgnD8/tmpo9woq1tc.v",
    "__class__": "Path"
   },
   {
    "name": "/tmp/nvim7ZgnD8/tmpnnqzvrp8.v",
    "__class__": "Path"
   },
   {
    "name": "/tmp/nvim7ZgnD8/tmpblu2nipv.v",
    "__class__": "Path"
   },
   {
    "name": "/tmp/nvim7ZgnD8/tmpg2lvwmvr.v",
    "__class__": "Path"
   },
   {
    "name": "/tmp/nvim7ZgnD8/tmp122b63hv.v",
    "__class__": "Path"
   },
   {
    "name": "/tmp/nvim7ZgnD8/tmp4bfx03qu.v",
    "__class__": "Path"
   },
   {
    "name": "/tmp/nvim7ZgnD8/tmp36usooc4.v",
    "__class__": "Path"
   },
   {
    "name": "/tmp/nvim7ZgnD8/tmpo16fb7be.v",
    "__class__": "Path"
   },
   {
    "name": "/tmp/nvim7ZgnD8/tmph0q70a_c.v",
    "__class__": "Path"
   },
   {
    "name": "/tmp/nvim7ZgnD8/tmpi7ktj3o6.v",
    "__class__": "Path"
   },
   {
    "name": "/tmp/nvim7ZgnD8/tmpl_8lk8qu.v",
    "__class__": "Path"
   },
   {
    "name": "/tmp/nvim7ZgnD8/tmp4jfho1og.v",
    "__class__": "Path"
   },
   {
    "name": "/tmp/nvim7ZgnD8/tmp1j9vj2w3.v",
    "__class__": "Path"
   },
   {
    "name": "/tmp/nvim7ZgnD8/tmpjapus_uv.v",
    "__class__": "Path"
   },
   {
    "name": "/tmp/nvim7ZgnD8/tmp1vyzvba9.v",
    "__class__": "Path"
   },
   {
    "name": "/tmp/nvim7ZgnD8/tmpvwei4bfh.v",
    "__class__": "Path"
   },
   {
    "name": "/tmp/nvim7ZgnD8/tmprkxeplxi.v",
    "__class__": "Path"
   },
   {
    "name": "/tmp/nvim7ZgnD8/tmp4ey_cvwb.v",
    "__class__": "Path"
   },
   {
    "name": "/tmp/nvim7ZgnD8/tmpu7o298zl.v",
    "__class__": "Path"
   },
   {
    "name": "/tmp/nvim7ZgnD8/tmpr039c_dw.v",
    "__class__": "Path"
   },
   {
    "name": "/tmp/nvim7ZgnD8/tmpsehmd0re.v",
    "__class__": "Path"
   },
   {
    "name": "/tmp/nvim7ZgnD8/tmpjc3mrmhy.v",
    "__class__": "Path"
   },
   {
    "name": "/tmp/nvim7ZgnD8/tmpaun1zpfd.v",
    "__class__": "Path"
   },
   {
    "name": "/tmp/nvim7ZgnD8/tmp70qxp4_9.v",
    "__class__": "Path"
   },
   {
    "name": "/tmp/nvim7ZgnD8/tmplkjsmwi3.v",
    "__class__": "Path"
   },
   {
    "name": "/tmp/nvim7ZgnD8/tmpqjokbpe5.v",
    "__class__": "Path"
   },
   {
    "name": "/tmp/nvim7ZgnD8/tmpx4r9kqkb.v",
    "__class__": "Path"
   },
   {
    "name": "/tmp/nvim7ZgnD8/tmp4k5kracu.v",
    "__class__": "Path"
   },
   {
    "name": "/tmp/nvim7ZgnD8/tmpgdum1ebe.v",
    "__class__": "Path"
   },
   {
    "name": "/tmp/nvim7ZgnD8/tmpb9__cg61.v",
    "__class__": "Path"
   },
   {
    "name": "/tmp/nvim7ZgnD8/tmp3qk3jj_c.v",
    "__class__": "Path"
   },
   {
    "name": "/tmp/nvim7ZgnD8/tmpberwtehg.v",
    "__class__": "Path"
   },
   {
    "name": "/tmp/nvim7ZgnD8/tmp9rwijhhb.v",
    "__class__": "Path"
   },
   {
    "name": "/tmp/nvim7ZgnD8/tmppv8qh4at.v",
    "__class__": "Path"
   },
   {
    "name": "/tmp/nvim7ZgnD8/tmpr1ul84ux.v",
    "__class__": "Path"
   },
   {
    "name": "/tmp/nvim7ZgnD8/tmpebevfj8x.v",
    "__class__": "Path"
   },
   {
    "name": "/tmp/nvim7ZgnD8/tmp9k1xss0q.v",
    "__class__": "Path"
   },
   {
    "name": "/tmp/nvim7ZgnD8/tmprvmud9rn.v",
    "__class__": "Path"
   },
   {
    "name": "/tmp/nvim7ZgnD8/tmpzwwtygjz.v",
    "__class__": "Path"
   },
   {
    "name": "/tmp/nvim7ZgnD8/tmp67h_dvwl.v",
    "__class__": "Path"
   },
   {
    "name": "/tmp/nvim7ZgnD8/tmpiew_y9pd.v",
    "__class__": "Path"
   },
   {
    "name": "/tmp/nvim7ZgnD8/tmpvxr50zbb.v",
    "__class__": "Path"
   },
   {
    "name": "/tmp/nvim7ZgnD8/tmp6a8_ljeb.v",
    "__class__": "Path"
   },
   {
    "name": "/tmp/nvim7ZgnD8/tmpar3i0144.v",
    "__class__": "Path"
   },
   {
    "name": "/tmp/nvim7ZgnD8/tmpitje0pfx.v",
    "__class__": "Path"
   },
   {
    "name": "/tmp/nvim7ZgnD8/tmpp59shoax.v",
    "__class__": "Path"
   },
   {
    "name": "/tmp/nvim7ZgnD8/tmp5___r_4a.v",
    "__class__": "Path"
   },
   {
    "name": "/tmp/nvim7ZgnD8/tmp6zm6i3vl.v",
    "__class__": "Path"
   },
   {
    "name": "/tmp/nvim7ZgnD8/tmpqjpnh1da.v",
    "__class__": "Path"
   },
   {
    "name": "/tmp/nvim7ZgnD8/tmpyljh8tkd.v",
    "__class__": "Path"
   },
   {
    "name": "/tmp/nvim7ZgnD8/tmpvo5d2qi2.v",
    "__class__": "Path"
   },
   {
    "name": "/tmp/nvim7ZgnD8/tmps2foqqdo.v",
    "__class__": "Path"
   },
   {
    "name": "/tmp/nvim7ZgnD8/tmpytcuytqw.v",
    "__class__": "Path"
   },
   {
    "name": "/tmp/nvim7ZgnD8/tmp_cosykdk.v",
    "__class__": "Path"
   },
   {
    "name": "/tmp/nvim7ZgnD8/tmpd36kdu1w.v",
    "__class__": "Path"
   },
   {
    "name": "/tmp/nvim7ZgnD8/tmpgbz42de2.v",
    "__class__": "Path"
   },
   {
    "name": "/tmp/nvim7ZgnD8/tmp9vrf6zkc.v",
    "__class__": "Path"
   },
   {
    "name": "/tmp/nvim7ZgnD8/tmpvhzyr579.v",
    "__class__": "Path"
   },
   {
    "name": "/tmp/nvim7ZgnD8/tmpvjz69s3i.v",
    "__class__": "Path"
   },
   {
    "name": "/tmp/nvim7ZgnD8/tmpsg4w1h0a.v",
    "__class__": "Path"
   },
   {
    "name": "/tmp/nvim7ZgnD8/tmpxaz3_qej.v",
    "__class__": "Path"
   },
   {
    "name": "/tmp/nvim7ZgnD8/tmpkh2y91n_.v",
    "__class__": "Path"
   },
   {
    "name": "/tmp/nvim7ZgnD8/tmp1lptquaq.v",
    "__class__": "Path"
   },
   {
    "name": "/tmp/nvim7ZgnD8/tmphu7n9ce6.v",
    "__class__": "Path"
   },
   {
    "name": "/tmp/nvim7ZgnD8/tmpmnd2sdpk.v",
    "__class__": "Path"
   },
   {
    "name": "/tmp/nvim7ZgnD8/tmpblqj_263.v",
    "__class__": "Path"
   },
   {
    "name": "/tmp/nvim7ZgnD8/tmpxiq5jw1c.v",
    "__class__": "Path"
   },
   {
    "name": "/tmp/nvim7ZgnD8/tmp7p4j2hmk.v",
    "__class__": "Path"
   },
   {
    "name": "/tmp/nvim7ZgnD8/tmpn_q13xic.v",
    "__class__": "Path"
   },
   {
    "name": "/tmp/nvim7ZgnD8/tmp4114f5q6.v",
    "__class__": "Path"
   },
   {
    "name": "/tmp/nvim7ZgnD8/tmpaxirscrz.v",
    "__class__": "Path"
   },
   {
    "name": "/tmp/nvim7ZgnD8/tmpel0pjmyu.v",
    "__class__": "Path"
   },
   {
    "name": "/tmp/nvim7ZgnD8/tmphv83qo4g.v",
    "__class__": "Path"
   },
   {
    "name": "/tmp/nvim7ZgnD8/tmpk8dqgttx.v",
    "__class__": "Path"
   },
   {
    "name": "/tmp/nvim7ZgnD8/tmpdzib8xsw.v",
    "__class__": "Path"
   },
   {
    "name": "/tmp/nvim7ZgnD8/tmpl_qr2v7a.v",
    "__class__": "Path"
   },
   {
    "name": "/tmp/nvim7ZgnD8/tmp_qmb95_9.v",
    "__class__": "Path"
   },
   {
    "name": "/tmp/nvim7ZgnD8/tmpa3jsa_d4.v",
    "__class__": "Path"
   },
   {
    "name": "/tmp/nvim7ZgnD8/tmpmjwcegqr.v",
    "__class__": "Path"
   },
   {
    "name": "/tmp/nvim7ZgnD8/tmpr396qgjo.v",
    "__class__": "Path"
   },
   {
    "name": "/tmp/nvim7ZgnD8/tmpiu7sz9y4.v",
    "__class__": "Path"
   },
   {
    "name": "/tmp/nvim7ZgnD8/tmphne_n11x.v",
    "__class__": "Path"
   },
   {
    "name": "/tmp/nvim7ZgnD8/tmpklcr0c8h.v",
    "__class__": "Path"
   },
   {
    "name": "/tmp/nvim7ZgnD8/tmp5eqog3km.v",
    "__class__": "Path"
   },
   {
    "name": "/tmp/nvim7ZgnD8/tmptw9bsxcq.v",
    "__class__": "Path"
   },
   {
    "name": "/tmp/nvim7ZgnD8/tmp4o0qekis.v",
    "__class__": "Path"
   },
   {
    "name": "/tmp/nvim7ZgnD8/tmp3l5cgsle.v",
    "__class__": "Path"
   },
   {
    "name": "/tmp/nvim7ZgnD8/tmpmatgywwr.v",
    "__class__": "Path"
   },
   {
    "name": "/tmp/nvim7ZgnD8/tmptnegvs8l.v",
    "__class__": "Path"
   },
   {
    "name": "/tmp/nvim7ZgnD8/tmpfz9krwuy.v",
    "__class__": "Path"
   },
   {
    "name": "/tmp/nvim7ZgnD8/tmpmzm3tyxz.v",
    "__class__": "Path"
   },
   {
    "name": "/tmp/nvim7ZgnD8/tmp36_h67sv.v",
    "__class__": "Path"
   },
   {
    "name": "/tmp/nvim7ZgnD8/tmpy1cvy5ta.v",
    "__class__": "Path"
   },
   {
    "name": "/tmp/nvim7ZgnD8/tmp07sbtt85.v",
    "__class__": "Path"
   },
   {
    "name": "/tmp/nvim7ZgnD8/tmpbhcx0mwc.v",
    "__class__": "Path"
   },
   {
    "name": "/tmp/nvim7ZgnD8/tmptct84z0a.v",
    "__class__": "Path"
   },
   {
    "name": "/tmp/nvim7ZgnD8/tmp40wym4pw.v",
    "__class__": "Path"
   },
   {
    "name": "/tmp/nvim7ZgnD8/tmpvbk2t1uw.v",
    "__class__": "Path"
   },
   {
    "name": "/tmp/nvim7ZgnD8/tmpf82c7icc.v",
    "__class__": "Path"
   },
   {
    "name": "/tmp/nvim7ZgnD8/tmpwtl4rijc.v",
    "__class__": "Path"
   },
   {
    "name": "/tmp/nvim7ZgnD8/tmpydxb0htd.v",
    "__class__": "Path"
   },
   {
    "name": "/tmp/nvim7ZgnD8/tmphh47rjg7.v",
    "__class__": "Path"
   },
   {
    "name": "/tmp/nvim7ZgnD8/tmpm8v5b1_4.v",
    "__class__": "Path"
   },
   {
    "name": "/tmp/nvim7ZgnD8/tmp_q01c2pj.v",
    "__class__": "Path"
   },
   {
    "name": "/tmp/nvim7ZgnD8/tmp6r6589ih.v",
    "__class__": "Path"
   },
   {
    "name": "/tmp/nvim7ZgnD8/tmpgthjrg6w.v",
    "__class__": "Path"
   },
   {
    "name": "/tmp/nvim7ZgnD8/tmph9y05ja3.v",
    "__class__": "Path"
   },
   {
    "name": "/tmp/nvim7ZgnD8/tmpnjrblf6u.v",
    "__class__": "Path"
   },
   {
    "name": "/tmp/nvim7ZgnD8/tmp1xlrfz9d.v",
    "__class__": "Path"
   },
   {
    "name": "/tmp/nvim7ZgnD8/tmpt96rnmxe.v",
    "__class__": "Path"
   },
   {
    "name": "/tmp/nvim7ZgnD8/tmp9c4vksqi.v",
    "__class__": "Path"
   },
   {
    "name": "/tmp/nvim7ZgnD8/tmpo9zmyl6j.v",
    "__class__": "Path"
   },
   {
    "name": "/tmp/nvim7ZgnD8/tmpr3avtlga.v",
    "__class__": "Path"
   },
   {
    "name": "/tmp/nvim7ZgnD8/tmpyjrs4bob.v",
    "__class__": "Path"
   },
   {
    "name": "/tmp/nvim7ZgnD8/tmplt32my76.v",
    "__class__": "Path"
   },
   {
    "name": "/tmp/nvim7ZgnD8/tmpmr9mlqh2.v",
    "__class__": "Path"
   },
   {
    "name": "/tmp/nvim7ZgnD8/tmpn5n15c3s.v",
    "__class__": "Path"
   },
   {
    "name": "/tmp/nvim7ZgnD8/tmp1vacytj6.v",
    "__class__": "Path"
   },
   {
    "name": "/tmp/nvim7ZgnD8/tmpxsy4dlmo.v",
    "__class__": "Path"
   },
   {
    "name": "/tmp/nvim7ZgnD8/tmpo494tq6h.v",
    "__class__": "Path"
   },
   {
    "name": "/tmp/nvim7ZgnD8/tmp1jn1wjgf.v",
    "__class__": "Path"
   },
   {
    "name": "/tmp/nvim7ZgnD8/tmpj6tssc4o.v",
    "__class__": "Path"
   },
   {
    "name": "/tmp/nvim7ZgnD8/tmpjxwn1uh3.v",
    "__class__": "Path"
   },
   {
    "name": "/tmp/nvim7ZgnD8/tmpmsu6pqkx.v",
    "__class__": "Path"
   },
   {
    "name": "/tmp/nvim7ZgnD8/tmpgr0z2ul5.v",
    "__class__": "Path"
   },
   {
    "name": "/tmp/nvim7ZgnD8/tmpzbyhkyyr.v",
    "__class__": "Path"
   },
   {
    "name": "/tmp/nvim7ZgnD8/tmp2t2xsqxi.v",
    "__class__": "Path"
   },
   {
    "name": "/tmp/nvim7ZgnD8/tmpimq_dtl0.v",
    "__class__": "Path"
   },
   {
    "name": "/tmp/nvim7ZgnD8/tmpytkbcyc8.v",
    "__class__": "Path"
   },
   {
    "name": "/tmp/nvim7ZgnD8/tmps1okyly0.v",
    "__class__": "Path"
   },
   {
    "name": "/tmp/nvim7ZgnD8/tmphjzdxbro.v",
    "__class__": "Path"
   },
   {
    "name": "/tmp/nvim7ZgnD8/tmp7en0i5s1.v",
    "__class__": "Path"
   },
   {
    "name": "/tmp/nvim7ZgnD8/tmptmoq1je5.v",
    "__class__": "Path"
   },
   {
    "name": "/tmp/nvim7ZgnD8/tmpyi2pkaor.v",
    "__class__": "Path"
   },
   {
    "name": "/tmp/nvim7ZgnD8/tmp98g4m9zw.v",
    "__class__": "Path"
   },
   {
    "name": "/tmp/nvim7ZgnD8/tmp08zseetz.v",
    "__class__": "Path"
   },
   {
    "name": "/tmp/nvim7ZgnD8/tmpkagr68jr.v",
    "__class__": "Path"
   },
   {
    "name": "/tmp/nvim7ZgnD8/tmpmrfhuvyb.v",
    "__class__": "Path"
   },
   {
    "name": "/tmp/nvim7ZgnD8/tmphjoejlum.v",
    "__class__": "Path"
   },
   {
    "name": "/tmp/nvim7ZgnD8/tmp0rijsfrv.v",
    "__class__": "Path"
   },
   {
    "name": "/tmp/nvim7ZgnD8/tmpjffabqph.v",
    "__class__": "Path"
   },
   {
    "name": "/tmp/nvim7ZgnD8/tmpahhvymel.v",
    "__class__": "Path"
   },
   {
    "name": "/tmp/nvim7ZgnD8/tmpk8cqit5a.v",
    "__class__": "Path"
   },
   {
    "name": "/tmp/nvim7ZgnD8/tmp4pjz203b.v",
    "__class__": "Path"
   },
   {
    "name": "/tmp/nvim7ZgnD8/tmpq8as1n8a.v",
    "__class__": "Path"
   },
   {
    "name": "/tmp/nvim7ZgnD8/tmpbocj3brq.v",
    "__class__": "Path"
   },
   {
    "name": "/tmp/nvim7ZgnD8/tmp9q_md7_c.v",
    "__class__": "Path"
   },
   {
    "name": "/tmp/nvim7ZgnD8/tmp1ygmpqqj.v",
    "__class__": "Path"
   },
   {
    "name": "/tmp/nvim7ZgnD8/tmpve04f3_a.v",
    "__class__": "Path"
   },
   {
    "name": "/tmp/nvim7ZgnD8/tmpm66shxz7.v",
    "__class__": "Path"
   },
   {
    "name": "/tmp/nvim7ZgnD8/tmpeo86qtlx.v",
    "__class__": "Path"
   },
   {
    "name": "/tmp/nvim7ZgnD8/tmpg7_u4op2.v",
    "__class__": "Path"
   },
   {
    "name": "/tmp/nvim7ZgnD8/tmpzuo2mddu.v",
    "__class__": "Path"
   },
   {
    "name": "/tmp/nvim7ZgnD8/tmp08tbnyi7.v",
    "__class__": "Path"
   },
   {
    "name": "/tmp/nvim7ZgnD8/tmp3bbba4dj.v",
    "__class__": "Path"
   },
   {
    "name": "/tmp/nvim7ZgnD8/tmphanmvu6i.v",
    "__class__": "Path"
   },
   {
    "name": "/tmp/nvim7ZgnD8/tmp9hchdokw.v",
    "__class__": "Path"
   },
   {
    "name": "/tmp/nvim7ZgnD8/tmp1p_z_u5m.v",
    "__class__": "Path"
   },
   {
    "name": "/tmp/nvim7ZgnD8/tmp8u43pmy9.v",
    "__class__": "Path"
   },
   {
    "name": "/tmp/nvim7ZgnD8/tmpz0icc_hf.v",
    "__class__": "Path"
   },
   {
    "name": "/tmp/nvim7ZgnD8/tmpoa5i_ppt.v",
    "__class__": "Path"
   },
   {
    "name": "/tmp/nvim7ZgnD8/tmpsvm80fi7.v",
    "__class__": "Path"
   },
   {
    "name": "/tmp/nvim7ZgnD8/tmpgywzb242.v",
    "__class__": "Path"
   },
   {
    "name": "/tmp/nvim7ZgnD8/tmpg6sfab85.v",
    "__class__": "Path"
   },
   {
    "name": "/tmp/nvim7ZgnD8/tmp9ni4w399.v",
    "__class__": "Path"
   },
   {
    "name": "/tmp/nvim7ZgnD8/tmp_txe8c_e.v",
    "__class__": "Path"
   },
   {
    "name": "/tmp/nvim7ZgnD8/tmp4260n5pf.v",
    "__class__": "Path"
   },
   {
    "name": "/tmp/nvim7ZgnD8/tmpasmpgi6f.v",
    "__class__": "Path"
   },
   {
    "name": "/tmp/nvim7ZgnD8/tmp7gvc2um3.v",
    "__class__": "Path"
   },
   {
    "name": "/tmp/nvim7ZgnD8/tmp3v2ypows.v",
    "__class__": "Path"
   },
   {
    "name": "/tmp/nvim7ZgnD8/tmps4bsh3b3.v",
    "__class__": "Path"
   },
   {
    "name": "/tmp/nvim7ZgnD8/tmprcq_g44u.v",
    "__class__": "Path"
   },
   {
    "name": "/tmp/nvim7ZgnD8/tmpy7mu4oh8.v",
    "__class__": "Path"
   },
   {
    "name": "/tmp/nvim7ZgnD8/tmpso0xjdu8.v",
    "__class__": "Path"
   },
   {
    "name": "/tmp/nvim7ZgnD8/tmpx1wys5iw.v",
    "__class__": "Path"
   },
   {
    "name": "/tmp/nvim7ZgnD8/tmpenumbcen.v",
    "__class__": "Path"
   },
   {
    "name": "/tmp/nvim7ZgnD8/tmp38weu583.v",
    "__class__": "Path"
   },
   {
    "name": "/tmp/nvim7ZgnD8/tmp8k1j43uh.v",
    "__class__": "Path"
   },
   {
    "name": "/tmp/nvim7ZgnD8/tmpjurx9p7r.v",
    "__class__": "Path"
   },
   {
    "name": "/tmp/nvim7ZgnD8/tmp5y951dcf.v",
    "__class__": "Path"
   },
   {
    "name": "/tmp/nvim7ZgnD8/tmpu__9aakx.v",
    "__class__": "Path"
   },
   {
    "name": "/tmp/nvim7ZgnD8/tmpz078aq23.v",
    "__class__": "Path"
   },
   {
    "name": "/tmp/nvim7ZgnD8/tmpc5qh6_sn.v",
    "__class__": "Path"
   },
   {
    "name": "/tmp/nvim7ZgnD8/tmpylksbaes.v",
    "__class__": "Path"
   },
   {
    "name": "/tmp/nvim7ZgnD8/tmp8bzjqbjx.v",
    "__class__": "Path"
   },
   {
    "name": "/tmp/nvim7ZgnD8/tmpkk9fb9d0.v",
    "__class__": "Path"
   },
   {
    "name": "/tmp/nvim7ZgnD8/tmpxncu0gnr.v",
    "__class__": "Path"
   },
   {
    "name": "/tmp/nvim7ZgnD8/tmpiwph287o.v",
    "__class__": "Path"
   },
   {
    "name": "/tmp/nvim7ZgnD8/tmp114gvhkp.v",
    "__class__": "Path"
   },
   {
    "name": "/tmp/nvim7ZgnD8/tmp3zxa4mez.v",
    "__class__": "Path"
   },
   {
    "name": "/tmp/nvim7ZgnD8/tmp6czpoydq.v",
    "__class__": "Path"
   },
   {
    "name": "/tmp/nvim7ZgnD8/tmp8z2u_k7n.v",
    "__class__": "Path"
   },
   {
    "name": "/tmp/nvim7ZgnD8/tmp24mazfsr.v",
    "__class__": "Path"
   },
   {
    "name": "/tmp/nvim7ZgnD8/tmp9mko5ro_.v",
    "__class__": "Path"
   },
   {
    "name": "/tmp/nvim7ZgnD8/tmp7loj0726.v",
    "__class__": "Path"
   },
   {
    "name": "/tmp/nvim7ZgnD8/tmppbmnw1k0.v",
    "__class__": "Path"
   },
   {
    "name": "/tmp/nvim7ZgnD8/tmp19uu0yym.v",
    "__class__": "Path"
   },
   {
    "name": "/tmp/nvim7ZgnD8/tmpt3567bf6.v",
    "__class__": "Path"
   },
   {
    "name": "/tmp/nvim7ZgnD8/tmp3_qldo0q.v",
    "__class__": "Path"
   },
   {
    "name": "/tmp/nvim7ZgnD8/tmps0pe57uy.v",
    "__class__": "Path"
   },
   {
    "name": "/tmp/nvim7ZgnD8/tmpje1gptue.v",
    "__class__": "Path"
   },
   {
    "name": "/tmp/nvim7ZgnD8/tmppzg0hsz5.v",
    "__class__": "Path"
   },
   {
    "name": "/tmp/nvim7ZgnD8/tmp2dyipm3n.v",
    "__class__": "Path"
   },
   {
    "name": "/tmp/nvim7ZgnD8/tmpk184v9ng.v",
    "__class__": "Path"
   },
   {
    "name": "/tmp/nvim7ZgnD8/tmpf2b3e_4o.v",
    "__class__": "Path"
   },
   {
    "name": "/tmp/nvim7ZgnD8/tmp7m2g4rlh.v",
    "__class__": "Path"
   },
   {
    "name": "/tmp/nvim7ZgnD8/tmpa1uwoph9.v",
    "__class__": "Path"
   },
   {
    "name": "/tmp/nvim7ZgnD8/tmpnxa6vb1e.v",
    "__class__": "Path"
   },
   {
    "name": "/tmp/nvim7ZgnD8/tmp3cuh5mwm.v",
    "__class__": "Path"
   },
   {
    "name": "/tmp/nvim7ZgnD8/tmp0r1jqn8s.v",
    "__class__": "Path"
   },
   {
    "name": "/tmp/nvim7ZgnD8/tmp_94g8dnd.v",
    "__class__": "Path"
   },
   {
    "name": "/tmp/nvim7ZgnD8/tmpwdt60t9q.v",
    "__class__": "Path"
   },
   {
    "name": "/tmp/nvim7ZgnD8/tmpl9uz16hm.v",
    "__class__": "Path"
   },
   {
    "name": "/tmp/nvim7ZgnD8/tmpxlmkoj9m.v",
    "__class__": "Path"
   },
   {
    "name": "/tmp/nvim7ZgnD8/tmp2sj1bmik.v",
    "__class__": "Path"
   },
   {
    "name": "/tmp/nvim7ZgnD8/tmpde0j02as.v",
    "__class__": "Path"
   },
   {
    "name": "/tmp/nvim7ZgnD8/tmpaf2vf_f8.v",
    "__class__": "Path"
   },
   {
    "name": "/tmp/nvim7ZgnD8/tmpihb54tvh.v",
    "__class__": "Path"
   },
   {
    "name": "/tmp/nvim7ZgnD8/tmpx3trpsgi.v",
    "__class__": "Path"
   },
   {
    "name": "/tmp/nvim7ZgnD8/tmpky76uksi.v",
    "__class__": "Path"
   },
   {
    "name": "/tmp/nvim7ZgnD8/tmp5wa577cd.v",
    "__class__": "Path"
   },
   {
    "name": "/tmp/nvim7ZgnD8/tmps6vq93l0.v",
    "__class__": "Path"
   },
   {
    "name": "/tmp/nvim7ZgnD8/tmptletg2oq.v",
    "__class__": "Path"
   },
   {
    "name": "/tmp/nvim7ZgnD8/tmpuoq1b67w.v",
    "__class__": "Path"
   },
   {
    "name": "/tmp/nvim7ZgnD8/tmpjeoiwda6.v",
    "__class__": "Path"
   },
   {
    "name": "/tmp/nvim7ZgnD8/tmpdmylu996.v",
    "__class__": "Path"
   },
   {
    "name": "/tmp/nvim7ZgnD8/tmpwoicijtp.v",
    "__class__": "Path"
   },
   {
    "name": "/tmp/nvim7ZgnD8/tmpv5bh6bg2.v",
    "__class__": "Path"
   },
   {
    "name": "/tmp/nvim7ZgnD8/tmp4ubglq1o.v",
    "__class__": "Path"
   },
   {
    "name": "/tmp/nvim7ZgnD8/tmpcd7rl6j5.v",
    "__class__": "Path"
   },
   {
    "name": "/tmp/nvim7ZgnD8/tmpsi_22ob7.v",
    "__class__": "Path"
   },
   {
    "name": "/tmp/nvim7ZgnD8/tmpn7hdp8ir.v",
    "__class__": "Path"
   },
   {
    "name": "/tmp/nvim7ZgnD8/tmpitb1x_fw.v",
    "__class__": "Path"
   },
   {
    "name": "/tmp/nvim7ZgnD8/tmpnei90ztr.v",
    "__class__": "Path"
   },
   {
    "name": "/tmp/nvim7ZgnD8/tmpkpmc5ljw.v",
    "__class__": "Path"
   },
   {
    "name": "/tmp/nvim7ZgnD8/tmpyr1vgfwk.v",
    "__class__": "Path"
   },
   {
    "name": "/tmp/nvim7ZgnD8/tmprgglub_b.v",
    "__class__": "Path"
   },
   {
    "name": "/tmp/nvim7ZgnD8/tmptelbw8vd.v",
    "__class__": "Path"
   },
   {
    "name": "/tmp/nvim7ZgnD8/tmpy20981bj.v",
    "__class__": "Path"
   },
   {
    "name": "/tmp/nvim7ZgnD8/tmpxkaqo068.v",
    "__class__": "Path"
   },
   {
    "name": "/tmp/nvim7ZgnD8/tmpfh8qv91u.v",
    "__class__": "Path"
   },
   {
    "name": "/tmp/nvim7ZgnD8/tmp0x0_qpfz.v",
    "__class__": "Path"
   },
   {
    "name": "/tmp/nvim7ZgnD8/tmpsx76vder.v",
    "__class__": "Path"
   },
   {
    "name": "/tmp/nvim7ZgnD8/tmpe2cs33g6.v",
    "__class__": "Path"
   },
   {
    "name": "/tmp/nvim7ZgnD8/tmpysy9ogik.v",
    "__class__": "Path"
   },
   {
    "name": "/tmp/nvim7ZgnD8/tmpfwc849of.v",
    "__class__": "Path"
   },
   {
    "name": "/tmp/nvim7ZgnD8/tmprqwhbhl8.v",
    "__class__": "Path"
   },
   {
    "name": "/tmp/nvim7ZgnD8/tmpzh2jtcd9.v",
    "__class__": "Path"
   },
   {
    "name": "/tmp/nvim7ZgnD8/tmp4an27m8t.v",
    "__class__": "Path"
   },
   {
    "name": "/tmp/nvim7ZgnD8/tmpcp4c0dl0.v",
    "__class__": "Path"
   },
   {
    "name": "/tmp/nvim7ZgnD8/tmph9vhuccf.v",
    "__class__": "Path"
   },
   {
    "name": "/tmp/nvim7ZgnD8/tmpltjzbzm2.v",
    "__class__": "Path"
   },
   {
    "name": "/tmp/nvim7ZgnD8/tmpsfasdkcc.v",
    "__class__": "Path"
   },
   {
    "name": "/tmp/nvim7ZgnD8/tmpkp5zliyz.v",
    "__class__": "Path"
   },
   {
    "name": "/tmp/nvim7ZgnD8/tmp229yc3b3.v",
    "__class__": "Path"
   },
   {
    "name": "/tmp/nvim7ZgnD8/tmpzmorjnz4.v",
    "__class__": "Path"
   },
   {
    "name": "/tmp/nvim7ZgnD8/tmpyfynh7gj.v",
    "__class__": "Path"
   },
   {
    "name": "/tmp/nvim7ZgnD8/tmp09vegtg3.v",
    "__class__": "Path"
   },
   {
    "name": "/tmp/nvim7ZgnD8/tmpi99aofmr.v",
    "__class__": "Path"
   },
   {
    "name": "/tmp/nvim7ZgnD8/tmpdkdg4yuh.v",
    "__class__": "Path"
   },
   {
    "name": "/tmp/nvim7ZgnD8/tmp27qyg8y7.v",
    "__class__": "Path"
   },
   {
    "name": "/tmp/nvim7ZgnD8/tmpnfqivgbd.v",
    "__class__": "Path"
   },
   {
    "name": "/tmp/nvim7ZgnD8/tmp3bzq7raj.v",
    "__class__": "Path"
   },
   {
    "name": "/tmp/nvim7ZgnD8/tmp3k559t7i.v",
    "__class__": "Path"
   },
   {
    "name": "/tmp/nvim7ZgnD8/tmpm7o8b3je.v",
    "__class__": "Path"
   },
   {
    "name": "/tmp/nvim7ZgnD8/tmp8lx8myxa.v",
    "__class__": "Path"
   },
   {
    "name": "/tmp/nvim7ZgnD8/tmp5x68kh_4.v",
    "__class__": "Path"
   },
   {
    "name": "/tmp/nvim7ZgnD8/tmpgkhu2_t7.v",
    "__class__": "Path"
   },
   {
    "name": "/tmp/nvim7ZgnD8/tmp9o6r_38l.v",
    "__class__": "Path"
   },
   {
    "name": "/tmp/nvim7ZgnD8/tmpixfuu94u.v",
    "__class__": "Path"
   },
   {
    "name": "/tmp/nvim7ZgnD8/tmp3i6sr51s.v",
    "__class__": "Path"
   },
   {
    "name": "/tmp/nvim7ZgnD8/tmp68ih7z8y.v",
    "__class__": "Path"
   },
   {
    "name": "/tmp/nvim7ZgnD8/tmp6turrmdu.v",
    "__class__": "Path"
   },
   {
    "name": "/tmp/nvim7ZgnD8/tmpz5ewea1b.v",
    "__class__": "Path"
   },
   {
    "name": "/tmp/nvim7ZgnD8/tmp3jsywwzt.v",
    "__class__": "Path"
   },
   {
    "name": "/tmp/nvim7ZgnD8/tmppp70jowz.v",
    "__class__": "Path"
   },
   {
    "name": "/tmp/nvim7ZgnD8/tmphpyu_o1x.v",
    "__class__": "Path"
   },
   {
    "name": "/tmp/nvim7ZgnD8/tmp2npkm81z.v",
    "__class__": "Path"
   },
   {
    "name": "/tmp/nvim7ZgnD8/tmp6azy0xl_.v",
    "__class__": "Path"
   },
   {
    "name": "/tmp/nvim7ZgnD8/tmpu4c553cz.v",
    "__class__": "Path"
   },
   {
    "name": "/tmp/nvim7ZgnD8/tmpjvo56zhz.v",
    "__class__": "Path"
   },
   {
    "name": "/tmp/nvim7ZgnD8/tmpmjnx6vyt.v",
    "__class__": "Path"
   },
   {
    "name": "/tmp/nvim7ZgnD8/tmpzwv_nj8r.v",
    "__class__": "Path"
   },
   {
    "name": "/tmp/nvim7ZgnD8/tmp1jhz3yg8.v",
    "__class__": "Path"
   },
   {
    "name": "/tmp/nvim7ZgnD8/tmp6e0qi8m4.v",
    "__class__": "Path"
   },
   {
    "name": "/tmp/nvim7ZgnD8/tmpdavgz8zp.v",
    "__class__": "Path"
   },
   {
    "name": "/tmp/nvim7ZgnD8/tmppdpfqub3.v",
    "__class__": "Path"
   },
   {
    "name": "/tmp/nvim7ZgnD8/tmp6xmfsaai.v",
    "__class__": "Path"
   },
   {
    "name": "/tmp/nvim7ZgnD8/tmpili01pu5.v",
    "__class__": "Path"
   },
   {
    "name": "/tmp/nvim7ZgnD8/tmplhygfquy.v",
    "__class__": "Path"
   },
   {
    "name": "/tmp/nvim7ZgnD8/tmp7j_vrxmw.v",
    "__class__": "Path"
   },
   {
    "name": "/tmp/nvim7ZgnD8/tmphmf4dqa_.v",
    "__class__": "Path"
   },
   {
    "name": "/tmp/nvim7ZgnD8/tmp3feidn84.v",
    "__class__": "Path"
   },
   {
    "name": "/tmp/nvim7ZgnD8/tmp9u_bkc_a.v",
    "__class__": "Path"
   },
   {
    "name": "/tmp/nvim7ZgnD8/tmpgqgww_kx.v",
    "__class__": "Path"
   },
   {
    "name": "/tmp/nvim7ZgnD8/tmpnul7dtwq.v",
    "__class__": "Path"
   },
   {
    "name": "/tmp/nvim7ZgnD8/tmpj7w_ktzq.v",
    "__class__": "Path"
   },
   {
    "name": "/tmp/nvim7ZgnD8/tmpxe50t5r5.v",
    "__class__": "Path"
   },
   {
    "name": "/tmp/nvim7ZgnD8/tmpgglysism.v",
    "__class__": "Path"
   },
   {
    "name": "/tmp/nvim7ZgnD8/tmprbezxct4.v",
    "__class__": "Path"
   },
   {
    "name": "/tmp/nvim7ZgnD8/tmp0bar7dr9.v",
    "__class__": "Path"
   },
   {
    "name": "/tmp/nvim7ZgnD8/tmpe_9qapa8.v",
    "__class__": "Path"
   },
   {
    "name": "/tmp/nvim7ZgnD8/tmptbmgf6_s.v",
    "__class__": "Path"
   },
   {
    "name": "/tmp/nvim7ZgnD8/tmpineltt8x.v",
    "__class__": "Path"
   },
   {
    "name": "/tmp/nvim7ZgnD8/tmpg10sfjr0.v",
    "__class__": "Path"
   },
   {
    "name": "/tmp/nvim7ZgnD8/tmpta9k8ptg.v",
    "__class__": "Path"
   },
   {
    "name": "/tmp/nvim7ZgnD8/tmppsnbl3qp.v",
    "__class__": "Path"
   },
   {
    "name": "/tmp/nvim7ZgnD8/tmp40t3mhu1.v",
    "__class__": "Path"
   },
   {
    "name": "/tmp/nvim7ZgnD8/tmp8n7itx52.v",
    "__class__": "Path"
   },
   {
    "name": "/tmp/nvim7ZgnD8/tmpcjemve5s.v",
    "__class__": "Path"
   },
   {
    "name": "/tmp/nvim7ZgnD8/tmpno9otjjh.v",
    "__class__": "Path"
   },
   {
    "name": "/tmp/nvim7ZgnD8/tmpgz2uopwe.v",
    "__class__": "Path"
   },
   {
    "name": "/tmp/nvim7ZgnD8/tmpxh7ud9bw.v",
    "__class__": "Path"
   },
   {
    "name": "/tmp/nvim7ZgnD8/tmpknmeo841.v",
    "__class__": "Path"
   },
   {
    "name": "/tmp/nvim7ZgnD8/tmplw759dqn.v",
    "__class__": "Path"
   },
   {
    "name": "/tmp/nvim7ZgnD8/tmpad56eciz.v",
    "__class__": "Path"
   },
   {
    "name": "/tmp/nvim7ZgnD8/tmplievm6fa.v",
    "__class__": "Path"
   },
   {
    "name": "/tmp/nvim7ZgnD8/tmp46s4_ub5.v",
    "__class__": "Path"
   },
   {
    "name": "/tmp/nvim7ZgnD8/tmpua0wb7xd.v",
    "__class__": "Path"
   },
   {
    "name": "/tmp/nvim7ZgnD8/tmpoo4pyqnu.v",
    "__class__": "Path"
   },
   {
    "name": "/tmp/nvim7ZgnD8/tmp4zr1jqm4.v",
    "__class__": "Path"
   },
   {
    "name": "/tmp/nvim7ZgnD8/tmpu6fzj3j6.v",
    "__class__": "Path"
   },
   {
    "name": "/tmp/nvim7ZgnD8/tmp3_axivo6.v",
    "__class__": "Path"
   },
   {
    "name": "/tmp/nvim7ZgnD8/tmp1x0_8n5h.v",
    "__class__": "Path"
   },
   {
    "name": "/tmp/nvim7ZgnD8/tmp8vud7sjg.v",
    "__class__": "Path"
   },
   {
    "name": "/tmp/nvim7ZgnD8/tmpex3rr24u.v",
    "__class__": "Path"
   },
   {
    "name": "/tmp/nvim7ZgnD8/tmpfttezgtu.v",
    "__class__": "Path"
   },
   {
    "name": "/tmp/nvim7ZgnD8/tmp_xsa2y60.v",
    "__class__": "Path"
   },
   {
    "name": "/tmp/nvim7ZgnD8/tmpe_ure8dt.v",
    "__class__": "Path"
   },
   {
    "name": "/tmp/nvim7ZgnD8/tmp56d9zmrz.v",
    "__class__": "Path"
   },
   {
    "name": "/tmp/nvim7ZgnD8/tmp6vl_guha.v",
    "__class__": "Path"
   },
   {
    "name": "/tmp/nvim7ZgnD8/tmpuow76era.v",
    "__class__": "Path"
   },
   {
    "name": "/tmp/nvim7ZgnD8/tmpnyu608kf.v",
    "__class__": "Path"
   },
   {
    "name": "/tmp/nvim7ZgnD8/tmptth13b54.v",
    "__class__": "Path"
   },
   {
    "name": "/tmp/nvim7ZgnD8/tmpls5x_jlf.v",
    "__class__": "Path"
   },
   {
    "name": "/tmp/nvim7ZgnD8/tmpbosfvh6m.v",
    "__class__": "Path"
   },
   {
    "name": "/tmp/nvim7ZgnD8/tmpuos13kx3.v",
    "__class__": "Path"
   },
   {
    "name": "/tmp/nvim7ZgnD8/tmpwovjf431.v",
    "__class__": "Path"
   },
   {
    "name": "/tmp/nvim7ZgnD8/tmp87nqdrev.v",
    "__class__": "Path"
   },
   {
    "name": "/tmp/nvim7ZgnD8/tmpz66pehp0.v",
    "__class__": "Path"
   },
   {
    "name": "/tmp/nvim7ZgnD8/tmpa82hokgt.v",
    "__class__": "Path"
   },
   {
    "name": "/tmp/nvim7ZgnD8/tmpp0_3xyat.v",
    "__class__": "Path"
   },
   {
    "name": "/tmp/nvim7ZgnD8/tmp_vxos4sm.v",
    "__class__": "Path"
   },
   {
    "name": "/tmp/nvim7ZgnD8/tmpshdcfkkv.v",
    "__class__": "Path"
   },
   {
    "name": "/tmp/nvim7ZgnD8/tmp2r3ntlb8.v",
    "__class__": "Path"
   },
   {
    "name": "/tmp/nvim7ZgnD8/tmpik1sje00.v",
    "__class__": "Path"
   },
   {
    "name": "/tmp/nvim7ZgnD8/tmpy4jcp0c_.v",
    "__class__": "Path"
   },
   {
    "name": "/tmp/nvim7ZgnD8/tmpmd2yutz4.v",
    "__class__": "Path"
   },
   {
    "name": "/tmp/nvim7ZgnD8/tmprcomrj6i.v",
    "__class__": "Path"
   },
   {
    "name": "/tmp/nvim7ZgnD8/tmpy3daf_3z.v",
    "__class__": "Path"
   },
   {
    "name": "/tmp/nvim7ZgnD8/tmp78w2dbw7.v",
    "__class__": "Path"
   },
   {
    "name": "/tmp/nvim7ZgnD8/tmp54wrt8z6.v",
    "__class__": "Path"
   },
   {
    "name": "/tmp/nvim7ZgnD8/tmp71r0wqlt.v",
    "__class__": "Path"
   },
   {
    "name": "/tmp/nvim7ZgnD8/tmpeydwj_gk.v",
    "__class__": "Path"
   },
   {
    "name": "/tmp/nvim7ZgnD8/tmp2gw0wprg.v",
    "__class__": "Path"
   },
   {
    "name": "/tmp/nvim7ZgnD8/tmp4ou4ffok.v",
    "__class__": "Path"
   },
   {
    "name": "/tmp/nvim7ZgnD8/tmp1y6ity3z.v",
    "__class__": "Path"
   },
   {
    "name": "/tmp/nvim7ZgnD8/tmpntah11f7.v",
    "__class__": "Path"
   },
   {
    "name": "/tmp/nvim7ZgnD8/tmpy8w7vwro.v",
    "__class__": "Path"
   },
   {
    "name": "/tmp/nvim7ZgnD8/tmpoffvf8pi.v",
    "__class__": "Path"
   },
   {
    "name": "/tmp/nvim7ZgnD8/tmpsiois8gk.v",
    "__class__": "Path"
   },
   {
    "name": "/tmp/nvim7ZgnD8/tmpk4z1c0zi.v",
    "__class__": "Path"
   },
   {
    "name": "/tmp/nvim7ZgnD8/tmplk7uus1r.v",
    "__class__": "Path"
   },
   {
    "name": "/tmp/nvim7ZgnD8/tmpchp1lvjq.v",
    "__class__": "Path"
   },
   {
    "name": "/tmp/nvim7ZgnD8/tmp2stpsa4k.v",
    "__class__": "Path"
   },
   {
    "name": "/tmp/nvim7ZgnD8/tmp41ucu5xz.v",
    "__class__": "Path"
   },
   {
    "name": "/tmp/nvim7ZgnD8/tmp7msg7ut_.v",
    "__class__": "Path"
   },
   {
    "name": "/tmp/nvim7ZgnD8/tmpilcipkm5.v",
    "__class__": "Path"
   },
   {
    "name": "/tmp/nvim7ZgnD8/tmp1k36qbnn.v",
    "__class__": "Path"
   },
   {
    "name": "/tmp/nvim7ZgnD8/tmphqn0oxtv.v",
    "__class__": "Path"
   },
   {
    "name": "/tmp/nvim7ZgnD8/tmpz2m9nytp.v",
    "__class__": "Path"
   },
   {
    "name": "/tmp/nvim7ZgnD8/tmpv20ysgd5.v",
    "__class__": "Path"
   },
   {
    "name": "/tmp/nvim7ZgnD8/tmpb77f5i2j.v",
    "__class__": "Path"
   },
   {
    "name": "/tmp/nvim7ZgnD8/tmpdi8e7_4a.v",
    "__class__": "Path"
   },
   {
    "name": "/tmp/nvim7ZgnD8/tmp6e8sux4n.v",
    "__class__": "Path"
   },
   {
    "name": "/tmp/nvim7ZgnD8/tmppy6riott.v",
    "__class__": "Path"
   },
   {
    "name": "/tmp/nvim7ZgnD8/tmpz2nz108l.v",
    "__class__": "Path"
   },
   {
    "name": "/tmp/nvim7ZgnD8/tmpe_ix532a.v",
    "__class__": "Path"
   },
   {
    "name": "/tmp/nvim7ZgnD8/tmpblbmll4_.v",
    "__class__": "Path"
   },
   {
    "name": "/tmp/nvim7ZgnD8/tmpxds7krcr.v",
    "__class__": "Path"
   },
   {
    "name": "/tmp/nvim7ZgnD8/tmp6acmaj2_.v",
    "__class__": "Path"
   },
   {
    "name": "/tmp/nvim7ZgnD8/tmpy3q101yv.v",
    "__class__": "Path"
   },
   {
    "name": "/tmp/nvim7ZgnD8/tmph3hypk_3.v",
    "__class__": "Path"
   },
   {
    "name": "/tmp/nvim7ZgnD8/tmp6gyzdaob.v",
    "__class__": "Path"
   },
   {
    "name": "/tmp/nvim7ZgnD8/tmpxa4kgtxx.v",
    "__class__": "Path"
   },
   {
    "name": "/tmp/nvim7ZgnD8/tmphitek5qm.v",
    "__class__": "Path"
   },
   {
    "name": "/tmp/nvim7ZgnD8/tmpb6dw_pfz.v",
    "__class__": "Path"
   },
   {
    "name": "/tmp/nvim7ZgnD8/tmp9gr3adxv.v",
    "__class__": "Path"
   },
   {
    "name": "/tmp/nvim7ZgnD8/tmp_o01nujj.v",
    "__class__": "Path"
   },
   {
    "name": "/tmp/nvim7ZgnD8/tmp3qjzwdyo.v",
    "__class__": "Path"
   },
   {
    "name": "/tmp/nvim7ZgnD8/tmpq98jet2p.v",
    "__class__": "Path"
   },
   {
    "name": "/tmp/nvim7ZgnD8/tmperd2_lzm.v",
    "__class__": "Path"
   },
   {
    "name": "/tmp/nvim7ZgnD8/tmprk23xwrp.v",
    "__class__": "Path"
   },
   {
    "name": "/tmp/nvim7ZgnD8/tmp6d75quw9.v",
    "__class__": "Path"
   },
   {
    "name": "/tmp/nvim7ZgnD8/tmphjj2m6zc.v",
    "__class__": "Path"
   },
   {
    "name": "/tmp/nvim7ZgnD8/tmpgfmch9xt.v",
    "__class__": "Path"
   },
   {
    "name": "/tmp/nvim7ZgnD8/tmpwve756d8.v",
    "__class__": "Path"
   },
   {
    "name": "/tmp/nvim7ZgnD8/tmpfrlp7y0l.v",
    "__class__": "Path"
   },
   {
    "name": "/tmp/nvim7ZgnD8/tmpr0sosmx5.v",
    "__class__": "Path"
   },
   {
    "name": "/tmp/nvim7ZgnD8/tmp9_gzlv3f.v",
    "__class__": "Path"
   },
   {
    "name": "/tmp/nvim7ZgnD8/tmpivepcq8c.v",
    "__class__": "Path"
   },
   {
    "name": "/tmp/nvim7ZgnD8/tmpb1kh95h6.v",
    "__class__": "Path"
   },
   {
    "name": "/tmp/nvim7ZgnD8/tmpgkvohdo7.v",
    "__class__": "Path"
   },
   {
    "name": "/tmp/nvim7ZgnD8/tmptrh1lrn4.v",
    "__class__": "Path"
   },
   {
    "name": "/tmp/nvim7ZgnD8/tmpfjg8lfx2.v",
    "__class__": "Path"
   },
   {
    "name": "/tmp/nvim7ZgnD8/tmpjnpjpoyu.v",
    "__class__": "Path"
   },
   {
    "name": "/tmp/nvim7ZgnD8/tmpbfagqtg_.v",
    "__class__": "Path"
   },
   {
    "name": "/tmp/nvim7ZgnD8/tmp2wfej8s_.v",
    "__class__": "Path"
   },
   {
    "name": "/tmp/nvim7ZgnD8/tmpv007ewnq.v",
    "__class__": "Path"
   },
   {
    "name": "/tmp/nvim7ZgnD8/tmpgh38wize.v",
    "__class__": "Path"
   },
   {
    "name": "/tmp/nvim7ZgnD8/tmpkp5k9g3t.v",
    "__class__": "Path"
   },
   {
    "name": "/tmp/nvim7ZgnD8/tmpb2ul_yy4.v",
    "__class__": "Path"
   },
   {
    "name": "/tmp/nvim7ZgnD8/tmp1gunoenu.v",
    "__class__": "Path"
   },
   {
    "name": "/tmp/nvim7ZgnD8/tmp0e7rxmd9.v",
    "__class__": "Path"
   },
   {
    "name": "/tmp/nvim7ZgnD8/tmpmqu_mbpk.v",
    "__class__": "Path"
   },
   {
    "name": "/tmp/nvim7ZgnD8/tmpo02t0yfo.v",
    "__class__": "Path"
   },
   {
    "name": "/tmp/nvim7ZgnD8/tmpm070bcfg.v",
    "__class__": "Path"
   },
   {
    "name": "/tmp/nvim7ZgnD8/tmpadk7dtkt.v",
    "__class__": "Path"
   },
   {
    "name": "/tmp/nvim7ZgnD8/tmpwkjx6_zk.v",
    "__class__": "Path"
   },
   {
    "name": "/tmp/nvim7ZgnD8/tmp7qub4qq5.v",
    "__class__": "Path"
   },
   {
    "name": "/tmp/nvim7ZgnD8/tmphn1vuebw.v",
    "__class__": "Path"
   },
   {
    "name": "/tmp/nvim7ZgnD8/tmpvqdz59oy.v",
    "__class__": "Path"
   },
   {
    "name": "/tmp/nvim7ZgnD8/tmphwl2q0ln.v",
    "__class__": "Path"
   },
   {
    "name": "/tmp/nvim7ZgnD8/tmpklmo54nj.v",
    "__class__": "Path"
   },
   {
    "name": "/tmp/nvim7ZgnD8/tmpibii9vj0.v",
    "__class__": "Path"
   },
   {
    "name": "/tmp/nvim7ZgnD8/tmpe5udwq5o.v",
    "__class__": "Path"
   },
   {
    "name": "/tmp/nvim7ZgnD8/tmpo4tw_86j.v",
    "__class__": "Path"
   },
   {
    "name": "/tmp/nvim7ZgnD8/tmp147monzf.v",
    "__class__": "Path"
   },
   {
    "name": "/tmp/nvim7ZgnD8/tmpx4domby0.v",
    "__class__": "Path"
   },
   {
    "name": "/tmp/nvim7ZgnD8/tmpfrey01x_.v",
    "__class__": "Path"
   },
   {
    "name": "/tmp/nvim7ZgnD8/tmp9lv9ehij.v",
    "__class__": "Path"
   },
   {
    "name": "/tmp/nvim7ZgnD8/tmpo30c84m0.v",
    "__class__": "Path"
   },
   {
    "name": "/tmp/nvim7ZgnD8/tmp9smy4307.v",
    "__class__": "Path"
   },
   {
    "name": "/tmp/nvim7ZgnD8/tmp2vq_67o0.v",
    "__class__": "Path"
   },
   {
    "name": "/tmp/nvim7ZgnD8/tmppjwyj15c.v",
    "__class__": "Path"
   },
   {
    "name": "/tmp/nvim7ZgnD8/tmp5ft60en4.v",
    "__class__": "Path"
   },
   {
    "name": "/tmp/nvim7ZgnD8/tmpe7dcohae.v",
    "__class__": "Path"
   },
   {
    "name": "/tmp/nvim7ZgnD8/tmpl__zijie.v",
    "__class__": "Path"
   },
   {
    "name": "/tmp/nvim7ZgnD8/tmpmxmgp1bk.v",
    "__class__": "Path"
   },
   {
    "name": "/tmp/nvim7ZgnD8/tmpck86z66k.v",
    "__class__": "Path"
   },
   {
    "name": "/tmp/nvim7ZgnD8/tmpacc7_ewh.v",
    "__class__": "Path"
   },
   {
    "name": "/tmp/nvim7ZgnD8/tmp4shkp4rg.v",
    "__class__": "Path"
   },
   {
    "name": "/tmp/nvim7ZgnD8/tmpne6ot4l3.v",
    "__class__": "Path"
   },
   {
    "name": "/tmp/nvim7ZgnD8/tmpu550_k8o.v",
    "__class__": "Path"
   },
   {
    "name": "/tmp/nvim7ZgnD8/tmpq_cc68r6.v",
    "__class__": "Path"
   },
   {
    "name": "/tmp/nvim7ZgnD8/tmp2gt3if7n.v",
    "__class__": "Path"
   },
   {
    "name": "/tmp/nvim7ZgnD8/tmpuqoh8x3y.v",
    "__class__": "Path"
   },
   {
    "name": "/tmp/nvim7ZgnD8/tmpzsnhspdj.v",
    "__class__": "Path"
   },
   {
    "name": "/tmp/nvim7ZgnD8/tmpamj80lkr.v",
    "__class__": "Path"
   },
   {
    "name": "/tmp/nvim7ZgnD8/tmpqu2l29ye.v",
    "__class__": "Path"
   },
   {
    "name": "/tmp/nvim7ZgnD8/tmpf5s0vakg.v",
    "__class__": "Path"
   },
   {
    "name": "/tmp/nvim7ZgnD8/tmpwnohme41.v",
    "__class__": "Path"
   },
   {
    "name": "/tmp/nvim7ZgnD8/tmpavomqlb4.v",
    "__class__": "Path"
   },
   {
    "name": "/tmp/nvim7ZgnD8/tmpil49irpl.v",
    "__class__": "Path"
   },
   {
    "name": "/tmp/nvim7ZgnD8/tmpxi6es3b2.v",
    "__class__": "Path"
   },
   {
    "name": "/tmp/nvim7ZgnD8/tmpnbjxejqb.v",
    "__class__": "Path"
   },
   {
    "name": "/tmp/nvim7ZgnD8/tmp3w8vyqir.v",
    "__class__": "Path"
   },
   {
    "name": "/tmp/nvim7ZgnD8/tmpss6vmqoe.v",
    "__class__": "Path"
   },
   {
    "name": "/tmp/nvim7ZgnD8/tmp75hoh2vz.v",
    "__class__": "Path"
   },
   {
    "name": "/tmp/nvim7ZgnD8/tmpzyuji08a.v",
    "__class__": "Path"
   },
   {
    "name": "/tmp/nvim7ZgnD8/tmp2fl6q_2k.v",
    "__class__": "Path"
   },
   {
    "name": "/tmp/nvim7ZgnD8/tmpdmzmvkt8.v",
    "__class__": "Path"
   },
   {
    "name": "/tmp/nvim7ZgnD8/tmp31elnrd0.v",
    "__class__": "Path"
   },
   {
    "name": "/tmp/nvim7ZgnD8/tmp7pwgyhto.v",
    "__class__": "Path"
   },
   {
    "name": "/tmp/nvim7ZgnD8/tmpnqcndn4w.v",
    "__class__": "Path"
   },
   {
    "name": "/tmp/nvim7ZgnD8/tmp7kplyds8.v",
    "__class__": "Path"
   },
   {
    "name": "/tmp/nvim7ZgnD8/tmpr9mk_v2e.v",
    "__class__": "Path"
   },
   {
    "name": "/tmp/nvim7ZgnD8/tmpgohxovbg.v",
    "__class__": "Path"
   },
   {
    "name": "/tmp/nvim7ZgnD8/tmps54gm5pz.v",
    "__class__": "Path"
   },
   {
    "name": "/tmp/nvim7ZgnD8/tmp95lspcbx.v",
    "__class__": "Path"
   },
   {
    "name": "/tmp/nvim7ZgnD8/tmpijo2_tra.v",
    "__class__": "Path"
   },
   {
    "name": "/tmp/nvim7ZgnD8/tmpu7932lbs.v",
    "__class__": "Path"
   },
   {
    "name": "/tmp/nvim7ZgnD8/tmpb3tlrw5s.v",
    "__class__": "Path"
   },
   {
    "name": "/tmp/nvim7ZgnD8/tmpec59wssb.v",
    "__class__": "Path"
   },
   {
    "name": "/tmp/nvim7ZgnD8/tmpps867ixm.v",
    "__class__": "Path"
   },
   {
    "name": "/tmp/nvim7ZgnD8/tmpsl619xei.v",
    "__class__": "Path"
   },
   {
    "name": "/tmp/nvim7ZgnD8/tmpfotydd7i.v",
    "__class__": "Path"
   },
   {
    "name": "/tmp/nvim7ZgnD8/tmp126uw09o.v",
    "__class__": "Path"
   },
   {
    "name": "/tmp/nvim7ZgnD8/tmp6rwss8l1.v",
    "__class__": "Path"
   },
   {
    "name": "/tmp/nvim7ZgnD8/tmp49tbbyn2.v",
    "__class__": "Path"
   },
   {
    "name": "/tmp/nvim7ZgnD8/tmpn4pvrcjn.v",
    "__class__": "Path"
   },
   {
    "name": "/tmp/nvim7ZgnD8/tmp1qvw40q5.v",
    "__class__": "Path"
   },
   {
    "name": "/tmp/nvim7ZgnD8/tmp1x_syldm.v",
    "__class__": "Path"
   },
   {
    "name": "/tmp/nvim7ZgnD8/tmpn5smldkj.v",
    "__class__": "Path"
   },
   {
    "name": "/tmp/nvim7ZgnD8/tmp29znefua.v",
    "__class__": "Path"
   },
   {
    "name": "/tmp/nvim7ZgnD8/tmpiphs5iv4.v",
    "__class__": "Path"
   },
   {
    "name": "/tmp/nvim7ZgnD8/tmpg8_zz_wn.v",
    "__class__": "Path"
   },
   {
    "name": "/tmp/nvim7ZgnD8/tmp3klgrhiu.v",
    "__class__": "Path"
   },
   {
    "name": "/tmp/nvim7ZgnD8/tmpaxv8fj05.v",
    "__class__": "Path"
   },
   {
    "name": "/tmp/nvim7ZgnD8/tmpudzocff3.v",
    "__class__": "Path"
   },
   {
    "name": "/tmp/nvim7ZgnD8/tmpsfa94oa9.v",
    "__class__": "Path"
   },
   {
    "name": "/tmp/nvim7ZgnD8/tmpegvvli8r.v",
    "__class__": "Path"
   },
   {
    "name": "/tmp/nvim7ZgnD8/tmpqtrcte8f.v",
    "__class__": "Path"
   },
   {
    "name": "/tmp/nvim7ZgnD8/tmpimtqljtn.v",
    "__class__": "Path"
   },
   {
    "name": "/tmp/nvim7ZgnD8/tmpzev3r0td.v",
    "__class__": "Path"
   },
   {
    "name": "/tmp/nvim7ZgnD8/tmpvx9w_lv5.v",
    "__class__": "Path"
   },
   {
    "name": "/home/zww/Documents/College/2022SP/HDL/HdlMicroProcessor/HdlMicroProcessor.srcs/sim/pipeline/stages/memory/sfr_file/sfr_file.v",
    "__class__": "Path"
   },
   {
    "name": "/tmp/nvim7ZgnD8/tmp2zzpjpck.v",
    "__class__": "Path"
   },
   {
    "name": "/tmp/nvim7ZgnD8/tmpvxcglawr.v",
    "__class__": "Path"
   },
   {
    "name": "/tmp/nvim7ZgnD8/tmp0980akg1.v",
    "__class__": "Path"
   },
   {
    "name": "/tmp/nvim7ZgnD8/tmpg493k02b.v",
    "__class__": "Path"
   },
   {
    "name": "/tmp/nvim7ZgnD8/tmpfhgr6wcr.v",
    "__class__": "Path"
   },
   {
    "name": "/tmp/nvim7ZgnD8/tmpzepuahbn.v",
    "__class__": "Path"
   },
   {
    "name": "/tmp/nvim7ZgnD8/tmp8vclytca.v",
    "__class__": "Path"
   },
   {
    "name": "/tmp/nvim7ZgnD8/tmpdzug8kv7.v",
    "__class__": "Path"
   },
   {
    "name": "/tmp/nvim7ZgnD8/tmpne4olxsh.v",
    "__class__": "Path"
   },
   {
    "name": "/tmp/nvim7ZgnD8/tmph8vl9sy8.v",
    "__class__": "Path"
   },
   {
    "name": "/tmp/nvim7ZgnD8/tmprx7zz2r0.v",
    "__class__": "Path"
   },
   {
    "name": "/tmp/nvim7ZgnD8/tmp2th3l81x.v",
    "__class__": "Path"
   },
   {
    "name": "/tmp/nvim7ZgnD8/tmpftgsrhdy.v",
    "__class__": "Path"
   },
   {
    "name": "/tmp/nvim7ZgnD8/tmpsdjloh6e.v",
    "__class__": "Path"
   },
   {
    "name": "/tmp/nvim7ZgnD8/tmpvg72qxhm.v",
    "__class__": "Path"
   },
   {
    "name": "/tmp/nvim7ZgnD8/tmpgtpn8ho6.v",
    "__class__": "Path"
   },
   {
    "name": "/tmp/nvim7ZgnD8/tmpryuf94px.v",
    "__class__": "Path"
   },
   {
    "name": "/tmp/nvim7ZgnD8/tmp66ndkaju.v",
    "__class__": "Path"
   },
   {
    "name": "/tmp/nvim7ZgnD8/tmpo5y69rbm.v",
    "__class__": "Path"
   },
   {
    "name": "/tmp/nvim7ZgnD8/tmp9v6zwe7v.v",
    "__class__": "Path"
   },
   {
    "name": "/tmp/nvim7ZgnD8/tmprfoyfbrk.v",
    "__class__": "Path"
   },
   {
    "name": "/tmp/nvim7ZgnD8/tmpx_mfftix.v",
    "__class__": "Path"
   },
   {
    "name": "/tmp/nvim7ZgnD8/tmpfxsvnlmz.v",
    "__class__": "Path"
   },
   {
    "name": "/tmp/nvim7ZgnD8/tmpsn5yk_dh.v",
    "__class__": "Path"
   },
   {
    "name": "/tmp/nvim7ZgnD8/tmpj_lrp5i9.v",
    "__class__": "Path"
   },
   {
    "name": "/tmp/nvim7ZgnD8/tmp85tyrtlu.v",
    "__class__": "Path"
   },
   {
    "name": "/tmp/nvim7ZgnD8/tmpw6pleo_v.v",
    "__class__": "Path"
   },
   {
    "name": "/tmp/nvim7ZgnD8/tmpa6k4cjhn.v",
    "__class__": "Path"
   },
   {
    "name": "/tmp/nvim7ZgnD8/tmp2kyps2pb.v",
    "__class__": "Path"
   },
   {
    "name": "/tmp/nvim7ZgnD8/tmps6t0io5d.v",
    "__class__": "Path"
   },
   {
    "name": "/tmp/nvim7ZgnD8/tmp7w0twucw.v",
    "__class__": "Path"
   },
   {
    "name": "/tmp/nvim7ZgnD8/tmp2_4q85nu.v",
    "__class__": "Path"
   },
   {
    "name": "/tmp/nvim7ZgnD8/tmp5bde0pqm.v",
    "__class__": "Path"
   },
   {
    "name": "/tmp/nvim7ZgnD8/tmp85l_6vua.v",
    "__class__": "Path"
   },
   {
    "name": "/tmp/nvim7ZgnD8/tmpf_njmkvi.v",
    "__class__": "Path"
   },
   {
    "name": "/tmp/nvim7ZgnD8/tmpxk4_byrj.v",
    "__class__": "Path"
   },
   {
    "name": "/tmp/nvim7ZgnD8/tmpicopsaj6.v",
    "__class__": "Path"
   },
   {
    "name": "/tmp/nvim7ZgnD8/tmpuhj9k2gj.v",
    "__class__": "Path"
   },
   {
    "name": "/tmp/nvim7ZgnD8/tmprfron8f1.v",
    "__class__": "Path"
   },
   {
    "name": "/tmp/nvim7ZgnD8/tmpki0dyi8_.v",
    "__class__": "Path"
   },
   {
    "name": "/tmp/nvim7ZgnD8/tmp44rbpxc9.v",
    "__class__": "Path"
   },
   {
    "name": "/tmp/nvim7ZgnD8/tmp2eo7ndc5.v",
    "__class__": "Path"
   },
   {
    "name": "/tmp/nvim7ZgnD8/tmppyov3tcd.v",
    "__class__": "Path"
   },
   {
    "name": "/tmp/nvim7ZgnD8/tmp3xptsm2x.v",
    "__class__": "Path"
   },
   {
    "name": "/tmp/nvim7ZgnD8/tmpiqtd879p.v",
    "__class__": "Path"
   },
   {
    "name": "/tmp/nvim7ZgnD8/tmpwaagd06j.v",
    "__class__": "Path"
   },
   {
    "name": "/tmp/nvim7ZgnD8/tmpuh07j4ys.v",
    "__class__": "Path"
   },
   {
    "name": "/tmp/nvim7ZgnD8/tmpc0ts7ifp.v",
    "__class__": "Path"
   },
   {
    "name": "/tmp/nvim7ZgnD8/tmprac5422c.v",
    "__class__": "Path"
   },
   {
    "name": "/tmp/nvim7ZgnD8/tmps7mo7lii.v",
    "__class__": "Path"
   },
   {
    "name": "/tmp/nvim7ZgnD8/tmpdn3o1t9x.v",
    "__class__": "Path"
   },
   {
    "name": "/tmp/nvim7ZgnD8/tmpu_w__f10.v",
    "__class__": "Path"
   },
   {
    "name": "/tmp/nvim7ZgnD8/tmp2vw3b6kp.v",
    "__class__": "Path"
   },
   {
    "name": "/tmp/nvim7ZgnD8/tmp554o2qr8.v",
    "__class__": "Path"
   },
   {
    "name": "/tmp/nvim7ZgnD8/tmpcjn080ye.v",
    "__class__": "Path"
   },
   {
    "name": "/tmp/nvim7ZgnD8/tmp0g64o4z1.v",
    "__class__": "Path"
   },
   {
    "name": "/tmp/nvim7ZgnD8/tmpf609bwem.v",
    "__class__": "Path"
   },
   {
    "name": "/tmp/nvim7ZgnD8/tmpu9k9ik73.v",
    "__class__": "Path"
   },
   {
    "name": "/tmp/nvim7ZgnD8/tmp627uls8e.v",
    "__class__": "Path"
   },
   {
    "name": "/tmp/nvim7ZgnD8/tmpapth9tlg.v",
    "__class__": "Path"
   },
   {
    "name": "/tmp/nvim7ZgnD8/tmp9cpmeap7.v",
    "__class__": "Path"
   },
   {
    "name": "/tmp/nvim7ZgnD8/tmp0qw5dnae.v",
    "__class__": "Path"
   },
   {
    "name": "/tmp/nvim7ZgnD8/tmpfqx74t7c.v",
    "__class__": "Path"
   },
   {
    "name": "/tmp/nvim7ZgnD8/tmpp93l2ddu.v",
    "__class__": "Path"
   },
   {
    "name": "/tmp/nvim7ZgnD8/tmp2lo1843w.v",
    "__class__": "Path"
   },
   {
    "name": "/tmp/nvim7ZgnD8/tmpf0plji5z.v",
    "__class__": "Path"
   },
   {
    "name": "/tmp/nvim7ZgnD8/tmpl_kd7bms.v",
    "__class__": "Path"
   },
   {
    "name": "/tmp/nvim7ZgnD8/tmps9j58u1a.v",
    "__class__": "Path"
   },
   {
    "name": "/tmp/nvim7ZgnD8/tmpolbm7zq4.v",
    "__class__": "Path"
   },
   {
    "name": "/tmp/nvim7ZgnD8/tmpgwc9rhwo.v",
    "__class__": "Path"
   },
   {
    "name": "/tmp/nvim7ZgnD8/tmp7b9zisx5.v",
    "__class__": "Path"
   },
   {
    "name": "/tmp/nvim7ZgnD8/tmpson9dinw.v",
    "__class__": "Path"
   },
   {
    "name": "/tmp/nvim7ZgnD8/tmp9q70n_w9.v",
    "__class__": "Path"
   },
   {
    "name": "/tmp/nvim7ZgnD8/tmpk2k8wwyw.v",
    "__class__": "Path"
   },
   {
    "name": "/tmp/nvim7ZgnD8/tmp6qsp72av.v",
    "__class__": "Path"
   },
   {
    "name": "/tmp/nvim7ZgnD8/tmpczief3kr.v",
    "__class__": "Path"
   },
   {
    "name": "/tmp/nvim7ZgnD8/tmp9fuf3yms.v",
    "__class__": "Path"
   },
   {
    "name": "/tmp/nvim7ZgnD8/tmpinauhjyg.v",
    "__class__": "Path"
   },
   {
    "name": "/tmp/nvim7ZgnD8/tmpu49or5c0.v",
    "__class__": "Path"
   },
   {
    "name": "/tmp/nvim7ZgnD8/tmp8_9t7aiq.v",
    "__class__": "Path"
   },
   {
    "name": "/tmp/nvim7ZgnD8/tmp02a9y1qh.v",
    "__class__": "Path"
   },
   {
    "name": "/tmp/nvim7ZgnD8/tmpcsn71muv.v",
    "__class__": "Path"
   },
   {
    "name": "/tmp/nvim7ZgnD8/tmpdi8c8gi8.v",
    "__class__": "Path"
   },
   {
    "name": "/tmp/nvim7ZgnD8/tmp0stzj409.v",
    "__class__": "Path"
   },
   {
    "name": "/tmp/nvim7ZgnD8/tmpmx08c6wv.v",
    "__class__": "Path"
   },
   {
    "name": "/tmp/nvim7ZgnD8/tmp76q8im47.v",
    "__class__": "Path"
   },
   {
    "name": "/tmp/nvim7ZgnD8/tmpctfmss9h.v",
    "__class__": "Path"
   },
   {
    "name": "/tmp/nvim7ZgnD8/tmpuuzq_kq6.v",
    "__class__": "Path"
   },
   {
    "name": "/tmp/nvim7ZgnD8/tmpp6em_e3g.v",
    "__class__": "Path"
   },
   {
    "name": "/tmp/nvim7ZgnD8/tmp7s8klphu.v",
    "__class__": "Path"
   },
   {
    "name": "/tmp/nvim7ZgnD8/tmpvwl37wnn.v",
    "__class__": "Path"
   },
   {
    "name": "/tmp/nvim7ZgnD8/tmp0tf_u2jl.v",
    "__class__": "Path"
   },
   {
    "name": "/tmp/nvim7ZgnD8/tmpfupts3u3.v",
    "__class__": "Path"
   },
   {
    "name": "/tmp/nvim7ZgnD8/tmptvpv3k9d.v",
    "__class__": "Path"
   },
   {
    "name": "/tmp/nvim7ZgnD8/tmpo2c4hg2_.v",
    "__class__": "Path"
   },
   {
    "name": "/tmp/nvim7ZgnD8/tmpf6ohusk8.v",
    "__class__": "Path"
   },
   {
    "name": "/tmp/nvim7ZgnD8/tmpcgqeyisw.v",
    "__class__": "Path"
   },
   {
    "name": "/tmp/nvim7ZgnD8/tmpzqz_2k8g.v",
    "__class__": "Path"
   },
   {
    "name": "/tmp/nvim7ZgnD8/tmpi0yp8q4j.v",
    "__class__": "Path"
   },
   {
    "name": "/tmp/nvim7ZgnD8/tmp5dby4w6e.v",
    "__class__": "Path"
   },
   {
    "name": "/tmp/nvim7ZgnD8/tmpu12ysloj.v",
    "__class__": "Path"
   },
   {
    "name": "/tmp/nvim7ZgnD8/tmp4kwmcs9_.v",
    "__class__": "Path"
   },
   {
    "name": "/tmp/nvim7ZgnD8/tmp2yvx7onb.v",
    "__class__": "Path"
   },
   {
    "name": "/tmp/nvim7ZgnD8/tmpwqi52clk.v",
    "__class__": "Path"
   },
   {
    "name": "/tmp/nvim7ZgnD8/tmpzn8e3lte.v",
    "__class__": "Path"
   },
   {
    "name": "/tmp/nvim7ZgnD8/tmpmw4vup8d.v",
    "__class__": "Path"
   },
   {
    "name": "/tmp/nvim7ZgnD8/tmp_x5ie2bi.v",
    "__class__": "Path"
   },
   {
    "name": "/tmp/nvim7ZgnD8/tmpm1rxox9f.v",
    "__class__": "Path"
   },
   {
    "name": "/tmp/nvim7ZgnD8/tmp9bjcilry.v",
    "__class__": "Path"
   },
   {
    "name": "/tmp/nvim7ZgnD8/tmp4yvespzk.v",
    "__class__": "Path"
   },
   {
    "name": "/tmp/nvim7ZgnD8/tmp9qasvy8a.v",
    "__class__": "Path"
   },
   {
    "name": "/tmp/nvim7ZgnD8/tmp8hqows6_.v",
    "__class__": "Path"
   },
   {
    "name": "/tmp/nvim7ZgnD8/tmpaasgnm6b.v",
    "__class__": "Path"
   },
   {
    "name": "/tmp/nvim7ZgnD8/tmpe5j3xab9.v",
    "__class__": "Path"
   },
   {
    "name": "/tmp/nvim7ZgnD8/tmpz141u03o.v",
    "__class__": "Path"
   },
   {
    "name": "/tmp/nvim7ZgnD8/tmpdx88gcbu.v",
    "__class__": "Path"
   },
   {
    "name": "/tmp/nvim7ZgnD8/tmp841rhh44.v",
    "__class__": "Path"
   },
   {
    "name": "/tmp/nvim7ZgnD8/tmpjzhutebh.v",
    "__class__": "Path"
   },
   {
    "name": "/tmp/nvim7ZgnD8/tmp7n7820e6.v",
    "__class__": "Path"
   },
   {
    "name": "/tmp/nvim7ZgnD8/tmpw21tbzwj.v",
    "__class__": "Path"
   },
   {
    "name": "/tmp/nvim7ZgnD8/tmpr3va38vd.v",
    "__class__": "Path"
   },
   {
    "name": "/tmp/nvim7ZgnD8/tmpaqs69e43.v",
    "__class__": "Path"
   },
   {
    "name": "/tmp/nvim7ZgnD8/tmpnitiqem4.v",
    "__class__": "Path"
   },
   {
    "name": "/tmp/nvim7ZgnD8/tmpnwmsusxy.v",
    "__class__": "Path"
   },
   {
    "name": "/tmp/nvim7ZgnD8/tmp4mdi8ect.v",
    "__class__": "Path"
   },
   {
    "name": "/tmp/nvim7ZgnD8/tmpcm9p5j_r.v",
    "__class__": "Path"
   },
   {
    "name": "/tmp/nvim7ZgnD8/tmp7lj2v539.v",
    "__class__": "Path"
   },
   {
    "name": "/tmp/nvim7ZgnD8/tmpt6xcsl4o.v",
    "__class__": "Path"
   },
   {
    "name": "/tmp/nvim7ZgnD8/tmphwwefu2u.v",
    "__class__": "Path"
   },
   {
    "name": "/tmp/nvim7ZgnD8/tmpis0u8i1b.v",
    "__class__": "Path"
   },
   {
    "name": "/tmp/nvim7ZgnD8/tmp1xz4msdr.v",
    "__class__": "Path"
   },
   {
    "name": "/tmp/nvim7ZgnD8/tmpkkuzaxms.v",
    "__class__": "Path"
   },
   {
    "name": "/tmp/nvim7ZgnD8/tmpfv0i8zyy.v",
    "__class__": "Path"
   },
   {
    "name": "/tmp/nvim7ZgnD8/tmp5cefbv5l.v",
    "__class__": "Path"
   },
   {
    "name": "/tmp/nvim7ZgnD8/tmpjswftuza.v",
    "__class__": "Path"
   },
   {
    "name": "/tmp/nvim7ZgnD8/tmp40_n9gg7.v",
    "__class__": "Path"
   },
   {
    "name": "/tmp/nvim7ZgnD8/tmpxgu4nu7k.v",
    "__class__": "Path"
   },
   {
    "name": "/tmp/nvim7ZgnD8/tmpaonbfagv.v",
    "__class__": "Path"
   },
   {
    "name": "/tmp/nvim7ZgnD8/tmpglp2tg8c.v",
    "__class__": "Path"
   },
   {
    "name": "/tmp/nvim7ZgnD8/tmp_2lyhc05.v",
    "__class__": "Path"
   },
   {
    "name": "/tmp/nvim7ZgnD8/tmplmtmgy4z.v",
    "__class__": "Path"
   },
   {
    "name": "/tmp/nvim7ZgnD8/tmpdj_zz552.v",
    "__class__": "Path"
   },
   {
    "name": "/tmp/nvim7ZgnD8/tmpgvd7b_sz.v",
    "__class__": "Path"
   },
   {
    "name": "/tmp/nvim7ZgnD8/tmp5oqvpwbc.v",
    "__class__": "Path"
   },
   {
    "name": "/tmp/nvim7ZgnD8/tmp_j8gseu6.v",
    "__class__": "Path"
   },
   {
    "name": "/tmp/nvim7ZgnD8/tmpo4whzt7n.v",
    "__class__": "Path"
   },
   {
    "name": "/tmp/nvim7ZgnD8/tmprr33623y.v",
    "__class__": "Path"
   },
   {
    "name": "/tmp/nvim7ZgnD8/tmpsoetf9ls.v",
    "__class__": "Path"
   },
   {
    "name": "/tmp/nvim7ZgnD8/tmp06e12wby.v",
    "__class__": "Path"
   },
   {
    "name": "/tmp/nvim7ZgnD8/tmp0l7tsn65.v",
    "__class__": "Path"
   },
   {
    "name": "/tmp/nvim7ZgnD8/tmp2qfsppbv.v",
    "__class__": "Path"
   },
   {
    "name": "/tmp/nvim7ZgnD8/tmpckf8hrow.v",
    "__class__": "Path"
   },
   {
    "name": "/tmp/nvim7ZgnD8/tmpg6qssr8q.v",
    "__class__": "Path"
   },
   {
    "name": "/tmp/nvim7ZgnD8/tmprb_max85.v",
    "__class__": "Path"
   },
   {
    "name": "/tmp/nvim7ZgnD8/tmp78i67n3n.v",
    "__class__": "Path"
   },
   {
    "name": "/tmp/nvim7ZgnD8/tmphbyspzvf.v",
    "__class__": "Path"
   },
   {
    "name": "/tmp/nvim7ZgnD8/tmp2vx79evm.v",
    "__class__": "Path"
   },
   {
    "name": "/tmp/nvim7ZgnD8/tmp9w20of4c.v",
    "__class__": "Path"
   },
   {
    "name": "/tmp/nvim7ZgnD8/tmpjnfgyvpf.v",
    "__class__": "Path"
   },
   {
    "name": "/tmp/nvim7ZgnD8/tmpun3pd7j5.v",
    "__class__": "Path"
   },
   {
    "name": "/tmp/nvim7ZgnD8/tmp8dji3jg9.v",
    "__class__": "Path"
   },
   {
    "name": "/tmp/nvim7ZgnD8/tmpfd8joom6.v",
    "__class__": "Path"
   },
   {
    "name": "/tmp/nvim7ZgnD8/tmpi3flx5am.v",
    "__class__": "Path"
   },
   {
    "name": "/tmp/nvim7ZgnD8/tmpjo8ol8hv.v",
    "__class__": "Path"
   },
   {
    "name": "/tmp/nvim7ZgnD8/tmptyh6qmio.v",
    "__class__": "Path"
   },
   {
    "name": "/tmp/nvim7ZgnD8/tmpvyv40f6r.v",
    "__class__": "Path"
   },
   {
    "name": "/tmp/nvim7ZgnD8/tmp28x8v588.v",
    "__class__": "Path"
   },
   {
    "name": "/tmp/nvim7ZgnD8/tmpqez1z2w2.v",
    "__class__": "Path"
   },
   {
    "name": "/tmp/nvim7ZgnD8/tmpv0_ugu_o.v",
    "__class__": "Path"
   },
   {
    "name": "/tmp/nvim7ZgnD8/tmp5y53ozgy.v",
    "__class__": "Path"
   },
   {
    "name": "/tmp/nvim7ZgnD8/tmpykbty0o3.v",
    "__class__": "Path"
   },
   {
    "name": "/tmp/nvim7ZgnD8/tmp9rqh7805.v",
    "__class__": "Path"
   },
   {
    "name": "/tmp/nvim7ZgnD8/tmp35zbs45y.v",
    "__class__": "Path"
   },
   {
    "name": "/tmp/nvim7ZgnD8/tmp5dkn_c3e.v",
    "__class__": "Path"
   },
   {
    "name": "/tmp/nvim7ZgnD8/tmp7bl7qlkn.v",
    "__class__": "Path"
   },
   {
    "name": "/tmp/nvim7ZgnD8/tmpv1bs9czc.v",
    "__class__": "Path"
   },
   {
    "name": "/tmp/nvim7ZgnD8/tmphitcs887.v",
    "__class__": "Path"
   },
   {
    "name": "/tmp/nvim7ZgnD8/tmp745k4c88.v",
    "__class__": "Path"
   },
   {
    "name": "/tmp/nvim7ZgnD8/tmp6j6wx7hm.v",
    "__class__": "Path"
   },
   {
    "name": "/tmp/nvim7ZgnD8/tmpilo610jm.v",
    "__class__": "Path"
   },
   {
    "name": "/tmp/nvim7ZgnD8/tmp5gblxszw.v",
    "__class__": "Path"
   },
   {
    "name": "/tmp/nvim7ZgnD8/tmpuospngdz.v",
    "__class__": "Path"
   },
   {
    "name": "/tmp/nvim7ZgnD8/tmpy82smtx_.v",
    "__class__": "Path"
   },
   {
    "name": "/tmp/nvim7ZgnD8/tmpw9qiesle.v",
    "__class__": "Path"
   },
   {
    "name": "/tmp/nvim7ZgnD8/tmpce6tba5v.v",
    "__class__": "Path"
   },
   {
    "name": "/tmp/nvim7ZgnD8/tmpsob8bes_.v",
    "__class__": "Path"
   },
   {
    "name": "/tmp/nvim7ZgnD8/tmplw8sqow7.v",
    "__class__": "Path"
   },
   {
    "name": "/tmp/nvim7ZgnD8/tmp9hbyykg1.v",
    "__class__": "Path"
   },
   {
    "name": "/tmp/nvim7ZgnD8/tmpsm9rh7zi.v",
    "__class__": "Path"
   },
   {
    "name": "/tmp/nvim7ZgnD8/tmpcr05oqlk.v",
    "__class__": "Path"
   },
   {
    "name": "/tmp/nvim7ZgnD8/tmp9yk87veu.v",
    "__class__": "Path"
   },
   {
    "name": "/tmp/nvim7ZgnD8/tmpwvao59xj.v",
    "__class__": "Path"
   },
   {
    "name": "/tmp/nvim7ZgnD8/tmp1o1q6qyk.v",
    "__class__": "Path"
   },
   {
    "name": "/tmp/nvim7ZgnD8/tmp1xn_1dz_.v",
    "__class__": "Path"
   },
   {
    "name": "/tmp/nvim7ZgnD8/tmp7bf6h6hu.v",
    "__class__": "Path"
   },
   {
    "name": "/tmp/nvim7ZgnD8/tmpd1kbxtqc.v",
    "__class__": "Path"
   },
   {
    "name": "/tmp/nvim7ZgnD8/tmp9rp8u0_a.v",
    "__class__": "Path"
   },
   {
    "name": "/tmp/nvim7ZgnD8/tmpmw4sxgmq.v",
    "__class__": "Path"
   },
   {
    "name": "/tmp/nvim7ZgnD8/tmpth91j3ob.v",
    "__class__": "Path"
   },
   {
    "name": "/tmp/nvim7ZgnD8/tmp1k56ki6m.v",
    "__class__": "Path"
   },
   {
    "name": "/tmp/nvim7ZgnD8/tmpr5y81etb.v",
    "__class__": "Path"
   },
   {
    "name": "/tmp/nvim7ZgnD8/tmpu584tfyp.v",
    "__class__": "Path"
   }
  ],
  "design_units": [
   {
    "owner": {
     "name": "/home/zww/Documents/College/2022SP/HDL/HdlMicroProcessor/HdlMicroProcessor.srcs/sim/pipeline/stages/memory/sfr_file/sfr_file.v",
     "__class__": "Path"
    },
    "type_": "entity",
    "name": {
     "name": "sfr_file",
     "case_sensitive": true,
     "__class__": "VerilogIdentifier"
    },
    "locations": [
     [
      8,
      7
     ]
    ],
    "__class__": "VerilogDesignUnit"
   },
   {
    "owner": {
     "name": "/tmp/nvim7ZgnD8/tmpwqi52clk.v",
     "__class__": "TemporaryPath"
    },
    "type_": "entity",
    "name": {
     "name": "sfr_file",
     "case_sensitive": true,
     "__class__": "VerilogIdentifier"
    },
    "locations": [
     [
      8,
      7
     ]
    ],
    "__class__": "VerilogDesignUnit"
   }
  ],
  "__class__": "Database"
 },
 "__version__": "0.7.4"
}