{
 "builder": {
  "_version": "<undefined>",
  "_logger": "hdl_checker.builders.fallback",
  "_work_folder": "/home/zww/Documents/College/2022SP/HDL/HdlMicroProcessor/HdlMicroProcessor.srcs/sim/pipeline/registers/.hdl_checker",
  "_builtin_libraries": [],
  "_added_libraries": [
   {
    "name": "default_library",
    "case_sensitive": false,
    "__class__": "Identifier"
   }
  ],
  "__class__": "Fallback"
 },
 "config_file": [
  {
   "name": "/tmp/hdl_checker_project_pid4507.json",
   "__class__": "Path"
  },
  1645065638.7218878,
  "generated"
 ],
 "database": {
  "sources": [
   {
    "path": {
     "name": "/home/zww/Documents/College/2022SP/HDL/HdlMicroProcessor/HdlMicroProcessor.srcs/sim/pipeline/registers/id_ex/id_ex.v",
     "__class__": "Path"
    },
    "mtime": 1644899558.7170095,
    "flags": {
     "source_specific": [],
     "single": [],
     "dependencies": []
    },
    "dependencies": [],
    "diags": []
   },
   {
    "path": {
     "name": "/home/zww/Documents/College/2022SP/HDL/HdlMicroProcessor/HdlMicroProcessor.srcs/sim/pipeline/registers/mem_wb/mem_wb.v",
     "__class__": "Path"
    },
    "mtime": 1644900349.5653296,
    "flags": {
     "source_specific": [],
     "single": [],
     "dependencies": []
    },
    "dependencies": [],
    "diags": []
   },
   {
    "path": {
     "name": "/home/zww/Documents/College/2022SP/HDL/HdlMicroProcessor/HdlMicroProcessor.srcs/sim/pipeline/registers/if_id/if_id.v",
     "__class__": "Path"
    },
    "mtime": 1645064379.4310231,
    "flags": {
     "source_specific": [],
     "single": [],
     "dependencies": []
    },
    "dependencies": [],
    "diags": []
   },
   {
    "path": {
     "name": "/home/zww/Documents/College/2022SP/HDL/HdlMicroProcessor/HdlMicroProcessor.srcs/sim/pipeline/registers/ex_mem/ex_mem.v",
     "__class__": "Path"
    },
    "mtime": 1645132581.2645,
    "flags": {
     "source_specific": [],
     "single": [],
     "dependencies": []
    },
    "dependencies": [],
    "diags": []
   }
  ],
  "inferred_libraries": [
   {
    "name": "/home/zww/Documents/College/2022SP/HDL/HdlMicroProcessor/HdlMicroProcessor.srcs/sim/pipeline/registers/id_ex/id_ex.v",
    "__class__": "Path"
   },
   {
    "name": "/home/zww/Documents/College/2022SP/HDL/HdlMicroProcessor/HdlMicroProcessor.srcs/sim/pipeline/registers/ex_mem/ex_mem.v",
    "__class__": "Path"
   }
  ],
  "design_units": [
   {
    "owner": {
     "name": "/home/zww/Documents/College/2022SP/HDL/HdlMicroProcessor/HdlMicroProcessor.srcs/sim/pipeline/registers/mem_wb/mem_wb.v",
     "__class__": "Path"
    },
    "type_": "entity",
    "name": {
     "name": "mem_wb",
     "case_sensitive": true,
     "__class__": "VerilogIdentifier"
    },
    "locations": [
     [
      7,
      7
     ]
    ],
    "__class__": "VerilogDesignUnit"
   },
   {
    "owner": {
     "name": "/home/zww/Documents/College/2022SP/HDL/HdlMicroProcessor/HdlMicroProcessor.srcs/sim/pipeline/registers/ex_mem/ex_mem.v",
     "__class__": "Path"
    },
    "type_": "entity",
    "name": {
     "name": "ex_mem",
     "case_sensitive": true,
     "__class__": "VerilogIdentifier"
    },
    "locations": [
     [
      7,
      7
     ]
    ],
    "__class__": "VerilogDesignUnit"
   },
   {
    "owner": {
     "name": "/home/zww/Documents/College/2022SP/HDL/HdlMicroProcessor/HdlMicroProcessor.srcs/sim/pipeline/registers/id_ex/id_ex.v",
     "__class__": "Path"
    },
    "type_": "entity",
    "name": {
     "name": "id_ex",
     "case_sensitive": true,
     "__class__": "VerilogIdentifier"
    },
    "locations": [
     [
      7,
      7
     ]
    ],
    "__class__": "VerilogDesignUnit"
   },
   {
    "owner": {
     "name": "/home/zww/Documents/College/2022SP/HDL/HdlMicroProcessor/HdlMicroProcessor.srcs/sim/pipeline/registers/if_id/if_id.v",
     "__class__": "Path"
    },
    "type_": "entity",
    "name": {
     "name": "if_id",
     "case_sensitive": true,
     "__class__": "VerilogIdentifier"
    },
    "locations": [
     [
      11,
      7
     ]
    ],
    "__class__": "VerilogDesignUnit"
   }
  ],
  "__class__": "Database"
 },
 "__version__": "0.7.4"
}