{
 "builder": {
  "_version": "<undefined>",
  "_logger": "hdl_checker.builders.fallback",
  "_work_folder": "/home/zww/Documents/College/2022SP/HDL/HdlMicroProcessor/HdlMicroProcessor.srcs/sim/pipeline/ex_mem/.hdl_checker",
  "_builtin_libraries": [],
  "_added_libraries": [
   {
    "name": "default_library",
    "case_sensitive": false,
    "__class__": "Identifier"
   }
  ],
  "__class__": "Fallback"
 },
 "config_file": [
  {
   "name": "/tmp/hdl_checker_project_pid1126924.json",
   "__class__": "Path"
  },
  1644899598.7169516,
  "generated"
 ],
 "database": {
  "sources": [
   {
    "path": {
     "name": "/home/zww/Documents/College/2022SP/HDL/HdlMicroProcessor/HdlMicroProcessor.srcs/sim/pipeline/ex_mem/ex_mem.v",
     "__class__": "Path"
    },
    "mtime": 1644899990.7428656,
    "flags": {
     "source_specific": [],
     "single": [],
     "dependencies": []
    },
    "dependencies": [],
    "diags": []
   }
  ],
  "inferred_libraries": [
   {
    "name": "/tmp/nvimRtbckh/tmpbz3tjbal.v",
    "__class__": "Path"
   },
   {
    "name": "/tmp/nvim6p7vj0/tmpavk5p6l2.v",
    "__class__": "Path"
   },
   {
    "name": "/tmp/nvimRtbckh/tmpycoqer6v.v",
    "__class__": "Path"
   },
   {
    "name": "/tmp/nvimRtbckh/tmpjlx3546k.v",
    "__class__": "Path"
   },
   {
    "name": "/tmp/nvimRtbckh/tmp3qdjeu_4.v",
    "__class__": "Path"
   },
   {
    "name": "/tmp/nvim6p7vj0/tmpw9vam_24.v",
    "__class__": "Path"
   },
   {
    "name": "/tmp/nvimRtbckh/tmpmwfdw2s2.v",
    "__class__": "Path"
   },
   {
    "name": "/tmp/nvimRtbckh/tmprhus8kbq.v",
    "__class__": "Path"
   },
   {
    "name": "/tmp/nvimRtbckh/tmpzzvdne7z.v",
    "__class__": "Path"
   },
   {
    "name": "/tmp/nvimRtbckh/tmpap_badm1.v",
    "__class__": "Path"
   },
   {
    "name": "/tmp/nvimRtbckh/tmp2t_fph16.v",
    "__class__": "Path"
   },
   {
    "name": "/tmp/nvimRtbckh/tmpy__zhz3x.v",
    "__class__": "Path"
   },
   {
    "name": "/tmp/nvimRtbckh/tmpovcz_48q.v",
    "__class__": "Path"
   },
   {
    "name": "/tmp/nvim6p7vj0/tmprjkvfzdx.v",
    "__class__": "Path"
   },
   {
    "name": "/tmp/nvimRtbckh/tmpve3hbtwy.v",
    "__class__": "Path"
   },
   {
    "name": "/tmp/nvimRtbckh/tmpkjv5u8n4.v",
    "__class__": "Path"
   },
   {
    "name": "/tmp/nvimRtbckh/tmpm0ktmc2d.v",
    "__class__": "Path"
   },
   {
    "name": "/tmp/nvimRtbckh/tmpkogi_yl8.v",
    "__class__": "Path"
   },
   {
    "name": "/tmp/nvimRtbckh/tmpeaafgzy3.v",
    "__class__": "Path"
   },
   {
    "name": "/tmp/nvimRtbckh/tmp_li1kpna.v",
    "__class__": "Path"
   },
   {
    "name": "/tmp/nvimRtbckh/tmpzvj83wwy.v",
    "__class__": "Path"
   },
   {
    "name": "/tmp/nvimRtbckh/tmpjk1ir5oo.v",
    "__class__": "Path"
   },
   {
    "name": "/tmp/nvimRtbckh/tmpabijfs7w.v",
    "__class__": "Path"
   },
   {
    "name": "/tmp/nvimRtbckh/tmpeui28slc.v",
    "__class__": "Path"
   },
   {
    "name": "/tmp/nvim6p7vj0/tmpgcopz29_.v",
    "__class__": "Path"
   },
   {
    "name": "/tmp/nvimRtbckh/tmpme0n6xel.v",
    "__class__": "Path"
   },
   {
    "name": "/tmp/nvimRtbckh/tmpi5hfkg7i.v",
    "__class__": "Path"
   },
   {
    "name": "/tmp/nvimRtbckh/tmps9qxt52_.v",
    "__class__": "Path"
   },
   {
    "name": "/tmp/nvimRtbckh/tmpyx2unm2q.v",
    "__class__": "Path"
   },
   {
    "name": "/tmp/nvim6p7vj0/tmpx41zrumu.v",
    "__class__": "Path"
   },
   {
    "name": "/tmp/nvimRtbckh/tmpkwrknusi.v",
    "__class__": "Path"
   },
   {
    "name": "/tmp/nvimRtbckh/tmpya1t01jw.v",
    "__class__": "Path"
   },
   {
    "name": "/tmp/nvimRtbckh/tmpxy3owg20.v",
    "__class__": "Path"
   },
   {
    "name": "/tmp/nvimRtbckh/tmpdsuuqlmb.v",
    "__class__": "Path"
   },
   {
    "name": "/tmp/nvimRtbckh/tmpvihwmo2k.v",
    "__class__": "Path"
   },
   {
    "name": "/tmp/nvimRtbckh/tmp7z4haeib.v",
    "__class__": "Path"
   },
   {
    "name": "/tmp/nvimRtbckh/tmpjkfqfriy.v",
    "__class__": "Path"
   },
   {
    "name": "/tmp/nvimRtbckh/tmpy_lv57em.v",
    "__class__": "Path"
   },
   {
    "name": "/tmp/nvim6p7vj0/tmppwovq717.v",
    "__class__": "Path"
   },
   {
    "name": "/tmp/nvimRtbckh/tmpn49z0xpp.v",
    "__class__": "Path"
   },
   {
    "name": "/tmp/nvimRtbckh/tmpgcyz8njo.v",
    "__class__": "Path"
   },
   {
    "name": "/tmp/nvimRtbckh/tmpm10fg8ou.v",
    "__class__": "Path"
   },
   {
    "name": "/tmp/nvim6p7vj0/tmpd27yto0z.v",
    "__class__": "Path"
   },
   {
    "name": "/tmp/nvimRtbckh/tmpr3gqn66p.v",
    "__class__": "Path"
   },
   {
    "name": "/tmp/nvimRtbckh/tmpagzhusg6.v",
    "__class__": "Path"
   },
   {
    "name": "/tmp/nvimRtbckh/tmplcpg1dfz.v",
    "__class__": "Path"
   },
   {
    "name": "/tmp/nvimRtbckh/tmpxzo01kje.v",
    "__class__": "Path"
   },
   {
    "name": "/tmp/nvimRtbckh/tmpa_9dfewm.v",
    "__class__": "Path"
   },
   {
    "name": "/tmp/nvim6p7vj0/tmpjyfus41h.v",
    "__class__": "Path"
   },
   {
    "name": "/tmp/nvimRtbckh/tmp5r29tct4.v",
    "__class__": "Path"
   },
   {
    "name": "/tmp/nvimRtbckh/tmpc1maqjxk.v",
    "__class__": "Path"
   },
   {
    "name": "/tmp/nvimRtbckh/tmpe3c69xk8.v",
    "__class__": "Path"
   },
   {
    "name": "/tmp/nvimRtbckh/tmp65m4evbh.v",
    "__class__": "Path"
   },
   {
    "name": "/tmp/nvim6p7vj0/tmpk16i_kqr.v",
    "__class__": "Path"
   },
   {
    "name": "/tmp/nvimRtbckh/tmpjx8gk6n9.v",
    "__class__": "Path"
   },
   {
    "name": "/tmp/nvimRtbckh/tmpdnnk1tl4.v",
    "__class__": "Path"
   },
   {
    "name": "/tmp/nvimRtbckh/tmpxguw1c_7.v",
    "__class__": "Path"
   },
   {
    "name": "/tmp/nvimRtbckh/tmpe23dr5ax.v",
    "__class__": "Path"
   },
   {
    "name": "/tmp/nvimRtbckh/tmpkfet5okx.v",
    "__class__": "Path"
   },
   {
    "name": "/tmp/nvim6p7vj0/tmpiwpgaa1g.v",
    "__class__": "Path"
   },
   {
    "name": "/tmp/nvimRtbckh/tmp3um8yoq0.v",
    "__class__": "Path"
   },
   {
    "name": "/tmp/nvim6p7vj0/tmpz12zkfe8.v",
    "__class__": "Path"
   },
   {
    "name": "/tmp/nvim6p7vj0/tmp8zhs3wa0.v",
    "__class__": "Path"
   },
   {
    "name": "/tmp/nvimRtbckh/tmp1dhjj9at.v",
    "__class__": "Path"
   },
   {
    "name": "/tmp/nvimRtbckh/tmptx0qwv1v.v",
    "__class__": "Path"
   },
   {
    "name": "/tmp/nvimRtbckh/tmp26cpytv0.v",
    "__class__": "Path"
   },
   {
    "name": "/tmp/nvimRtbckh/tmp0xm5q6zw.v",
    "__class__": "Path"
   },
   {
    "name": "/tmp/nvimRtbckh/tmp8ohgf8k4.v",
    "__class__": "Path"
   },
   {
    "name": "/tmp/nvimRtbckh/tmpgcpatvb2.v",
    "__class__": "Path"
   },
   {
    "name": "/tmp/nvimRtbckh/tmps_ca1rgx.v",
    "__class__": "Path"
   },
   {
    "name": "/tmp/nvimRtbckh/tmpjtml_ybj.v",
    "__class__": "Path"
   },
   {
    "name": "/tmp/nvimRtbckh/tmp_ufioejb.v",
    "__class__": "Path"
   },
   {
    "name": "/tmp/nvim6p7vj0/tmpg7fvx4uk.v",
    "__class__": "Path"
   },
   {
    "name": "/tmp/nvimRtbckh/tmpx_awvsbu.v",
    "__class__": "Path"
   },
   {
    "name": "/tmp/nvimRtbckh/tmpo210y0k3.v",
    "__class__": "Path"
   },
   {
    "name": "/tmp/nvimRtbckh/tmp06z55fqh.v",
    "__class__": "Path"
   },
   {
    "name": "/tmp/nvim6p7vj0/tmpahekzvsh.v",
    "__class__": "Path"
   },
   {
    "name": "/tmp/nvimRtbckh/tmp5eduqluo.v",
    "__class__": "Path"
   },
   {
    "name": "/tmp/nvimRtbckh/tmpmfyjth9g.v",
    "__class__": "Path"
   },
   {
    "name": "/tmp/nvimRtbckh/tmpm1zk93nm.v",
    "__class__": "Path"
   },
   {
    "name": "/tmp/nvimRtbckh/tmp9ywmam6m.v",
    "__class__": "Path"
   },
   {
    "name": "/tmp/nvimRtbckh/tmp_b8__w2s.v",
    "__class__": "Path"
   },
   {
    "name": "/tmp/nvimRtbckh/tmphubbh67w.v",
    "__class__": "Path"
   },
   {
    "name": "/tmp/nvimRtbckh/tmpeh1w5eq2.v",
    "__class__": "Path"
   },
   {
    "name": "/tmp/nvimRtbckh/tmpj03nlaro.v",
    "__class__": "Path"
   },
   {
    "name": "/tmp/nvimRtbckh/tmpxdrgohtf.v",
    "__class__": "Path"
   },
   {
    "name": "/tmp/nvimRtbckh/tmps0lz2upt.v",
    "__class__": "Path"
   },
   {
    "name": "/tmp/nvimRtbckh/tmplrcisre8.v",
    "__class__": "Path"
   },
   {
    "name": "/tmp/nvimRtbckh/tmpjruxsvrq.v",
    "__class__": "Path"
   },
   {
    "name": "/tmp/nvimRtbckh/tmpdp6c1kcz.v",
    "__class__": "Path"
   },
   {
    "name": "/tmp/nvimRtbckh/tmppc3czben.v",
    "__class__": "Path"
   },
   {
    "name": "/tmp/nvimRtbckh/tmpxxmdo_x2.v",
    "__class__": "Path"
   },
   {
    "name": "/tmp/nvimRtbckh/tmpluc1y2gq.v",
    "__class__": "Path"
   },
   {
    "name": "/tmp/nvim6p7vj0/tmp8tj4ewt1.v",
    "__class__": "Path"
   },
   {
    "name": "/tmp/nvimRtbckh/tmpumrcdepu.v",
    "__class__": "Path"
   },
   {
    "name": "/tmp/nvimRtbckh/tmpeo_gbwte.v",
    "__class__": "Path"
   },
   {
    "name": "/tmp/nvimRtbckh/tmpti0pgqh6.v",
    "__class__": "Path"
   },
   {
    "name": "/tmp/nvimRtbckh/tmp2gp8jq27.v",
    "__class__": "Path"
   },
   {
    "name": "/tmp/nvimRtbckh/tmpusu5q7i9.v",
    "__class__": "Path"
   },
   {
    "name": "/tmp/nvimRtbckh/tmpoqvdl1n3.v",
    "__class__": "Path"
   },
   {
    "name": "/tmp/nvimRtbckh/tmp5_8ezwtv.v",
    "__class__": "Path"
   },
   {
    "name": "/tmp/nvimRtbckh/tmp73lkatpt.v",
    "__class__": "Path"
   },
   {
    "name": "/tmp/nvimRtbckh/tmpuxal5wpz.v",
    "__class__": "Path"
   },
   {
    "name": "/tmp/nvimRtbckh/tmpf6x9klq6.v",
    "__class__": "Path"
   },
   {
    "name": "/tmp/nvimRtbckh/tmpmc5o69sy.v",
    "__class__": "Path"
   },
   {
    "name": "/tmp/nvimRtbckh/tmp52mpi5qc.v",
    "__class__": "Path"
   },
   {
    "name": "/tmp/nvimRtbckh/tmpviiuz5s1.v",
    "__class__": "Path"
   },
   {
    "name": "/tmp/nvimRtbckh/tmpuv5zgll7.v",
    "__class__": "Path"
   },
   {
    "name": "/tmp/nvimRtbckh/tmpfk5vpul3.v",
    "__class__": "Path"
   },
   {
    "name": "/tmp/nvimRtbckh/tmp6bfspj_r.v",
    "__class__": "Path"
   },
   {
    "name": "/tmp/nvim6p7vj0/tmp1izuyr9b.v",
    "__class__": "Path"
   },
   {
    "name": "/tmp/nvimRtbckh/tmpnvvngco7.v",
    "__class__": "Path"
   },
   {
    "name": "/tmp/nvimRtbckh/tmpz6yjfofd.v",
    "__class__": "Path"
   },
   {
    "name": "/tmp/nvimRtbckh/tmpwlgna3xz.v",
    "__class__": "Path"
   },
   {
    "name": "/tmp/nvimRtbckh/tmppbvozkcq.v",
    "__class__": "Path"
   },
   {
    "name": "/tmp/nvimRtbckh/tmpna_46iv0.v",
    "__class__": "Path"
   },
   {
    "name": "/tmp/nvimRtbckh/tmpk8as3yt4.v",
    "__class__": "Path"
   },
   {
    "name": "/tmp/nvimRtbckh/tmpm224ew05.v",
    "__class__": "Path"
   },
   {
    "name": "/tmp/nvimRtbckh/tmp76jamtu3.v",
    "__class__": "Path"
   },
   {
    "name": "/tmp/nvimRtbckh/tmpftblh3i4.v",
    "__class__": "Path"
   },
   {
    "name": "/tmp/nvim6p7vj0/tmpd4c6_ikb.v",
    "__class__": "Path"
   },
   {
    "name": "/tmp/nvim6p7vj0/tmpflr062gl.v",
    "__class__": "Path"
   },
   {
    "name": "/tmp/nvimRtbckh/tmpw0ngrbz2.v",
    "__class__": "Path"
   },
   {
    "name": "/tmp/nvimRtbckh/tmpgajtlntj.v",
    "__class__": "Path"
   },
   {
    "name": "/tmp/nvimRtbckh/tmpebtaoh4v.v",
    "__class__": "Path"
   },
   {
    "name": "/tmp/nvimRtbckh/tmpug8797td.v",
    "__class__": "Path"
   },
   {
    "name": "/tmp/nvimRtbckh/tmpgb4k57fp.v",
    "__class__": "Path"
   },
   {
    "name": "/tmp/nvimRtbckh/tmpupv13xzv.v",
    "__class__": "Path"
   },
   {
    "name": "/home/zww/Documents/College/2022SP/HDL/HdlMicroProcessor/HdlMicroProcessor.srcs/sim/pipeline/ex_mem/ex_mem.v",
    "__class__": "Path"
   },
   {
    "name": "/tmp/nvimRtbckh/tmpjn5er4jc.v",
    "__class__": "Path"
   },
   {
    "name": "/tmp/nvimRtbckh/tmpjxy5z4w4.v",
    "__class__": "Path"
   },
   {
    "name": "/tmp/nvimRtbckh/tmpl8_wr5mk.v",
    "__class__": "Path"
   },
   {
    "name": "/tmp/nvimRtbckh/tmp58qbub4j.v",
    "__class__": "Path"
   },
   {
    "name": "/tmp/nvimRtbckh/tmp3fzpgyc9.v",
    "__class__": "Path"
   },
   {
    "name": "/tmp/nvimRtbckh/tmp3j02wy5p.v",
    "__class__": "Path"
   },
   {
    "name": "/tmp/nvimRtbckh/tmp7k2_4vvy.v",
    "__class__": "Path"
   },
   {
    "name": "/tmp/nvimRtbckh/tmpxnmhtt0j.v",
    "__class__": "Path"
   },
   {
    "name": "/tmp/nvimRtbckh/tmp_82mh613.v",
    "__class__": "Path"
   },
   {
    "name": "/tmp/nvimRtbckh/tmpu99_4tzy.v",
    "__class__": "Path"
   },
   {
    "name": "/tmp/nvimRtbckh/tmp8iud69yj.v",
    "__class__": "Path"
   },
   {
    "name": "/tmp/nvimRtbckh/tmprk3jit1d.v",
    "__class__": "Path"
   },
   {
    "name": "/tmp/nvimRtbckh/tmpcqq4ehf3.v",
    "__class__": "Path"
   },
   {
    "name": "/tmp/nvimRtbckh/tmpv9e5jwkv.v",
    "__class__": "Path"
   },
   {
    "name": "/tmp/nvimRtbckh/tmpqznxm63z.v",
    "__class__": "Path"
   },
   {
    "name": "/tmp/nvimRtbckh/tmp8_4_yyyq.v",
    "__class__": "Path"
   },
   {
    "name": "/tmp/nvimRtbckh/tmpn_f9w1e3.v",
    "__class__": "Path"
   },
   {
    "name": "/tmp/nvimRtbckh/tmpboe0czrb.v",
    "__class__": "Path"
   },
   {
    "name": "/tmp/nvimRtbckh/tmp81vnpsy6.v",
    "__class__": "Path"
   },
   {
    "name": "/tmp/nvimRtbckh/tmpt3wyp_k2.v",
    "__class__": "Path"
   },
   {
    "name": "/tmp/nvimRtbckh/tmpbhvxk9vf.v",
    "__class__": "Path"
   },
   {
    "name": "/tmp/nvimRtbckh/tmpibm0oz0r.v",
    "__class__": "Path"
   },
   {
    "name": "/tmp/nvimRtbckh/tmpevnoeoit.v",
    "__class__": "Path"
   },
   {
    "name": "/tmp/nvimRtbckh/tmppz5npbtd.v",
    "__class__": "Path"
   },
   {
    "name": "/tmp/nvimRtbckh/tmp9fvwnr4b.v",
    "__class__": "Path"
   },
   {
    "name": "/tmp/nvimRtbckh/tmpbke7j6ea.v",
    "__class__": "Path"
   },
   {
    "name": "/tmp/nvimRtbckh/tmpmbar_e1i.v",
    "__class__": "Path"
   },
   {
    "name": "/tmp/nvimRtbckh/tmpbisso84e.v",
    "__class__": "Path"
   },
   {
    "name": "/tmp/nvimRtbckh/tmpuafes2k0.v",
    "__class__": "Path"
   },
   {
    "name": "/tmp/nvimRtbckh/tmp66jibsbb.v",
    "__class__": "Path"
   },
   {
    "name": "/tmp/nvim6p7vj0/tmp2zoyui48.v",
    "__class__": "Path"
   },
   {
    "name": "/tmp/nvimRtbckh/tmpx27aoc7d.v",
    "__class__": "Path"
   },
   {
    "name": "/tmp/nvimRtbckh/tmp9wjw7e4l.v",
    "__class__": "Path"
   },
   {
    "name": "/tmp/nvimRtbckh/tmpi1ernwhf.v",
    "__class__": "Path"
   },
   {
    "name": "/tmp/nvimRtbckh/tmpbkgmzlql.v",
    "__class__": "Path"
   },
   {
    "name": "/tmp/nvim6p7vj0/tmp4g6fcmlk.v",
    "__class__": "Path"
   },
   {
    "name": "/tmp/nvimRtbckh/tmplrfzcvfc.v",
    "__class__": "Path"
   },
   {
    "name": "/tmp/nvimRtbckh/tmppjpeo_fi.v",
    "__class__": "Path"
   },
   {
    "name": "/tmp/nvimRtbckh/tmp_ekf_ox4.v",
    "__class__": "Path"
   },
   {
    "name": "/tmp/nvimRtbckh/tmpwanndtpq.v",
    "__class__": "Path"
   },
   {
    "name": "/tmp/nvimRtbckh/tmpm9laxvnu.v",
    "__class__": "Path"
   },
   {
    "name": "/tmp/nvimRtbckh/tmp8je0atz4.v",
    "__class__": "Path"
   },
   {
    "name": "/tmp/nvimRtbckh/tmpsvr52y2h.v",
    "__class__": "Path"
   },
   {
    "name": "/tmp/nvimRtbckh/tmp7deupgaz.v",
    "__class__": "Path"
   },
   {
    "name": "/tmp/nvim6p7vj0/tmp8jp_jpxt.v",
    "__class__": "Path"
   },
   {
    "name": "/tmp/nvimRtbckh/tmpy7185l0k.v",
    "__class__": "Path"
   },
   {
    "name": "/tmp/nvimRtbckh/tmp_rno5op2.v",
    "__class__": "Path"
   },
   {
    "name": "/tmp/nvimRtbckh/tmpl897hplx.v",
    "__class__": "Path"
   },
   {
    "name": "/tmp/nvim6p7vj0/tmpcccyhema.v",
    "__class__": "Path"
   },
   {
    "name": "/tmp/nvimRtbckh/tmpbjndyfn5.v",
    "__class__": "Path"
   },
   {
    "name": "/tmp/nvimRtbckh/tmphi175l6i.v",
    "__class__": "Path"
   },
   {
    "name": "/tmp/nvimRtbckh/tmphfze2fdz.v",
    "__class__": "Path"
   },
   {
    "name": "/tmp/nvimRtbckh/tmpfeu5usgy.v",
    "__class__": "Path"
   },
   {
    "name": "/tmp/nvimRtbckh/tmp4yhdmfz_.v",
    "__class__": "Path"
   },
   {
    "name": "/tmp/nvimRtbckh/tmp3o6gd72r.v",
    "__class__": "Path"
   },
   {
    "name": "/tmp/nvimRtbckh/tmppl5atzxd.v",
    "__class__": "Path"
   },
   {
    "name": "/tmp/nvimRtbckh/tmps1biqrnd.v",
    "__class__": "Path"
   },
   {
    "name": "/tmp/nvimRtbckh/tmpa3bv94lf.v",
    "__class__": "Path"
   },
   {
    "name": "/tmp/nvim6p7vj0/tmpjbecb976.v",
    "__class__": "Path"
   },
   {
    "name": "/tmp/nvimRtbckh/tmpu1v0j13w.v",
    "__class__": "Path"
   },
   {
    "name": "/tmp/nvimRtbckh/tmpn2vh1ufl.v",
    "__class__": "Path"
   },
   {
    "name": "/tmp/nvimRtbckh/tmpd4yub5w6.v",
    "__class__": "Path"
   },
   {
    "name": "/tmp/nvim6p7vj0/tmp4khbt_eb.v",
    "__class__": "Path"
   },
   {
    "name": "/tmp/nvimRtbckh/tmpit244tl2.v",
    "__class__": "Path"
   },
   {
    "name": "/tmp/nvimRtbckh/tmpph3fqd_y.v",
    "__class__": "Path"
   },
   {
    "name": "/tmp/nvimRtbckh/tmp26oqmosc.v",
    "__class__": "Path"
   },
   {
    "name": "/tmp/nvimRtbckh/tmp1ra6sr4s.v",
    "__class__": "Path"
   },
   {
    "name": "/tmp/nvimRtbckh/tmphuu2l0jf.v",
    "__class__": "Path"
   },
   {
    "name": "/tmp/nvim6p7vj0/tmp8oufujay.v",
    "__class__": "Path"
   },
   {
    "name": "/tmp/nvimRtbckh/tmpjblc12xc.v",
    "__class__": "Path"
   },
   {
    "name": "/tmp/nvimRtbckh/tmp6bv4o97i.v",
    "__class__": "Path"
   },
   {
    "name": "/tmp/nvimRtbckh/tmp5xdbbgk4.v",
    "__class__": "Path"
   },
   {
    "name": "/tmp/nvimRtbckh/tmpp4j_4n1v.v",
    "__class__": "Path"
   },
   {
    "name": "/tmp/nvim6p7vj0/tmp5rqxvu9k.v",
    "__class__": "Path"
   },
   {
    "name": "/tmp/nvimRtbckh/tmpk04ifwxp.v",
    "__class__": "Path"
   },
   {
    "name": "/tmp/nvimRtbckh/tmpmw5jcjy3.v",
    "__class__": "Path"
   },
   {
    "name": "/tmp/nvimRtbckh/tmp4tk_l1vc.v",
    "__class__": "Path"
   },
   {
    "name": "/tmp/nvimRtbckh/tmp4ukai8zo.v",
    "__class__": "Path"
   },
   {
    "name": "/tmp/nvimRtbckh/tmpe8ua2k4g.v",
    "__class__": "Path"
   },
   {
    "name": "/tmp/nvim6p7vj0/tmpws3juj3u.v",
    "__class__": "Path"
   },
   {
    "name": "/tmp/nvim6p7vj0/tmpa28_6uxo.v",
    "__class__": "Path"
   },
   {
    "name": "/tmp/nvimRtbckh/tmp0fvc1zi8.v",
    "__class__": "Path"
   },
   {
    "name": "/tmp/nvim6p7vj0/tmpg797zu4h.v",
    "__class__": "Path"
   },
   {
    "name": "/tmp/nvim6p7vj0/tmp4zw66uce.v",
    "__class__": "Path"
   },
   {
    "name": "/tmp/nvimRtbckh/tmp8e98qw3d.v",
    "__class__": "Path"
   },
   {
    "name": "/tmp/nvimRtbckh/tmp_vesgx82.v",
    "__class__": "Path"
   },
   {
    "name": "/tmp/nvimRtbckh/tmpk_sv_t12.v",
    "__class__": "Path"
   },
   {
    "name": "/tmp/nvim6p7vj0/tmp2ajmrja6.v",
    "__class__": "Path"
   },
   {
    "name": "/tmp/nvim6p7vj0/tmp6mavnl9t.v",
    "__class__": "Path"
   },
   {
    "name": "/tmp/nvimRtbckh/tmpyxbtynba.v",
    "__class__": "Path"
   },
   {
    "name": "/tmp/nvimRtbckh/tmp483gbqvg.v",
    "__class__": "Path"
   },
   {
    "name": "/tmp/nvimRtbckh/tmp2phz34sl.v",
    "__class__": "Path"
   },
   {
    "name": "/tmp/nvimRtbckh/tmp8zap_gak.v",
    "__class__": "Path"
   },
   {
    "name": "/tmp/nvimRtbckh/tmp4fhdg334.v",
    "__class__": "Path"
   },
   {
    "name": "/tmp/nvimRtbckh/tmpsdaesvdv.v",
    "__class__": "Path"
   },
   {
    "name": "/tmp/nvim6p7vj0/tmpyp_s32ed.v",
    "__class__": "Path"
   },
   {
    "name": "/tmp/nvimRtbckh/tmpvkbei7je.v",
    "__class__": "Path"
   },
   {
    "name": "/tmp/nvimRtbckh/tmpr30l7jr6.v",
    "__class__": "Path"
   },
   {
    "name": "/tmp/nvimRtbckh/tmp2c4kdktb.v",
    "__class__": "Path"
   },
   {
    "name": "/tmp/nvim6p7vj0/tmp7mvfoqef.v",
    "__class__": "Path"
   },
   {
    "name": "/tmp/nvim6p7vj0/tmpaom48lxv.v",
    "__class__": "Path"
   },
   {
    "name": "/tmp/nvim6p7vj0/tmp1_yzyuba.v",
    "__class__": "Path"
   },
   {
    "name": "/tmp/nvimRtbckh/tmpm9k2gcm9.v",
    "__class__": "Path"
   },
   {
    "name": "/tmp/nvimRtbckh/tmp1l355bnx.v",
    "__class__": "Path"
   },
   {
    "name": "/tmp/nvimRtbckh/tmp86973yt8.v",
    "__class__": "Path"
   },
   {
    "name": "/tmp/nvimRtbckh/tmp_7ab0_3u.v",
    "__class__": "Path"
   },
   {
    "name": "/tmp/nvim6p7vj0/tmpk_lcxy6p.v",
    "__class__": "Path"
   },
   {
    "name": "/tmp/nvimRtbckh/tmp0qqgpego.v",
    "__class__": "Path"
   },
   {
    "name": "/tmp/nvimRtbckh/tmpubrset74.v",
    "__class__": "Path"
   },
   {
    "name": "/tmp/nvimRtbckh/tmps6ap6w_h.v",
    "__class__": "Path"
   },
   {
    "name": "/tmp/nvimRtbckh/tmpc3e1rw6g.v",
    "__class__": "Path"
   },
   {
    "name": "/tmp/nvimRtbckh/tmp39h1m5j6.v",
    "__class__": "Path"
   },
   {
    "name": "/tmp/nvimRtbckh/tmpeyxltcuu.v",
    "__class__": "Path"
   },
   {
    "name": "/tmp/nvimRtbckh/tmpckbi_u60.v",
    "__class__": "Path"
   },
   {
    "name": "/tmp/nvimRtbckh/tmp2cnm0w_9.v",
    "__class__": "Path"
   },
   {
    "name": "/tmp/nvimRtbckh/tmp4bwrjurh.v",
    "__class__": "Path"
   },
   {
    "name": "/tmp/nvim6p7vj0/tmpx7cpc9dd.v",
    "__class__": "Path"
   },
   {
    "name": "/tmp/nvimRtbckh/tmpqzs8zraz.v",
    "__class__": "Path"
   },
   {
    "name": "/tmp/nvimRtbckh/tmplrv0jfrp.v",
    "__class__": "Path"
   },
   {
    "name": "/tmp/nvimRtbckh/tmpu1m9mjyw.v",
    "__class__": "Path"
   },
   {
    "name": "/tmp/nvimRtbckh/tmphcv4oqrd.v",
    "__class__": "Path"
   },
   {
    "name": "/tmp/nvimRtbckh/tmpv7ymea_7.v",
    "__class__": "Path"
   },
   {
    "name": "/tmp/nvimRtbckh/tmpt0lpkcnq.v",
    "__class__": "Path"
   },
   {
    "name": "/tmp/nvimRtbckh/tmp0kkc7sxd.v",
    "__class__": "Path"
   },
   {
    "name": "/tmp/nvimRtbckh/tmpohgmp424.v",
    "__class__": "Path"
   },
   {
    "name": "/tmp/nvimRtbckh/tmpbusrwx8_.v",
    "__class__": "Path"
   },
   {
    "name": "/tmp/nvimRtbckh/tmpt3drmn7v.v",
    "__class__": "Path"
   },
   {
    "name": "/tmp/nvim6p7vj0/tmpaf3pwm2w.v",
    "__class__": "Path"
   },
   {
    "name": "/tmp/nvimRtbckh/tmpgkw81v3_.v",
    "__class__": "Path"
   },
   {
    "name": "/tmp/nvimRtbckh/tmpfuznv_4x.v",
    "__class__": "Path"
   },
   {
    "name": "/tmp/nvimRtbckh/tmpdwclhkj7.v",
    "__class__": "Path"
   },
   {
    "name": "/tmp/nvimRtbckh/tmpsbnvcsel.v",
    "__class__": "Path"
   },
   {
    "name": "/tmp/nvimRtbckh/tmpigmbzo1f.v",
    "__class__": "Path"
   },
   {
    "name": "/tmp/nvimRtbckh/tmpezg230c9.v",
    "__class__": "Path"
   },
   {
    "name": "/tmp/nvimRtbckh/tmpdo9e42lv.v",
    "__class__": "Path"
   },
   {
    "name": "/tmp/nvim6p7vj0/tmpf1wrmvtp.v",
    "__class__": "Path"
   },
   {
    "name": "/tmp/nvimRtbckh/tmpmspp5_di.v",
    "__class__": "Path"
   },
   {
    "name": "/tmp/nvimRtbckh/tmp8i58gu_d.v",
    "__class__": "Path"
   },
   {
    "name": "/tmp/nvimRtbckh/tmpnny6tv9y.v",
    "__class__": "Path"
   },
   {
    "name": "/tmp/nvimRtbckh/tmpqumnup2t.v",
    "__class__": "Path"
   },
   {
    "name": "/tmp/nvimRtbckh/tmpw924k3ei.v",
    "__class__": "Path"
   },
   {
    "name": "/tmp/nvimRtbckh/tmpd0f0wdea.v",
    "__class__": "Path"
   },
   {
    "name": "/tmp/nvimRtbckh/tmpciqujurb.v",
    "__class__": "Path"
   },
   {
    "name": "/tmp/nvimRtbckh/tmpr5l082m4.v",
    "__class__": "Path"
   },
   {
    "name": "/tmp/nvimRtbckh/tmpl40svwwz.v",
    "__class__": "Path"
   },
   {
    "name": "/tmp/nvimRtbckh/tmpo2_skiv_.v",
    "__class__": "Path"
   },
   {
    "name": "/tmp/nvim6p7vj0/tmpmiaduzxi.v",
    "__class__": "Path"
   },
   {
    "name": "/tmp/nvimRtbckh/tmpft169020.v",
    "__class__": "Path"
   },
   {
    "name": "/tmp/nvimRtbckh/tmpva7aya4d.v",
    "__class__": "Path"
   },
   {
    "name": "/tmp/nvimRtbckh/tmphruvr9c1.v",
    "__class__": "Path"
   },
   {
    "name": "/tmp/nvimRtbckh/tmpewy0coz7.v",
    "__class__": "Path"
   },
   {
    "name": "/tmp/nvimRtbckh/tmph0xr8ctl.v",
    "__class__": "Path"
   },
   {
    "name": "/tmp/nvimRtbckh/tmpsmm8jsvz.v",
    "__class__": "Path"
   },
   {
    "name": "/tmp/nvimRtbckh/tmp22cj_6hk.v",
    "__class__": "Path"
   },
   {
    "name": "/tmp/nvimRtbckh/tmphgvwmqxn.v",
    "__class__": "Path"
   },
   {
    "name": "/tmp/nvimRtbckh/tmput5n0w2s.v",
    "__class__": "Path"
   },
   {
    "name": "/tmp/nvimRtbckh/tmpssuuk27r.v",
    "__class__": "Path"
   },
   {
    "name": "/tmp/nvimRtbckh/tmpd8mi72ht.v",
    "__class__": "Path"
   },
   {
    "name": "/tmp/nvimRtbckh/tmpsbjack65.v",
    "__class__": "Path"
   },
   {
    "name": "/tmp/nvimRtbckh/tmp7glkkq_6.v",
    "__class__": "Path"
   },
   {
    "name": "/tmp/nvimRtbckh/tmplrwp9_nh.v",
    "__class__": "Path"
   },
   {
    "name": "/tmp/nvimRtbckh/tmps36e60_s.v",
    "__class__": "Path"
   },
   {
    "name": "/tmp/nvimRtbckh/tmp6ezaelf5.v",
    "__class__": "Path"
   },
   {
    "name": "/tmp/nvimRtbckh/tmpcrp7t2jz.v",
    "__class__": "Path"
   },
   {
    "name": "/tmp/nvimRtbckh/tmp7h2zmf06.v",
    "__class__": "Path"
   },
   {
    "name": "/tmp/nvimRtbckh/tmpimqnf1kb.v",
    "__class__": "Path"
   },
   {
    "name": "/tmp/nvimRtbckh/tmpmsk80jlt.v",
    "__class__": "Path"
   },
   {
    "name": "/tmp/nvimRtbckh/tmp8x_uukin.v",
    "__class__": "Path"
   },
   {
    "name": "/tmp/nvim6p7vj0/tmpp3nytdc6.v",
    "__class__": "Path"
   },
   {
    "name": "/tmp/nvimRtbckh/tmpayojh22b.v",
    "__class__": "Path"
   },
   {
    "name": "/tmp/nvimRtbckh/tmpstty9ibv.v",
    "__class__": "Path"
   },
   {
    "name": "/tmp/nvimRtbckh/tmp94a882kv.v",
    "__class__": "Path"
   },
   {
    "name": "/tmp/nvimRtbckh/tmp2hipw8hl.v",
    "__class__": "Path"
   },
   {
    "name": "/tmp/nvimRtbckh/tmpm94qsarl.v",
    "__class__": "Path"
   },
   {
    "name": "/tmp/nvimRtbckh/tmp6wbehe79.v",
    "__class__": "Path"
   },
   {
    "name": "/tmp/nvimRtbckh/tmpieeg403x.v",
    "__class__": "Path"
   },
   {
    "name": "/tmp/nvimRtbckh/tmpr3rf6cci.v",
    "__class__": "Path"
   },
   {
    "name": "/tmp/nvimRtbckh/tmpxbil_drc.v",
    "__class__": "Path"
   },
   {
    "name": "/tmp/nvimRtbckh/tmpoki_zax5.v",
    "__class__": "Path"
   },
   {
    "name": "/tmp/nvimRtbckh/tmpudxmntmf.v",
    "__class__": "Path"
   },
   {
    "name": "/tmp/nvimRtbckh/tmpassb9y0r.v",
    "__class__": "Path"
   },
   {
    "name": "/tmp/nvimRtbckh/tmp6wyjxv0k.v",
    "__class__": "Path"
   },
   {
    "name": "/tmp/nvimRtbckh/tmpb013rl7_.v",
    "__class__": "Path"
   },
   {
    "name": "/tmp/nvimRtbckh/tmp08ahnf2r.v",
    "__class__": "Path"
   },
   {
    "name": "/tmp/nvimRtbckh/tmpm78xm6vz.v",
    "__class__": "Path"
   },
   {
    "name": "/tmp/nvimRtbckh/tmpmv9_nlaz.v",
    "__class__": "Path"
   },
   {
    "name": "/tmp/nvimRtbckh/tmper9hm345.v",
    "__class__": "Path"
   },
   {
    "name": "/tmp/nvimRtbckh/tmpgkfab6bg.v",
    "__class__": "Path"
   },
   {
    "name": "/tmp/nvim6p7vj0/tmp5_vtod2c.v",
    "__class__": "Path"
   },
   {
    "name": "/tmp/nvimRtbckh/tmp5l2g8r4l.v",
    "__class__": "Path"
   },
   {
    "name": "/tmp/nvimRtbckh/tmp85czmy9p.v",
    "__class__": "Path"
   },
   {
    "name": "/tmp/nvimRtbckh/tmpnt_n8677.v",
    "__class__": "Path"
   },
   {
    "name": "/tmp/nvimRtbckh/tmpnr3rato9.v",
    "__class__": "Path"
   },
   {
    "name": "/tmp/nvimRtbckh/tmpy0q93n32.v",
    "__class__": "Path"
   },
   {
    "name": "/tmp/nvimRtbckh/tmpgaet4_3g.v",
    "__class__": "Path"
   },
   {
    "name": "/tmp/nvimRtbckh/tmppvxwdeuk.v",
    "__class__": "Path"
   },
   {
    "name": "/tmp/nvimRtbckh/tmpdh0earqk.v",
    "__class__": "Path"
   },
   {
    "name": "/tmp/nvimRtbckh/tmpf9vj8zl7.v",
    "__class__": "Path"
   },
   {
    "name": "/tmp/nvim6p7vj0/tmpmtwvrnhm.v",
    "__class__": "Path"
   },
   {
    "name": "/tmp/nvimRtbckh/tmpfuqbphyz.v",
    "__class__": "Path"
   },
   {
    "name": "/tmp/nvimRtbckh/tmpmke192ug.v",
    "__class__": "Path"
   },
   {
    "name": "/tmp/nvimRtbckh/tmprixmn_sx.v",
    "__class__": "Path"
   },
   {
    "name": "/tmp/nvimRtbckh/tmpo45j6hx7.v",
    "__class__": "Path"
   },
   {
    "name": "/tmp/nvimRtbckh/tmpys5d38gb.v",
    "__class__": "Path"
   },
   {
    "name": "/tmp/nvimRtbckh/tmpea54pjrl.v",
    "__class__": "Path"
   },
   {
    "name": "/tmp/nvimRtbckh/tmpnzxkgy0t.v",
    "__class__": "Path"
   },
   {
    "name": "/tmp/nvimRtbckh/tmpk9z4v_9v.v",
    "__class__": "Path"
   },
   {
    "name": "/tmp/nvimRtbckh/tmpq7xs8dck.v",
    "__class__": "Path"
   },
   {
    "name": "/tmp/nvimRtbckh/tmpbor_cm9c.v",
    "__class__": "Path"
   },
   {
    "name": "/tmp/nvim6p7vj0/tmpavu4h0nr.v",
    "__class__": "Path"
   },
   {
    "name": "/tmp/nvim6p7vj0/tmp1kfwopgb.v",
    "__class__": "Path"
   },
   {
    "name": "/tmp/nvimRtbckh/tmpq3fcsegv.v",
    "__class__": "Path"
   },
   {
    "name": "/tmp/nvimRtbckh/tmpy7gl1idd.v",
    "__class__": "Path"
   },
   {
    "name": "/tmp/nvimRtbckh/tmp0mqfuzvk.v",
    "__class__": "Path"
   },
   {
    "name": "/tmp/nvimRtbckh/tmpr_kd4pfh.v",
    "__class__": "Path"
   },
   {
    "name": "/tmp/nvimRtbckh/tmp58x6gi4p.v",
    "__class__": "Path"
   },
   {
    "name": "/tmp/nvimRtbckh/tmpfiub0ic3.v",
    "__class__": "Path"
   },
   {
    "name": "/tmp/nvim6p7vj0/tmput5b7p_s.v",
    "__class__": "Path"
   },
   {
    "name": "/tmp/nvim6p7vj0/tmpax4zvv2t.v",
    "__class__": "Path"
   },
   {
    "name": "/tmp/nvim6p7vj0/tmplo0gnjlw.v",
    "__class__": "Path"
   },
   {
    "name": "/tmp/nvim6p7vj0/tmp9m8ubxol.v",
    "__class__": "Path"
   },
   {
    "name": "/tmp/nvim6p7vj0/tmp8be7r12m.v",
    "__class__": "Path"
   },
   {
    "name": "/tmp/nvimRtbckh/tmp0466rsfj.v",
    "__class__": "Path"
   },
   {
    "name": "/tmp/nvimRtbckh/tmpg1yvn8gg.v",
    "__class__": "Path"
   },
   {
    "name": "/tmp/nvim6p7vj0/tmp6q25hekt.v",
    "__class__": "Path"
   },
   {
    "name": "/tmp/nvimRtbckh/tmpob3dnw88.v",
    "__class__": "Path"
   },
   {
    "name": "/tmp/nvimRtbckh/tmpjenynvjt.v",
    "__class__": "Path"
   },
   {
    "name": "/tmp/nvimRtbckh/tmpbc1j14jq.v",
    "__class__": "Path"
   },
   {
    "name": "/tmp/nvimRtbckh/tmp6gywnb3u.v",
    "__class__": "Path"
   },
   {
    "name": "/tmp/nvimRtbckh/tmpop4hyxqh.v",
    "__class__": "Path"
   },
   {
    "name": "/tmp/nvim6p7vj0/tmplasjub8j.v",
    "__class__": "Path"
   },
   {
    "name": "/tmp/nvimRtbckh/tmpajklqgfn.v",
    "__class__": "Path"
   },
   {
    "name": "/tmp/nvimRtbckh/tmp20arilbm.v",
    "__class__": "Path"
   },
   {
    "name": "/tmp/nvim6p7vj0/tmpzrx5k0in.v",
    "__class__": "Path"
   },
   {
    "name": "/tmp/nvim6p7vj0/tmp869933nf.v",
    "__class__": "Path"
   },
   {
    "name": "/tmp/nvimRtbckh/tmpy290kp3x.v",
    "__class__": "Path"
   },
   {
    "name": "/tmp/nvimRtbckh/tmpxx74sigf.v",
    "__class__": "Path"
   },
   {
    "name": "/tmp/nvimRtbckh/tmpl4c1_ozs.v",
    "__class__": "Path"
   },
   {
    "name": "/tmp/nvimRtbckh/tmp_s_uos6z.v",
    "__class__": "Path"
   },
   {
    "name": "/tmp/nvimRtbckh/tmpuvh5q5kb.v",
    "__class__": "Path"
   },
   {
    "name": "/tmp/nvimRtbckh/tmp2meczxo9.v",
    "__class__": "Path"
   },
   {
    "name": "/tmp/nvimRtbckh/tmpgp1avsdf.v",
    "__class__": "Path"
   },
   {
    "name": "/tmp/nvimRtbckh/tmphvbsa4jc.v",
    "__class__": "Path"
   },
   {
    "name": "/tmp/nvimRtbckh/tmpyaec0dj6.v",
    "__class__": "Path"
   },
   {
    "name": "/tmp/nvimRtbckh/tmpzuhck92p.v",
    "__class__": "Path"
   },
   {
    "name": "/tmp/nvimRtbckh/tmpeuidz8yh.v",
    "__class__": "Path"
   },
   {
    "name": "/tmp/nvimRtbckh/tmpl_98twuj.v",
    "__class__": "Path"
   },
   {
    "name": "/tmp/nvimRtbckh/tmp45l6oi1_.v",
    "__class__": "Path"
   },
   {
    "name": "/tmp/nvimRtbckh/tmpqjz97sjm.v",
    "__class__": "Path"
   },
   {
    "name": "/tmp/nvimRtbckh/tmpz4oy7ul5.v",
    "__class__": "Path"
   },
   {
    "name": "/tmp/nvimRtbckh/tmpmf13ksgx.v",
    "__class__": "Path"
   },
   {
    "name": "/tmp/nvimRtbckh/tmphv39rmhk.v",
    "__class__": "Path"
   },
   {
    "name": "/tmp/nvimRtbckh/tmpi1ba314_.v",
    "__class__": "Path"
   },
   {
    "name": "/tmp/nvimRtbckh/tmp3npwq5eo.v",
    "__class__": "Path"
   },
   {
    "name": "/tmp/nvimRtbckh/tmpj44vhoks.v",
    "__class__": "Path"
   },
   {
    "name": "/tmp/nvimRtbckh/tmp8z3oxvi7.v",
    "__class__": "Path"
   },
   {
    "name": "/tmp/nvimRtbckh/tmp818kbmx3.v",
    "__class__": "Path"
   },
   {
    "name": "/tmp/nvimRtbckh/tmpjhugh2zm.v",
    "__class__": "Path"
   },
   {
    "name": "/tmp/nvimRtbckh/tmpl86gacbu.v",
    "__class__": "Path"
   },
   {
    "name": "/tmp/nvimRtbckh/tmpryxhtlvj.v",
    "__class__": "Path"
   },
   {
    "name": "/tmp/nvimRtbckh/tmph3h4p0gh.v",
    "__class__": "Path"
   },
   {
    "name": "/tmp/nvimRtbckh/tmpnrt_xd0f.v",
    "__class__": "Path"
   },
   {
    "name": "/tmp/nvimRtbckh/tmp2iu69ikt.v",
    "__class__": "Path"
   },
   {
    "name": "/tmp/nvimRtbckh/tmp8kf74ax2.v",
    "__class__": "Path"
   },
   {
    "name": "/tmp/nvimRtbckh/tmpzb11efpm.v",
    "__class__": "Path"
   },
   {
    "name": "/tmp/nvimRtbckh/tmpwwihzqox.v",
    "__class__": "Path"
   },
   {
    "name": "/tmp/nvimRtbckh/tmpt1virz2a.v",
    "__class__": "Path"
   },
   {
    "name": "/tmp/nvimRtbckh/tmpprjt40v9.v",
    "__class__": "Path"
   },
   {
    "name": "/tmp/nvimRtbckh/tmpi87tqvku.v",
    "__class__": "Path"
   },
   {
    "name": "/tmp/nvim6p7vj0/tmpg6jgobt6.v",
    "__class__": "Path"
   },
   {
    "name": "/tmp/nvimRtbckh/tmp4vxm2mdu.v",
    "__class__": "Path"
   },
   {
    "name": "/tmp/nvimRtbckh/tmp6t2901yt.v",
    "__class__": "Path"
   },
   {
    "name": "/tmp/nvimRtbckh/tmp2mzfwx04.v",
    "__class__": "Path"
   },
   {
    "name": "/tmp/nvimRtbckh/tmpfk_eq4g8.v",
    "__class__": "Path"
   },
   {
    "name": "/tmp/nvim6p7vj0/tmphecwjym6.v",
    "__class__": "Path"
   },
   {
    "name": "/tmp/nvim6p7vj0/tmpllttk_ge.v",
    "__class__": "Path"
   },
   {
    "name": "/tmp/nvimRtbckh/tmp1y5djk9c.v",
    "__class__": "Path"
   },
   {
    "name": "/tmp/nvimRtbckh/tmpt8wdyewz.v",
    "__class__": "Path"
   },
   {
    "name": "/tmp/nvimRtbckh/tmp8d_05rk5.v",
    "__class__": "Path"
   },
   {
    "name": "/tmp/nvimRtbckh/tmpr7n94jqb.v",
    "__class__": "Path"
   },
   {
    "name": "/tmp/nvimRtbckh/tmp88skimwb.v",
    "__class__": "Path"
   },
   {
    "name": "/tmp/nvimRtbckh/tmpukvcc0ab.v",
    "__class__": "Path"
   },
   {
    "name": "/tmp/nvimRtbckh/tmppi6mqx6i.v",
    "__class__": "Path"
   },
   {
    "name": "/tmp/nvimRtbckh/tmp85ti2vyy.v",
    "__class__": "Path"
   },
   {
    "name": "/tmp/nvimRtbckh/tmpk11p09ho.v",
    "__class__": "Path"
   },
   {
    "name": "/tmp/nvimRtbckh/tmp7cj14l68.v",
    "__class__": "Path"
   },
   {
    "name": "/tmp/nvimRtbckh/tmpn1k0mm10.v",
    "__class__": "Path"
   },
   {
    "name": "/tmp/nvimRtbckh/tmpzuln2gp1.v",
    "__class__": "Path"
   },
   {
    "name": "/tmp/nvimRtbckh/tmpbo34tzsf.v",
    "__class__": "Path"
   },
   {
    "name": "/tmp/nvimRtbckh/tmp52x4qw89.v",
    "__class__": "Path"
   },
   {
    "name": "/tmp/nvimRtbckh/tmpe27_kfhn.v",
    "__class__": "Path"
   },
   {
    "name": "/tmp/nvimRtbckh/tmp120j3bzl.v",
    "__class__": "Path"
   },
   {
    "name": "/tmp/nvimRtbckh/tmp3ce70i0_.v",
    "__class__": "Path"
   },
   {
    "name": "/tmp/nvimRtbckh/tmpxz7z01n1.v",
    "__class__": "Path"
   },
   {
    "name": "/tmp/nvimRtbckh/tmp8ig1osr4.v",
    "__class__": "Path"
   },
   {
    "name": "/tmp/nvimRtbckh/tmpzkpz2cnu.v",
    "__class__": "Path"
   },
   {
    "name": "/tmp/nvimRtbckh/tmpucpgyzpo.v",
    "__class__": "Path"
   },
   {
    "name": "/tmp/nvimRtbckh/tmp_37hizf_.v",
    "__class__": "Path"
   },
   {
    "name": "/tmp/nvimRtbckh/tmpttiuijbp.v",
    "__class__": "Path"
   },
   {
    "name": "/tmp/nvim6p7vj0/tmp2p0r1za2.v",
    "__class__": "Path"
   },
   {
    "name": "/tmp/nvimRtbckh/tmpag9_c80r.v",
    "__class__": "Path"
   },
   {
    "name": "/tmp/nvimRtbckh/tmpbzap5rze.v",
    "__class__": "Path"
   },
   {
    "name": "/tmp/nvimRtbckh/tmpak0yg7o3.v",
    "__class__": "Path"
   },
   {
    "name": "/tmp/nvimRtbckh/tmpde0ofb_x.v",
    "__class__": "Path"
   },
   {
    "name": "/tmp/nvimRtbckh/tmpyfj0l16n.v",
    "__class__": "Path"
   },
   {
    "name": "/tmp/nvimRtbckh/tmpy7wm4fu5.v",
    "__class__": "Path"
   },
   {
    "name": "/tmp/nvimRtbckh/tmpvbuv23kz.v",
    "__class__": "Path"
   },
   {
    "name": "/tmp/nvimRtbckh/tmpxi7v0tet.v",
    "__class__": "Path"
   },
   {
    "name": "/tmp/nvimRtbckh/tmp2_pcb40g.v",
    "__class__": "Path"
   },
   {
    "name": "/tmp/nvimRtbckh/tmpn5seixu7.v",
    "__class__": "Path"
   },
   {
    "name": "/tmp/nvimRtbckh/tmpu2l76uxp.v",
    "__class__": "Path"
   },
   {
    "name": "/tmp/nvimRtbckh/tmpfrtalw4z.v",
    "__class__": "Path"
   },
   {
    "name": "/tmp/nvimRtbckh/tmpp95q62ag.v",
    "__class__": "Path"
   },
   {
    "name": "/tmp/nvimRtbckh/tmp_vzjtj3v.v",
    "__class__": "Path"
   },
   {
    "name": "/tmp/nvimRtbckh/tmp9ox2pzzt.v",
    "__class__": "Path"
   },
   {
    "name": "/tmp/nvimRtbckh/tmpiag3eivq.v",
    "__class__": "Path"
   },
   {
    "name": "/tmp/nvimRtbckh/tmppggzl2jc.v",
    "__class__": "Path"
   },
   {
    "name": "/tmp/nvimRtbckh/tmprmuasa5d.v",
    "__class__": "Path"
   },
   {
    "name": "/tmp/nvimRtbckh/tmpxue1sua1.v",
    "__class__": "Path"
   },
   {
    "name": "/tmp/nvimRtbckh/tmpbzu_ojlm.v",
    "__class__": "Path"
   },
   {
    "name": "/tmp/nvimRtbckh/tmpvfwnhki7.v",
    "__class__": "Path"
   },
   {
    "name": "/tmp/nvimRtbckh/tmpd8exut8x.v",
    "__class__": "Path"
   },
   {
    "name": "/tmp/nvim6p7vj0/tmpj7uwnmfz.v",
    "__class__": "Path"
   },
   {
    "name": "/tmp/nvimRtbckh/tmpuhn_3xqr.v",
    "__class__": "Path"
   }
  ],
  "design_units": [
   {
    "owner": {
     "name": "/home/zww/Documents/College/2022SP/HDL/HdlMicroProcessor/HdlMicroProcessor.srcs/sim/pipeline/id_ex/id_ex.v",
     "__class__": "Path"
    },
    "type_": "entity",
    "name": {
     "name": "id_ex",
     "case_sensitive": true,
     "__class__": "VerilogIdentifier"
    },
    "locations": [
     [
      7,
      7
     ]
    ],
    "__class__": "VerilogDesignUnit"
   },
   {
    "owner": {
     "name": "/home/zww/Documents/College/2022SP/HDL/HdlMicroProcessor/HdlMicroProcessor.srcs/sim/pipeline/ex_mem/ex_mem.v",
     "__class__": "Path"
    },
    "type_": "entity",
    "name": {
     "name": "ex_mem",
     "case_sensitive": true,
     "__class__": "VerilogIdentifier"
    },
    "locations": [
     [
      7,
      7
     ]
    ],
    "__class__": "VerilogDesignUnit"
   }
  ],
  "__class__": "Database"
 },
 "__version__": "0.7.4"
}