{
 "builder": {
  "_version": "<undefined>",
  "_logger": "hdl_checker.builders.fallback",
  "_work_folder": "/home/zww/Documents/College/2022SP/HDL/HdlMicroProcessor/HdlMicroProcessor.srcs/sim/pipeline/stages/execute/.hdl_checker",
  "_builtin_libraries": [],
  "_added_libraries": [
   {
    "name": "not_in_project",
    "case_sensitive": true,
    "__class__": "Identifier"
   },
   {
    "name": "default_library",
    "case_sensitive": false,
    "__class__": "Identifier"
   }
  ],
  "__class__": "Fallback"
 },
 "config_file": [
  {
   "name": "/tmp/hdl_checker_project_pid27614.json",
   "__class__": "Path"
  },
  1645068490.9575942,
  "generated"
 ],
 "database": {
  "sources": [
   {
    "path": {
     "name": "/home/zww/Documents/College/2022SP/HDL/HdlMicroProcessor/HdlMicroProcessor.srcs/sim/pipeline/stages/execute/execute.v",
     "__class__": "Path"
    },
    "mtime": 1645132584.2111602,
    "flags": {
     "source_specific": [],
     "single": [],
     "dependencies": []
    },
    "dependencies": [],
    "diags": []
   }
  ],
  "inferred_libraries": [
   {
    "name": "/tmp/nvimNJUAfG/tmpemxmiuqp.v",
    "__class__": "Path"
   },
   {
    "name": "/tmp/nvimNJUAfG/tmpdsb54i1m.v",
    "__class__": "Path"
   },
   {
    "name": "/tmp/nvimNJUAfG/tmp4rpw01mp.v",
    "__class__": "Path"
   },
   {
    "name": "/tmp/nvimNJUAfG/tmp6l_s0ut6.v",
    "__class__": "Path"
   },
   {
    "name": "/tmp/nvimNJUAfG/tmp91j_w4ms.v",
    "__class__": "Path"
   },
   {
    "name": "/tmp/nvimNJUAfG/tmpkvuz9egs.v",
    "__class__": "Path"
   },
   {
    "name": "/tmp/nvimNJUAfG/tmp_r3hyaa8.v",
    "__class__": "Path"
   },
   {
    "name": "/tmp/nvimNJUAfG/tmpm5n4o7t0.v",
    "__class__": "Path"
   },
   {
    "name": "/tmp/nvimNJUAfG/tmpn7o9q3f5.v",
    "__class__": "Path"
   },
   {
    "name": "/tmp/nvimNJUAfG/tmp4jxwlqku.v",
    "__class__": "Path"
   },
   {
    "name": "/tmp/nvimNJUAfG/tmpbzqk_r33.v",
    "__class__": "Path"
   },
   {
    "name": "/tmp/nvimNJUAfG/tmpqfdt6h7o.v",
    "__class__": "Path"
   },
   {
    "name": "/tmp/nvimNJUAfG/tmp9jhf4yic.v",
    "__class__": "Path"
   },
   {
    "name": "/tmp/nvimNJUAfG/tmp9i_bemhk.v",
    "__class__": "Path"
   },
   {
    "name": "/tmp/nvimNJUAfG/tmpmd5dbs_1.v",
    "__class__": "Path"
   },
   {
    "name": "/tmp/nvimNJUAfG/tmpdvh2lg1j.v",
    "__class__": "Path"
   },
   {
    "name": "/tmp/nvimNJUAfG/tmp4mrpg7s1.v",
    "__class__": "Path"
   },
   {
    "name": "/tmp/nvimNJUAfG/tmpr3n3xbuc.v",
    "__class__": "Path"
   },
   {
    "name": "/tmp/nvimNJUAfG/tmp4uxfw6eu.v",
    "__class__": "Path"
   },
   {
    "name": "/tmp/nvimNJUAfG/tmpsohact0_.v",
    "__class__": "Path"
   },
   {
    "name": "/tmp/nvimNJUAfG/tmpzlr1vls0.v",
    "__class__": "Path"
   },
   {
    "name": "/tmp/nvimNJUAfG/tmpyaw7x7_c.v",
    "__class__": "Path"
   },
   {
    "name": "/tmp/nvimNJUAfG/tmpauxbm7xn.v",
    "__class__": "Path"
   },
   {
    "name": "/tmp/nvimNJUAfG/tmpccnftfnv.v",
    "__class__": "Path"
   },
   {
    "name": "/tmp/nvimNJUAfG/tmp4rhtzfeo.v",
    "__class__": "Path"
   },
   {
    "name": "/tmp/nvimNJUAfG/tmp9q_6qf9f.v",
    "__class__": "Path"
   },
   {
    "name": "/tmp/nvimNJUAfG/tmp6dsow8_d.v",
    "__class__": "Path"
   },
   {
    "name": "/tmp/nvimNJUAfG/tmpvpt3zkng.v",
    "__class__": "Path"
   },
   {
    "name": "/tmp/nvimNJUAfG/tmp5g_1pec3.v",
    "__class__": "Path"
   },
   {
    "name": "/tmp/nvimNJUAfG/tmp7_3r6hcb.v",
    "__class__": "Path"
   },
   {
    "name": "/tmp/nvimNJUAfG/tmph1rjzrwa.v",
    "__class__": "Path"
   },
   {
    "name": "/tmp/nvimNJUAfG/tmps_fgyrog.v",
    "__class__": "Path"
   },
   {
    "name": "/tmp/nvimNJUAfG/tmp_zbfm0dh.v",
    "__class__": "Path"
   },
   {
    "name": "/tmp/nvimNJUAfG/tmplia3hm9l.v",
    "__class__": "Path"
   },
   {
    "name": "/tmp/nvimNJUAfG/tmprujnglkb.v",
    "__class__": "Path"
   },
   {
    "name": "/tmp/nvimNJUAfG/tmpd3a_rl33.v",
    "__class__": "Path"
   },
   {
    "name": "/tmp/nvimNJUAfG/tmpjae7msis.v",
    "__class__": "Path"
   },
   {
    "name": "/tmp/nvimNJUAfG/tmp6w7ehh0u.v",
    "__class__": "Path"
   },
   {
    "name": "/tmp/nvimNJUAfG/tmptl61vds2.v",
    "__class__": "Path"
   },
   {
    "name": "/tmp/nvimNJUAfG/tmp7_kinc76.v",
    "__class__": "Path"
   },
   {
    "name": "/tmp/nvimNJUAfG/tmp7u5gpdkm.v",
    "__class__": "Path"
   },
   {
    "name": "/tmp/nvimNJUAfG/tmpiyxvxurd.v",
    "__class__": "Path"
   },
   {
    "name": "/tmp/nvimNJUAfG/tmpatm0qjpf.v",
    "__class__": "Path"
   },
   {
    "name": "/tmp/nvimNJUAfG/tmpyowfgteo.v",
    "__class__": "Path"
   },
   {
    "name": "/tmp/nvimNJUAfG/tmppj6to_o2.v",
    "__class__": "Path"
   },
   {
    "name": "/tmp/nvimNJUAfG/tmpedhxdy8u.v",
    "__class__": "Path"
   },
   {
    "name": "/tmp/nvimNJUAfG/tmpfabm4r8e.v",
    "__class__": "Path"
   },
   {
    "name": "/tmp/nvimNJUAfG/tmpy4spps9w.v",
    "__class__": "Path"
   },
   {
    "name": "/tmp/nvimNJUAfG/tmpky6n7um3.v",
    "__class__": "Path"
   },
   {
    "name": "/tmp/nvimNJUAfG/tmpibj3mws3.v",
    "__class__": "Path"
   },
   {
    "name": "/tmp/nvimNJUAfG/tmp7t1zmk9f.v",
    "__class__": "Path"
   },
   {
    "name": "/tmp/nvimNJUAfG/tmpxs1qdulx.v",
    "__class__": "Path"
   },
   {
    "name": "/tmp/nvimNJUAfG/tmpm571_23m.v",
    "__class__": "Path"
   },
   {
    "name": "/tmp/nvimNJUAfG/tmpsqpejl3b.v",
    "__class__": "Path"
   },
   {
    "name": "/tmp/nvimNJUAfG/tmpew192l0g.v",
    "__class__": "Path"
   },
   {
    "name": "/tmp/nvimNJUAfG/tmp7iar6gfi.v",
    "__class__": "Path"
   },
   {
    "name": "/tmp/nvimNJUAfG/tmp1vglo9fv.v",
    "__class__": "Path"
   },
   {
    "name": "/tmp/nvimNJUAfG/tmp3s230vtl.v",
    "__class__": "Path"
   },
   {
    "name": "/tmp/nvimNJUAfG/tmpia7ic1aq.v",
    "__class__": "Path"
   },
   {
    "name": "/tmp/nvimNJUAfG/tmpaahhiudw.v",
    "__class__": "Path"
   },
   {
    "name": "/tmp/nvimNJUAfG/tmpnwqotsi0.v",
    "__class__": "Path"
   },
   {
    "name": "/tmp/nvimNJUAfG/tmplwyyd_04.v",
    "__class__": "Path"
   },
   {
    "name": "/tmp/nvimNJUAfG/tmp15rnb8uz.v",
    "__class__": "Path"
   },
   {
    "name": "/tmp/nvimNJUAfG/tmpl6udjuqj.v",
    "__class__": "Path"
   },
   {
    "name": "/tmp/nvimNJUAfG/tmpwgfoptf6.v",
    "__class__": "Path"
   },
   {
    "name": "/tmp/nvimNJUAfG/tmpk2_7z9so.v",
    "__class__": "Path"
   },
   {
    "name": "/tmp/nvimNJUAfG/tmptxit72s3.v",
    "__class__": "Path"
   },
   {
    "name": "/tmp/nvimNJUAfG/tmpah8i4ycp.v",
    "__class__": "Path"
   },
   {
    "name": "/tmp/nvimNJUAfG/tmpo52jlxx7.v",
    "__class__": "Path"
   },
   {
    "name": "/tmp/nvimNJUAfG/tmpc9hxs8ak.v",
    "__class__": "Path"
   },
   {
    "name": "/tmp/nvimNJUAfG/tmpfzbkpxt8.v",
    "__class__": "Path"
   },
   {
    "name": "/tmp/nvimNJUAfG/tmp3br0ur5l.v",
    "__class__": "Path"
   },
   {
    "name": "/tmp/nvimNJUAfG/tmp70seia17.v",
    "__class__": "Path"
   },
   {
    "name": "/tmp/nvimNJUAfG/tmp5950khpw.v",
    "__class__": "Path"
   },
   {
    "name": "/tmp/nvimNJUAfG/tmpvuz8axnr.v",
    "__class__": "Path"
   },
   {
    "name": "/tmp/nvimNJUAfG/tmpv6k6t34v.v",
    "__class__": "Path"
   },
   {
    "name": "/tmp/nvimNJUAfG/tmpm1bgnc3b.v",
    "__class__": "Path"
   },
   {
    "name": "/tmp/nvimNJUAfG/tmpke4taske.v",
    "__class__": "Path"
   },
   {
    "name": "/tmp/nvimNJUAfG/tmpqz0we294.v",
    "__class__": "Path"
   },
   {
    "name": "/tmp/nvimNJUAfG/tmpfmy98fhs.v",
    "__class__": "Path"
   },
   {
    "name": "/tmp/nvimNJUAfG/tmpgrjpcwn_.v",
    "__class__": "Path"
   },
   {
    "name": "/tmp/nvimNJUAfG/tmp4vwgvbh0.v",
    "__class__": "Path"
   },
   {
    "name": "/tmp/nvimNJUAfG/tmp42f33q1z.v",
    "__class__": "Path"
   },
   {
    "name": "/tmp/nvimNJUAfG/tmpd8nayljh.v",
    "__class__": "Path"
   },
   {
    "name": "/tmp/nvimNJUAfG/tmpi33h298w.v",
    "__class__": "Path"
   },
   {
    "name": "/tmp/nvimNJUAfG/tmphjwqq7xi.v",
    "__class__": "Path"
   },
   {
    "name": "/tmp/nvimNJUAfG/tmpbbv55nn9.v",
    "__class__": "Path"
   },
   {
    "name": "/tmp/nvimNJUAfG/tmpze0e8ui5.v",
    "__class__": "Path"
   },
   {
    "name": "/tmp/nvimNJUAfG/tmpqo8crhtl.v",
    "__class__": "Path"
   },
   {
    "name": "/tmp/nvimNJUAfG/tmpy8hltytg.v",
    "__class__": "Path"
   },
   {
    "name": "/tmp/nvimNJUAfG/tmp0b5z5y9z.v",
    "__class__": "Path"
   },
   {
    "name": "/tmp/nvimNJUAfG/tmpk0axid_g.v",
    "__class__": "Path"
   },
   {
    "name": "/tmp/nvimNJUAfG/tmpw2wi58eb.v",
    "__class__": "Path"
   },
   {
    "name": "/tmp/nvimNJUAfG/tmpmf3hpjci.v",
    "__class__": "Path"
   },
   {
    "name": "/tmp/nvimNJUAfG/tmpz3kz4wf7.v",
    "__class__": "Path"
   },
   {
    "name": "/tmp/nvimNJUAfG/tmp4bye9k5q.v",
    "__class__": "Path"
   },
   {
    "name": "/tmp/nvimNJUAfG/tmp7mveep8h.v",
    "__class__": "Path"
   },
   {
    "name": "/tmp/nvimNJUAfG/tmpmh879eop.v",
    "__class__": "Path"
   },
   {
    "name": "/tmp/nvimNJUAfG/tmpvmwjp917.v",
    "__class__": "Path"
   },
   {
    "name": "/tmp/nvimNJUAfG/tmplldt683o.v",
    "__class__": "Path"
   },
   {
    "name": "/tmp/nvimNJUAfG/tmpezj9o4q6.v",
    "__class__": "Path"
   },
   {
    "name": "/tmp/nvimNJUAfG/tmpvw4iu59r.v",
    "__class__": "Path"
   },
   {
    "name": "/tmp/nvimNJUAfG/tmpbfozxtbw.v",
    "__class__": "Path"
   },
   {
    "name": "/tmp/nvimNJUAfG/tmpzq5kursu.v",
    "__class__": "Path"
   },
   {
    "name": "/tmp/nvimNJUAfG/tmpi9kyp5y9.v",
    "__class__": "Path"
   },
   {
    "name": "/tmp/nvimNJUAfG/tmpnlk907kw.v",
    "__class__": "Path"
   },
   {
    "name": "/tmp/nvimNJUAfG/tmpg_chb3la.v",
    "__class__": "Path"
   },
   {
    "name": "/tmp/nvimNJUAfG/tmpvfmbjk1w.v",
    "__class__": "Path"
   },
   {
    "name": "/tmp/nvimNJUAfG/tmpg188h4bd.v",
    "__class__": "Path"
   },
   {
    "name": "/tmp/nvimNJUAfG/tmph60wvb4u.v",
    "__class__": "Path"
   },
   {
    "name": "/tmp/nvimNJUAfG/tmprsyg0fsy.v",
    "__class__": "Path"
   },
   {
    "name": "/tmp/nvimNJUAfG/tmpecl1w6u3.v",
    "__class__": "Path"
   },
   {
    "name": "/tmp/nvimNJUAfG/tmpsox4ei7z.v",
    "__class__": "Path"
   },
   {
    "name": "/tmp/nvimNJUAfG/tmpc6vawok9.v",
    "__class__": "Path"
   },
   {
    "name": "/tmp/nvimNJUAfG/tmpcshky9rj.v",
    "__class__": "Path"
   },
   {
    "name": "/tmp/nvimNJUAfG/tmpl9bf2vse.v",
    "__class__": "Path"
   },
   {
    "name": "/tmp/nvimNJUAfG/tmp317406l2.v",
    "__class__": "Path"
   },
   {
    "name": "/tmp/nvimNJUAfG/tmpih05has4.v",
    "__class__": "Path"
   },
   {
    "name": "/tmp/nvimNJUAfG/tmp903ml60_.v",
    "__class__": "Path"
   },
   {
    "name": "/tmp/nvimNJUAfG/tmp_sd3pxsi.v",
    "__class__": "Path"
   },
   {
    "name": "/tmp/nvimNJUAfG/tmpvhl4k968.v",
    "__class__": "Path"
   },
   {
    "name": "/tmp/nvimNJUAfG/tmp8hbpt5ef.v",
    "__class__": "Path"
   },
   {
    "name": "/tmp/nvimNJUAfG/tmpei8pa641.v",
    "__class__": "Path"
   },
   {
    "name": "/tmp/nvimNJUAfG/tmp3s1roas7.v",
    "__class__": "Path"
   },
   {
    "name": "/tmp/nvimNJUAfG/tmp79qw9o3l.v",
    "__class__": "Path"
   },
   {
    "name": "/tmp/nvimNJUAfG/tmpl7j78ot8.v",
    "__class__": "Path"
   },
   {
    "name": "/tmp/nvimNJUAfG/tmpamemgy8n.v",
    "__class__": "Path"
   },
   {
    "name": "/tmp/nvimNJUAfG/tmp80wa2uh4.v",
    "__class__": "Path"
   },
   {
    "name": "/tmp/nvimNJUAfG/tmpbo_jrwg1.v",
    "__class__": "Path"
   },
   {
    "name": "/tmp/nvimNJUAfG/tmpr6840_9k.v",
    "__class__": "Path"
   },
   {
    "name": "/tmp/nvimNJUAfG/tmp122x5cyf.v",
    "__class__": "Path"
   },
   {
    "name": "/tmp/nvimNJUAfG/tmpmp1pld9o.v",
    "__class__": "Path"
   },
   {
    "name": "/tmp/nvimNJUAfG/tmpd7s4madt.v",
    "__class__": "Path"
   },
   {
    "name": "/tmp/nvimNJUAfG/tmp22otiu8i.v",
    "__class__": "Path"
   },
   {
    "name": "/tmp/nvimNJUAfG/tmp_j4ymic5.v",
    "__class__": "Path"
   },
   {
    "name": "/tmp/nvimNJUAfG/tmph5kbd94w.v",
    "__class__": "Path"
   },
   {
    "name": "/tmp/nvimNJUAfG/tmpt6is9sgs.v",
    "__class__": "Path"
   },
   {
    "name": "/tmp/nvimNJUAfG/tmp8mcucmk2.v",
    "__class__": "Path"
   },
   {
    "name": "/tmp/nvimNJUAfG/tmpz5tyt4yq.v",
    "__class__": "Path"
   },
   {
    "name": "/tmp/nvimNJUAfG/tmp5spx7psk.v",
    "__class__": "Path"
   },
   {
    "name": "/tmp/nvimNJUAfG/tmp5sa7d_re.v",
    "__class__": "Path"
   },
   {
    "name": "/tmp/nvimNJUAfG/tmpxgv9daag.v",
    "__class__": "Path"
   },
   {
    "name": "/tmp/nvimNJUAfG/tmpheexk5lu.v",
    "__class__": "Path"
   },
   {
    "name": "/tmp/nvimNJUAfG/tmp6x69b0er.v",
    "__class__": "Path"
   },
   {
    "name": "/tmp/nvimNJUAfG/tmpthxya8mp.v",
    "__class__": "Path"
   },
   {
    "name": "/tmp/nvimNJUAfG/tmpnlud_q51.v",
    "__class__": "Path"
   },
   {
    "name": "/tmp/nvimNJUAfG/tmp9c1xap8x.v",
    "__class__": "Path"
   },
   {
    "name": "/tmp/nvimNJUAfG/tmprtrhpfgp.v",
    "__class__": "Path"
   },
   {
    "name": "/tmp/nvimNJUAfG/tmpd93nt9ox.v",
    "__class__": "Path"
   },
   {
    "name": "/tmp/nvimNJUAfG/tmpardei92f.v",
    "__class__": "Path"
   },
   {
    "name": "/tmp/nvimNJUAfG/tmp0h4avv7q.v",
    "__class__": "Path"
   },
   {
    "name": "/tmp/nvimNJUAfG/tmpub89tbpr.v",
    "__class__": "Path"
   },
   {
    "name": "/tmp/nvimNJUAfG/tmp4z_q70io.v",
    "__class__": "Path"
   },
   {
    "name": "/tmp/nvimNJUAfG/tmp3sxzhp3y.v",
    "__class__": "Path"
   },
   {
    "name": "/tmp/nvimNJUAfG/tmpwhbd4ovs.v",
    "__class__": "Path"
   },
   {
    "name": "/tmp/nvimNJUAfG/tmpnbb2cu9g.v",
    "__class__": "Path"
   },
   {
    "name": "/tmp/nvimNJUAfG/tmpu2ly7hck.v",
    "__class__": "Path"
   },
   {
    "name": "/tmp/nvimNJUAfG/tmptqc8wgzf.v",
    "__class__": "Path"
   },
   {
    "name": "/tmp/nvimNJUAfG/tmpd8a98bo2.v",
    "__class__": "Path"
   },
   {
    "name": "/tmp/nvimNJUAfG/tmp8026jsbe.v",
    "__class__": "Path"
   },
   {
    "name": "/tmp/nvimNJUAfG/tmpl___sqy0.v",
    "__class__": "Path"
   },
   {
    "name": "/tmp/nvimNJUAfG/tmp0d6_sxy1.v",
    "__class__": "Path"
   },
   {
    "name": "/tmp/nvimNJUAfG/tmp5f_syz7c.v",
    "__class__": "Path"
   },
   {
    "name": "/tmp/nvimNJUAfG/tmpggk6w4ll.v",
    "__class__": "Path"
   },
   {
    "name": "/tmp/nvimNJUAfG/tmpexqsvu7j.v",
    "__class__": "Path"
   },
   {
    "name": "/tmp/nvimNJUAfG/tmpluym3xzq.v",
    "__class__": "Path"
   },
   {
    "name": "/tmp/nvimNJUAfG/tmpikujk3kq.v",
    "__class__": "Path"
   },
   {
    "name": "/tmp/nvimNJUAfG/tmp9yjvxf57.v",
    "__class__": "Path"
   },
   {
    "name": "/tmp/nvimNJUAfG/tmp4igyn4rd.v",
    "__class__": "Path"
   },
   {
    "name": "/tmp/nvimNJUAfG/tmp9lal35v9.v",
    "__class__": "Path"
   },
   {
    "name": "/tmp/nvimNJUAfG/tmp5r5fyrll.v",
    "__class__": "Path"
   },
   {
    "name": "/tmp/nvimNJUAfG/tmpexk4orpc.v",
    "__class__": "Path"
   },
   {
    "name": "/tmp/nvimNJUAfG/tmpa09bed0d.v",
    "__class__": "Path"
   },
   {
    "name": "/tmp/nvimNJUAfG/tmpx13ps5ls.v",
    "__class__": "Path"
   },
   {
    "name": "/home/zww/Documents/College/2022SP/HDL/HdlMicroProcessor/HdlMicroProcessor.srcs/sim/pipeline/stages/execute/execute.v",
    "__class__": "Path"
   },
   {
    "name": "/tmp/nvimNJUAfG/tmpwz8f92xd.v",
    "__class__": "Path"
   },
   {
    "name": "/tmp/nvimNJUAfG/tmpvi2lw2_n.v",
    "__class__": "Path"
   },
   {
    "name": "/tmp/nvimNJUAfG/tmpjz846txp.v",
    "__class__": "Path"
   },
   {
    "name": "/tmp/nvimNJUAfG/tmp6jbh4bwo.v",
    "__class__": "Path"
   },
   {
    "name": "/tmp/nvimNJUAfG/tmp_wik_q52.v",
    "__class__": "Path"
   },
   {
    "name": "/tmp/nvimNJUAfG/tmpucke3tl7.v",
    "__class__": "Path"
   },
   {
    "name": "/tmp/nvimNJUAfG/tmpxyegmys3.v",
    "__class__": "Path"
   },
   {
    "name": "/tmp/nvimNJUAfG/tmp2iv3hnsy.v",
    "__class__": "Path"
   },
   {
    "name": "/tmp/nvimNJUAfG/tmpgps8a19y.v",
    "__class__": "Path"
   },
   {
    "name": "/tmp/nvimNJUAfG/tmpgybruc7_.v",
    "__class__": "Path"
   },
   {
    "name": "/tmp/nvimNJUAfG/tmpwubbbtj_.v",
    "__class__": "Path"
   },
   {
    "name": "/tmp/nvimNJUAfG/tmpbs45s6io.v",
    "__class__": "Path"
   },
   {
    "name": "/tmp/nvimNJUAfG/tmpejz2mzp2.v",
    "__class__": "Path"
   },
   {
    "name": "/tmp/nvimNJUAfG/tmp_rq_osnq.v",
    "__class__": "Path"
   },
   {
    "name": "/tmp/nvimNJUAfG/tmpbjqm3ok1.v",
    "__class__": "Path"
   },
   {
    "name": "/tmp/nvimNJUAfG/tmp2znw5xaf.v",
    "__class__": "Path"
   },
   {
    "name": "/tmp/nvimNJUAfG/tmpi3fjisee.v",
    "__class__": "Path"
   },
   {
    "name": "/tmp/nvimNJUAfG/tmp6rux1kcw.v",
    "__class__": "Path"
   },
   {
    "name": "/tmp/nvimNJUAfG/tmpuvsjl3l3.v",
    "__class__": "Path"
   },
   {
    "name": "/tmp/nvimNJUAfG/tmpuyqq_458.v",
    "__class__": "Path"
   },
   {
    "name": "/tmp/nvimNJUAfG/tmpj4hgy0le.v",
    "__class__": "Path"
   },
   {
    "name": "/tmp/nvimNJUAfG/tmpr1swy9jg.v",
    "__class__": "Path"
   },
   {
    "name": "/tmp/nvimNJUAfG/tmpawas3mfs.v",
    "__class__": "Path"
   },
   {
    "name": "/tmp/nvimNJUAfG/tmpmrn2q4aj.v",
    "__class__": "Path"
   },
   {
    "name": "/tmp/nvimNJUAfG/tmp2xniev1t.v",
    "__class__": "Path"
   },
   {
    "name": "/tmp/nvimNJUAfG/tmpvmjc3sw_.v",
    "__class__": "Path"
   },
   {
    "name": "/tmp/nvimNJUAfG/tmp5dquqjgc.v",
    "__class__": "Path"
   },
   {
    "name": "/tmp/nvimNJUAfG/tmpf0yv6u25.v",
    "__class__": "Path"
   },
   {
    "name": "/tmp/nvimNJUAfG/tmpcjh3fwy1.v",
    "__class__": "Path"
   },
   {
    "name": "/tmp/nvimNJUAfG/tmpe5ky6chp.v",
    "__class__": "Path"
   },
   {
    "name": "/tmp/nvimNJUAfG/tmp95besv0t.v",
    "__class__": "Path"
   },
   {
    "name": "/tmp/nvimNJUAfG/tmpzmlj1c1g.v",
    "__class__": "Path"
   },
   {
    "name": "/tmp/nvimNJUAfG/tmp9qu7rx2_.v",
    "__class__": "Path"
   },
   {
    "name": "/tmp/nvimNJUAfG/tmpu4xecnha.v",
    "__class__": "Path"
   },
   {
    "name": "/tmp/nvimNJUAfG/tmpvea_l169.v",
    "__class__": "Path"
   },
   {
    "name": "/tmp/nvimNJUAfG/tmpenmfqdxl.v",
    "__class__": "Path"
   },
   {
    "name": "/tmp/nvimNJUAfG/tmp8ds3o963.v",
    "__class__": "Path"
   },
   {
    "name": "/tmp/nvimNJUAfG/tmptaoai3j5.v",
    "__class__": "Path"
   },
   {
    "name": "/tmp/nvimNJUAfG/tmpmp12n78c.v",
    "__class__": "Path"
   },
   {
    "name": "/tmp/nvimNJUAfG/tmpubwkg15r.v",
    "__class__": "Path"
   },
   {
    "name": "/tmp/nvimNJUAfG/tmp8_dev33c.v",
    "__class__": "Path"
   },
   {
    "name": "/tmp/nvimNJUAfG/tmpd1sfxgkf.v",
    "__class__": "Path"
   },
   {
    "name": "/tmp/nvimNJUAfG/tmp229yt87y.v",
    "__class__": "Path"
   },
   {
    "name": "/tmp/nvimNJUAfG/tmpsnuoxa7x.v",
    "__class__": "Path"
   },
   {
    "name": "/tmp/nvimNJUAfG/tmpdsz16prq.v",
    "__class__": "Path"
   },
   {
    "name": "/tmp/nvimNJUAfG/tmpi9dpatng.v",
    "__class__": "Path"
   },
   {
    "name": "/tmp/nvimNJUAfG/tmp2b9cjg20.v",
    "__class__": "Path"
   }
  ],
  "design_units": [
   {
    "owner": {
     "name": "/home/zww/Documents/College/2022SP/HDL/HdlMicroProcessor/HdlMicroProcessor.srcs/sim/pipeline/stages/execute/execute.v",
     "__class__": "Path"
    },
    "type_": "entity",
    "name": {
     "name": "execute",
     "case_sensitive": true,
     "__class__": "VerilogIdentifier"
    },
    "locations": [
     [
      8,
      7
     ]
    ],
    "__class__": "VerilogDesignUnit"
   },
   {
    "owner": {
     "name": "/home/zww/Documents/College/2022SP/HDL/HdlMicroProcessor/HdlMicroProcessor.srcs/sim/pipeline/stages/decode/decode.v",
     "__class__": "Path"
    },
    "type_": "entity",
    "name": {
     "name": "decode",
     "case_sensitive": true,
     "__class__": "VerilogIdentifier"
    },
    "locations": [
     [
      8,
      7
     ]
    ],
    "__class__": "VerilogDesignUnit"
   }
  ],
  "__class__": "Database"
 },
 "__version__": "0.7.4"
}